{
  "type": "FeatureCollection",
  "features": [
    {
      "type": "Feature",
      "id": 1,
      "bbox": [113.22442627047188, -35.01142937457353, 150.77283548684426, -9.232500076293945],
      "properties": {
        "gid": 1,
        "geometry": "MultiPolygon",
        "fillColor": "#00b96b",

        "labelShow": true,
        "labelText": "热带草原气候",
        "labelPosition": [132.60367329095445, -17.469850570202965],
        "labelFillColor": "#fff",
        "labelOutlineColor": "#000",
        "labelOutlineWidth": 2,
        "labelFontSize": 16
      },
      "geometry": {
        "type": "MultiPolygon",
        "coordinates": [
          [
            [
              [113.22442627047188, -26.23916625865366],
              [113.28108978326192, -26.399444585685238],
              [113.44664001783784, -26.555557257929046],
              [113.49838257037858, -26.59632111376041],
              [113.53553772616591, -26.633331309007502],
              [113.58582305796116, -26.690834040890845],
              [113.68775939262837, -26.815834042427234],
              [113.78720093673898, -26.950553891339172],
              [113.79914856170171, -26.967498774839825],
              [113.93692015591397, -27.19888687924007],
              [114.02720642273592, -27.363887795109278],
              [114.07276916569354, -27.451110831534585],
              [114.09332274923824, -27.505558010446038],
              [114.1213684025713, -27.60333251869091],
              [114.1352691561148, -27.662498478768413],
              [114.14096069389966, -27.70722007810308],
              [114.12525940835265, -27.73569297701982],
              [114.10748290040799, -27.777225485857098],
              [114.09651183973563, -27.820001592648023],
              [114.0947036716951, -27.85152816139473],
              [114.1166534497707, -27.947776786642514],
              [114.14582824327752, -28.06916808813486],
              [114.15428924131925, -28.090972905670224],
              [114.19719696110602, -28.15055464692894],
              [114.21012878639617, -28.16624831713279],
              [114.23165893423125, -28.188888546089885],
              [114.26152039164187, -28.208263406954828],
              [114.30747985672893, -28.229928975457327],
              [114.5027770909356, -28.488052376821173],
              [114.51416016650532, -28.50583647941513],
              [114.52998352517535, -28.531944276241475],
              [114.58414459067792, -28.633056643195548],
              [114.59192658154676, -28.681110389732048],
              [114.59650420984416, -28.72527693815877],
              [114.5922088665902, -28.767780299779066],
              [114.5916595478835, -28.79750060432103],
              [114.59664917038438, -28.828332893820793],
              [114.61927795563288, -28.871110925141373],
              [114.65602111721671, -28.91888619430601],
              [114.69109343526321, -28.944164270524126],
              [114.7199936004575, -28.968055733471886],
              [114.83485412437781, -29.096529014384892],
              [114.88734436703692, -29.205833441881637],
              [114.93243471472819, -29.34600116130957],
              [114.93247158221759, -29.346004122326406],
              [115.58681049708224, -29.515493800073795],
              [116.20074334057273, -29.9241275159511],
              [116.58974981671504, -30.65471506858051],
              [116.97932987086504, -31.236708542708975],
              [117.30427003108763, -31.608193738960747],
              [117.69565017403741, -32.04159313458824],
              [118.12892455872738, -32.23971857258953],
              [119.48772884683497, -32.326398451714766],
              [120.00144759053605, -32.474992530215715],
              [121.12489823309684, -32.57405524921637],
              [123.52150503001728, -32.77218068721764],
              [124.58055114076181, -32.92805480622186],
              [124.58055114076184, -32.92805480622186],
              [124.66470337283508, -32.91638946630256],
              [124.70498657221134, -32.91027831897105],
              [124.74664305800744, -32.89778137530161],
              [124.87956237491588, -32.82986068843033],
              [124.89665985499379, -32.81333541447633],
              [124.9272003195773, -32.78555679480653],
              [124.99553680832365, -32.742225637107666],
              [125.24636841514658, -32.62444305635323],
              [125.30233764868967, -32.598751061401956],
              [125.33692933097494, -32.59055328935192],
              [125.61775208367467, -32.46777342936569],
              [125.80651092496615, -32.343612667616476],
              [125.9722747823339, -32.26673888253977],
              [126.17970276153477, -32.23847199107171],
              [126.2086029060352, -32.240837093162106],
              [126.23915100665573, -32.246948240493616],
              [126.2613830490809, -32.25139618032483],
              [126.28305054211305, -32.256393438862744],
              [126.30303955557086, -32.26222228045695],
              [126.32859801299664, -32.27222443356981],
              [126.39942931299343, -32.2922286984078],
              [126.45887755811438, -32.299728383539325],
              [126.57360839356852, -32.309165945871435],
              [126.63860321593408, -32.314163204409354],
              [126.68718720143167, -32.31583404794667],
              [126.99053955367405, -32.30500031177753],
              [127.0230407621815, -32.30361175328365],
              [127.12496948150553, -32.2984924216227],
              [127.16499328325555, -32.2938919059081],
              [127.26776122167291, -32.27833558090133],
              [127.3347167879624, -32.26694488998845],
              [127.53858947799066, -32.202781671373025],
              [127.62886047273857, -32.17083739691545],
              [127.73748779689821, -32.13472748836398],
              [127.828323361733, -32.11944579166976],
              [127.94941710610786, -32.101112370369094],
              [128.01234436280666, -32.089584354953004],
              [128.18273925934324, -32.0316696081723],
              [128.5544128489518, -31.8883323569698],
              [128.70413208882064, -31.816390996544854],
              [128.77331543269733, -31.779167178505922],
              [128.79302977645486, -31.769447331130372],
              [128.9524536123191, -31.70333098393418],
              [128.97871398502883, -31.696109776174524],
              [129.0002746563181, -31.692611684851045],
              [129.02941894706458, -31.687500009920985],
              [129.06024169669155, -31.68249892301762],
              [129.23190307859898, -31.658332831757306],
              [129.9357910054591, -31.593334201720154],
              [130.14886474761045, -31.579166414513388],
              [130.23635864606445, -31.576389318219498],
              [130.2633056619841, -31.576110840847633],
              [130.64443970134198, -31.60388946051743],
              [130.70303345529558, -31.60889052672693],
              [130.73217772534818, -31.610832211599092],
              [130.7637329137133, -31.612083424895893],
              [130.7935790990499, -31.61027908522081],
              [130.8439941400052, -31.60472296810337],
              [131.01248168279542, -31.548891059063486],
              [131.04122925141246, -31.53333473405671],
              [131.06942748062892, -31.508335114516587],
              [131.0902404824937, -31.491386423344352],
              [131.115173343618, -31.47749709281559],
              [131.14859009020125, -31.474027641804412],
              [131.17414856832087, -31.47847175327018],
              [131.27691650673825, -31.51166916555421],
              [131.36495972389895, -31.54333496263991],
              [131.46911622081018, -31.585834495894762],
              [131.49246215202893, -31.595554343270315],
              [131.66665648398418, -31.67055510572646],
              [131.76913452201495, -31.722221380672444],
              [131.815795902386, -31.747776030426635],
              [132.0269164952627, -31.881942752960292],
              [132.1374816966229, -31.970832825251343],
              [132.15469361378683, -31.989997870996024],
              [132.17276000142425, -32.008892054712],
              [132.19593810537944, -32.02694701933467],
              [132.2649841247529, -32.041671761285166],
              [132.32774353349427, -32.03778075550382],
              [132.41415404591504, -32.01167297937133],
              [132.45538330682135, -31.969997413829613],
              [132.48886107961914, -31.952499383256807],
              [132.51831054282627, -31.944721220753415],
              [132.54913329245323, -31.93888855079377],
              [132.58441161794843, -31.935832977128015],
              [132.76443481219175, -31.95083236808493],
              [132.7852477933627, -31.9562492361695],
              [132.83288573802412, -31.977914804672],
              [132.85940550836008, -32.006111150746534],
              [132.97357177372731, -32.09166717199996],
              [133.13595580522306, -32.184444421706914],
              [133.16665650242084, -32.19083404641029],
              [133.22607422408757, -32.19749451244851],
              [133.41720580350648, -32.213333122498724],
              [133.48510743132599, -32.2098617469579],
              [133.56669616920328, -32.165691370165725],
              [133.66282652899963, -32.15242767732616],
              [133.82635497274316, -32.2508392255811],
              [133.87356567182093, -32.299171449489464],
              [133.90191649761462, -32.32944488040971],
              [133.95079040419267, -32.39826202561116],
              [134.143035893099, -32.45750426328343],
              [134.18414306018843, -32.48666382610395],
              [134.2055358835203, -32.503616324947764],
              [134.22302247038448, -32.522499085649],
              [134.2763671835171, -32.588542942228145],
              [134.29707336363904, -32.6775016767708],
              [134.27651978009433, -32.72874832147626],
              [134.208190927385, -32.807636261348314],
              [134.19400025276104, -32.756874080769535],
              [134.1546935969813, -32.72583007231372],
              [134.07450866897804, -32.72086333723002],
              [134.12939453718178, -32.84277343397485],
              [134.2692871079322, -33.11999893033914],
              [134.40866088343017, -33.1645126390832],
              [134.59356689912542, -33.139999387505554],
              [134.68928528541213, -33.167083748622275],
              [134.70747374617255, -33.177223205544486],
              [134.80859374916366, -33.35278320857642],
              [134.82803344391465, -33.394721979415735],
              [134.82803344391476, -33.39472197941567],
              [135.02837043514614, -33.25304763569924],
              [135.43796385591662, -33.05492219769828],
              [136.03336567889025, -32.6710541615708],
              [136.8550270920519, -32.126209207067895],
              [137.3291988197365, -31.71757549119057],
              [137.76453416403683, -31.494684373439117],
              [138.53004810132106, -31.43277017406405],
              [138.92476328870458, -31.469918693688957],
              [139.54811119737155, -31.68042697156564],
              [139.74836982667566, -31.829021050065972],
              [140.23201072959094, -32.287186125443625],
              [140.57469721051265, -33.017773678073034],
              [140.79820815990666, -33.797892590202764],
              [141.09850764719423, -34.516097302956794],
              [141.4089821497293, -34.97426237833445],
              [141.74970332727887, -35.01142937457353],
              [142.36136056575592, -34.94949669858429],
              [142.91540804856126, -34.813285459958394],
              [143.48464774786896, -34.6399257017076],
              [144.17320475969476, -34.40465174408108],
              [145.1266954383735, -34.19414346620472],
              [146.14078158412804, -33.78550975032739],
              [147.17040626207356, -32.993007998322874],
              [148.2531003861658, -32.10144352731772],
              [148.97624774081444, -31.383238814563715],
              [149.35881654338803, -30.838393860060823],
              [149.75472342519885, -30.120189147306174],
              [150.28009373120295, -29.52581283330297],
              [150.6433205121438, -28.844756640173873],
              [150.77283548684426, -28.188466126795575],
              [150.7574792955755, -27.792215250793006],
              [150.62602496396474, -27.27213597604028],
              [150.5096393505865, -26.913033619663267],
              [149.95966093491742, -26.380571505035125],
              [149.56983871804982, -25.94717210940764],
              [148.92190495387007, -25.228967396653626],
              [148.27602239410032, -24.461231324398973],
              [148.03397177139894, -23.792557971144962],
              [147.79328933200145, -22.938142019765372],
              [147.59432698872652, -22.517125464012647],
              [147.15270072023753, -21.984663349384515],
              [146.45671300577249, -21.080716038504615],
              [145.37564496280342, -20.387277005500767],
              [144.82363347029428, -19.842432050997225],
              [144.5167494275476, -19.12422733824322],
              [144.36991755029717, -18.08406878873711],
              [144.59202447394154, -17.06867591898181],
              [144.70921765467662, -16.622893683478914],
              [144.95416197909427, -16.127580088476346],
              [145.39527222519203, -15.854470138784645],
              [145.39527613969597, -15.854468548934522],
              [145.39527613969597, -15.854468548934515],
              [145.35954284164495, -15.734305388501589],
              [145.30496216659574, -15.554721835468435],
              [145.2894287083123, -15.331111914265446],
              [145.28552245115077, -15.304445258859584],
              [145.27691651326268, -15.256944659395238],
              [145.23773193060595, -15.193056110480097],
              [145.23399352140186, -15.159723277528649],
              [145.23426819110216, -15.134444228698769],
              [145.2430114741873, -15.104999545774987],
              [145.2549743712241, -15.08277702252876],
              [145.27136229998104, -15.056388865188627],
              [145.28469848343764, -15.034999849528337],
              [145.30970764285058, -15.00444508548254],
              [145.31579590276488, -14.945554726329348],
              [145.20635986227228, -14.862499227833737],
              [144.93232726407697, -14.689721101379032],
              [144.78359986057254, -14.598054884711988],
              [144.67677306841642, -14.557361594968015],
              [144.61454772700156, -14.484722147624552],
              [144.56692505441418, -14.358471864015389],
              [144.43510437491918, -14.254027370553352],
              [144.3891601612123, -14.280555728844245],
              [144.0118560807273, -14.487707134509044],
              [143.9632873466099, -14.493610391249955],
              [143.93441772556372, -14.491943355384208],
              [143.88761902068947, -14.487221718464472],
              [143.86038208368933, -14.478332522921175],
              [143.81607055402853, -14.44944382212936],
              [143.7977599994512, -14.432500842464496],
              [143.7821960384074, -14.413333892884022],
              [143.7730407818126, -14.395278928261352],
              [143.73704528965325, -14.319167132765294],
              [143.7119140571173, -14.23944282955362],
              [143.60134887645094, -13.936111440198776],
              [143.54553221879124, -13.802223215730852],
              [143.5308074975346, -13.756389610744517],
              [143.55331420966007, -13.641668315163198],
              [143.57803344799254, -13.561389912961477],
              [143.58663940657448, -13.526111608160154],
              [143.59468079506956, -13.432013510293032],
              [143.5685882496234, -13.37749862104787],
              [143.54484557558132, -13.364512453662275],
              [143.5285949713276, -13.340554232298697],
              [143.52163696886575, -13.304166798293256],
              [143.51693724675147, -13.269166950169929],
              [143.49829101695312, -13.098609917183282],
              [143.50065611904353, -13.073124881598588],
              [143.5055541918756, -13.04444504400914],
              [143.50997924428964, -13.001667012688557],
              [143.51416015045757, -12.879165650768066],
              [143.50442505170184, -12.859165193601655],
              [143.47552490720142, -12.86277770131727],
              [143.4058227473784, -12.870415683563767],
              [143.36231995474438, -12.848888391482372],
              [143.3602295016604, -12.828055378647917],
              [143.3664855888383, -12.780278205647495],
              [143.3751068194943, -12.742777814072486],
              [143.3915099996314, -12.713749884941674],
              [143.41110229095978, -12.677778252811308],
              [143.42997741562397, -12.616805076611161],
              [143.41317749266355, -12.59333324390392],
              [143.2485809349608, -12.383124360737575],
              [143.21176147508837, -12.364165301747708],
              [143.16018677050505, -12.340763083209964],
              [143.12898255012882, -12.349027634369687],
              [143.0774688717601, -12.334304816948851],
              [143.07498169654667, -12.292222968710998],
              [143.08190917555427, -12.225000389452106],
              [143.10217285871238, -12.140277855090748],
              [143.14721680641753, -12.067222585178342],
              [143.161102287887, -12.04583359021192],
              [143.0374755934643, -11.93277740596669],
              [143.01428221743504, -11.936528210797281],
              [142.98828124235155, -11.935555454178477],
              [142.96871947447744, -11.927361489800013],
              [142.87802123414585, -11.858610151096482],
              [142.85981750131137, -11.833193777763391],
              [142.84010315755384, -11.511251441653908],
              [142.8659362846799, -11.39125060249123],
              [142.86077881422156, -11.361665718616688],
              [142.78829955810465, -11.080555921284041],
              [142.744827268231, -10.986526485668527],
              [142.7244110091895, -10.962917328458076],
              [142.60897827914528, -10.872498517416254],
              [142.61314391323918, -10.750763883972017],
              [142.55664063306344, -10.721666340671703],
              [142.51885986028077, -10.70666694971479],
              [142.44442749627694, -10.709722523380545],
              [142.42399596516142, -10.740970614755387],
              [142.4169311616506, -10.768889435375947],
              [142.41192626707564, -10.795971871963019],
              [142.39955139652923, -10.821944227428073],
              [142.34301757220538, -10.895417223745213],
              [142.3044128317096, -10.90777779482934],
              [142.21150206517103, -10.923333167918223],
              [142.1846771223744, -10.922916414125254],
              [142.1476898145445, -10.949166295044279],
              [142.1381683385806, -10.97360993245243],
              [142.1474151655381, -11.024723060326263],
              [142.15289305983725, -11.0512494940875],
              [142.1569213901218, -11.092498786657305],
              [142.15887451870256, -11.123888010206937],
              [142.15887451870256, -11.149444584490784],
              [142.1291198830348, -11.336944576448431],
              [142.12286377516307, -11.372638703818698],
              [142.10025024129476, -11.446945187027907],
              [141.9577331501338, -11.850831988593093],
              [141.8924407913446, -11.968998916544354],
              [141.8491210980482, -11.988471038585473],
              [141.82011413180493, -12.028194427464324],
              [141.80538941054832, -12.051667212089463],
              [141.75997924347408, -12.17888832778777],
              [141.59411622109434, -12.531667712986494],
              [141.5923919666856, -12.554513928698402],
              [141.62689209930207, -12.56958388574271],
              [141.6852417070096, -12.551666266317117],
              [141.71774291551702, -12.49333190998976],
              [141.83935547583823, -12.672500613065733],
              [141.88941954880465, -12.763473502403734],
              [141.76686096834115, -12.793056482442484],
              [141.60676574064718, -12.934583661768666],
              [141.59384155139406, -12.957500464261834],
              [141.58566283839576, -12.986388213135754],
              [141.63092040889276, -13.15944481696232],
              [141.65080262130158, -13.193194383012873],
              [141.67727661680317, -13.210068700426135],
              [141.6866302448096, -13.232916840667698],
              [141.6887206978936, -13.254027358262256],
              [141.68316650530582, -13.280972491039982],
              [141.61245727843203, -13.414722439086802],
              [141.56100464697175, -13.492289551492554],
              [141.5419311508959, -13.53277778570574],
              [141.51776123127013, -13.604305268785268],
              [141.50469969681993, -13.650278081416737],
              [141.49746704535167, -13.680000310488357],
              [141.4796752860268, -13.767223367607528],
              [141.4738464444326, -13.79694557598528],
              [141.46884154985767, -13.828056342856911],
              [141.46578980455737, -13.86833190619615],
              [141.46578980455737, -13.897084234402652],
              [141.46954346514164, -13.92583275493757],
              [141.47746275981982, -13.94847203197677],
              [141.50192260052603, -13.985555649064938],
              [141.52262878064798, -14.009445187483045],
              [141.55163574689126, -14.032222740943347],
              [141.5781707686074, -14.065417297473694],
              [141.59301758368093, -14.10444355135192],
              [141.60011291064598, -14.143750186437806],
              [141.59912109497543, -14.192499164139136],
              [141.59317015956432, -14.255554205468336],
              [141.58634948160568, -14.279722221258307],
              [141.56607054706743, -14.32333373947096],
              [141.5452575658965, -14.373609552087274],
              [141.53610228860782, -14.398611075463183],
              [141.5220642105611, -14.449167248593284],
              [141.52095032176751, -14.48124979947196],
              [141.5664977926511, -14.763612755324928],
              [141.59524536126813, -14.8616657202478],
              [141.60676574064718, -14.894445426820962],
              [141.61801147101983, -14.914167406615508],
              [141.63244629188983, -14.938055041197824],
              [141.6587371880538, -14.993472100280531],
              [141.66552734255822, -15.026528359695906],
              [141.63456726842804, -15.149306295152474],
              [141.57162476034907, -15.278612131733524],
              [141.47161864615157, -15.504446022852118],
              [141.460510260976, -15.53611184063169],
              [141.43579102264354, -15.655000694836566],
              [141.43164061923594, -15.679166786096879],
              [141.42276001164757, -15.741943350054218],
              [141.40054322060257, -15.905834205495278],
              [141.42657469844642, -16.074375159156926],
              [141.28610228553504, -16.503334050185412],
              [141.26885986561075, -16.543056487146373],
              [141.21427916986767, -16.667778011310894],
              [141.19442748091308, -16.703887940556232],
              [141.17886351986928, -16.724998478844658],
              [141.051086422039, -16.88388824738236],
              [140.97247315186723, -16.981388085926945],
              [140.95690917012956, -17.001113894086934],
              [140.94775391353477, -17.02319526446451],
              [140.95481871704558, -17.059513084300452],
              [140.9524536149552, -17.096946717459645],
              [140.94219970025313, -17.151111611327654],
              [140.88580322112634, -17.359722141573727],
              [140.87744140879045, -17.37833404024626],
              [140.8596801729198, -17.411109918453977],
              [140.83329772708706, -17.45194243653695],
              [140.61996460800336, -17.57999991557488],
              [140.53414916842982, -17.62444305823155],
              [140.49496460646697, -17.64083481535392],
              [140.3966369718438, -17.673332216189774],
              [140.37438965734458, -17.67972184089315],
              [140.13217162444678, -17.719165800482244],
              [140.05857850023014, -17.718471521235305],
              [140.01858520124046, -17.712776175778867],
              [139.97933959236917, -17.69721985077209],
              [139.64166259150477, -17.534584036993277],
              [139.61648560482826, -17.52083588002703],
              [139.58871460050162, -17.48916435074009],
              [139.53546141634396, -17.44173431736314],
              [139.43719482862926, -17.37916564399641],
              [139.41212464300176, -17.371318819241413],
              [139.3738403263468, -17.371665958864885],
              [139.33663939572506, -17.36777687761319],
              [139.2835998550531, -17.354167928292078],
              [139.26052857284077, -17.342498780701206],
              [139.24411009993574, -17.32916640491617],
              [139.21301270130238, -17.297153468206993],
              [139.16275023623044, -17.20305251458619],
              [139.1508178626479, -17.168888098578456],
              [139.14582824014698, -17.147222509382093],
              [139.1430358924729, -17.12375067667485],
              [139.14135741289857, -17.07416916399934],
              [139.0310821533127, -16.914859765221124],
              [139.01054382114816, -16.899166115711136],
              [138.98745726686178, -16.890277872085733],
              [138.68733214391415, -16.812639241674695],
              [138.51416015108367, -16.788333901381513],
              [138.48690796270338, -16.787780754309363],
              [138.46691894924558, -16.78527832771576],
              [138.43524170845126, -16.77888870301238],
              [138.29080201216377, -16.7424964887236],
              [138.19482422825084, -16.707359316097065],
              [138.14749145605006, -16.675830843514568],
              [138.1188354577957, -16.654720305226142],
              [138.06665038759724, -16.6147231985649],
              [138.00027466346867, -16.554721827065666],
              [137.93386841588588, -16.493610374444415],
              [137.77386473786072, -16.300556189898987],
              [137.7376708949836, -16.251735694192366],
              [137.64663695873716, -16.208053589198453],
              [137.5852356057293, -16.187778483025625],
              [137.5437316958166, -16.17486190911566],
              [137.5126190251092, -16.17569351286581],
              [137.48829650890616, -16.17638779211275],
              [137.43414305874677, -16.156387334946338],
              [137.36912536965784, -16.127639766329313],
              [137.33914183912418, -16.10750198465969],
              [137.3020629816255, -16.080278395203965],
              [137.2813720735776, -16.06194495320943],
              [137.13665770758982, -15.968610769452614],
              [137.0465031280282, -15.911180928512373],
              [137.02958771093768, -15.891832740478883],
              [136.98014265170696, -15.8541867941074],
              [136.96225993059193, -15.860343014405856],
              [136.9633933400573, -15.87180801824423],
              [136.9534007112622, -15.874677090782388],
              [136.92114590983715, -15.883960961053258],
              [136.91587316817916, -15.904747418275626],
              [136.9242832119083, -15.920157116443853],
              [136.9106004265226, -15.927304790684778],
              [136.841754421929, -15.902779162675614],
              [136.76580810638825, -15.904445647001399],
              [136.71746826713672, -15.863193519371777],
              [136.67605779597193, -15.799018267361983],
              [136.65455638880022, -15.773312968811787],
              [136.66783666909936, -15.77339815963313],
              [136.68320862354108, -15.779535276843564],
              [136.68611444378456, -15.766044357631566],
              [136.7113574957015, -15.731056610354045],
              [136.71598674476513, -15.717182918751009],
              [136.72009211002978, -15.710369244028588],
              [136.72411177015329, -15.696237879641368],
              [136.7038844109198, -15.696006081719396],
              [136.70080466460547, -15.686526506343586],
              [136.68784457343415, -15.68440262139005],
              [136.67901427923846, -15.681577373396731],
              [136.68115044319853, -15.672679853244214],
              [136.67357648391499, -15.665654857503746],
              [136.66588940403227, -15.677313867876109],
              [136.64215903378178, -15.675405503227374],
              [136.63395248559536, -15.69478337382417],
              [136.6189621677362, -15.704816128333622],
              [136.568572994981, -15.718332289007975],
              [136.54759581350947, -15.727111512892535],
              [136.51301574529447, -15.70783521043569],
              [136.45745849560794, -15.658056268502321],
              [136.3410644526535, -15.611944206837986],
              [136.3199615504021, -15.603054990600825],
              [136.27963257619143, -15.567360883924426],
              [136.26512145703276, -15.540416723758458],
              [136.25277710994058, -15.475276940852652],
              [136.24107361053004, -15.418472295887828],
              [136.21218871740982, -15.394445412272646],
              [135.85189820337098, -15.177499764779455],
              [135.5882873471413, -15.039166456234003],
              [135.5428924521411, -15.01930522740659],
              [135.47640990626968, -14.964582447570823],
              [135.45135497202233, -14.932777401452253],
              [135.4340057303552, -14.902361865745455],
              [135.4122009335137, -14.850831984078656],
              [135.40554810351253, -14.83027840053396],
              [135.37274170185057, -14.728887556208022],
              [135.75277710379504, -14.271112434310904],
              [135.7737274094692, -14.249722487426585],
              [135.80386351588623, -14.230833063300082],
              [135.86912537191506, -14.194583885021878],
              [135.89694213038223, -14.14277840243076],
              [135.98855590878964, -13.866664891024275],
              [136.02026367303816, -13.762500758076026],
              [136.02581786562592, -13.687778472991745],
              [136.00804137837514, -13.715555188825753],
              [135.98260497337853, -13.735833171446135],
              [135.96023558575627, -13.746665955697384],
              [135.92739868133398, -13.748957635946702],
              [135.88899231224985, -13.72867965332632],
              [135.8457946713826, -13.603887563074405],
              [135.84426880907938, -13.581110961531998],
              [135.8915100109175, -13.33847236716964],
              [135.92726135683077, -13.277847282510862],
              [135.99328613366427, -13.22472095175958],
              [136.3090209924901, -13.100416181388024],
              [136.36773681956674, -13.247221000459778],
              [136.45800781431464, -13.25250054404114],
              [136.52832031905896, -13.149999618593188],
              [136.5452575665226, -13.05500030280642],
              [136.54608153423573, -12.958054542558013],
              [136.484344485313, -12.845943447231047],
              [136.4944152799836, -12.779167172607586],
              [136.64358520114575, -12.704166410151437],
              [136.7452392507695, -12.544166560491725],
              [136.80386352817732, -12.477499011446906],
              [136.95745850175348, -12.381666188074199],
              [136.97836303259322, -12.358159072323257],
              [136.9310913073009, -12.283611298621672],
              [136.87640381050883, -12.222708709202788],
              [136.77540588064076, -12.171736713503744],
              [136.69400024210105, -12.191527376243762],
              [136.68830872501007, -12.21090221641484],
              [136.72273253864404, -12.215970992958049],
              [136.7540588321433, -12.234304434952584],
              [136.75720214780628, -12.256250384662735],
              [136.71856690455013, -12.283403387337199],
              [136.67323303576453, -12.28451442037711],
              [136.61578369405873, -12.20666694745757],
              [136.60189819189543, -12.18305491379957],
              [136.5391540552281, -12.009723660966579],
              [136.56219481398622, -11.934444421138569],
              [136.45108031461317, -11.95416642162698],
              [136.28164673098678, -12.065555570006467],
              [136.1777496317018, -12.166945462414507],
              [136.18191528648956, -12.191527376243762],
              [136.2429504408222, -12.217151640167454],
              [136.29039001407196, -12.213472374036023],
              [136.31262207719098, -12.206388470085706],
              [136.33746338864648, -12.205693238920873],
              [136.36392211207402, -12.239721303037154],
              [136.34912109252875, -12.291110983753196],
              [136.29373168045274, -12.414305693696601],
              [136.24015807245425, -12.4549999146646],
              [136.17102050341197, -12.461179724247717],
              [136.03970336778926, -12.47166634148726],
              [136.03414917520146, -12.469720848943517],
              [136.01052857428243, -12.444723133239187],
              [135.98315429208523, -12.377916335161501],
              [135.9380950929999, -12.217255585462759],
              [136.02304076933206, -12.111944205206875],
              [135.88357544416527, -12.151805870506834],
              [135.8012237647894, -12.218333239294758],
              [135.7863616983357, -12.258750907420552],
              [135.73550416041655, -12.280834202327782],
              [135.68872070692248, -12.237499236957337],
              [135.67469788025593, -12.214583407075931],
              [135.6691436669743, -12.190833096996823],
              [135.67344664626526, -12.159513466922828],
              [135.7460022006708, -11.994513502971511],
              [135.8555297908322, -11.894445410641534],
              [135.88046265195652, -11.835000041968136],
              [135.73315428901245, -11.940833093924049],
              [135.63928223025755, -12.024653437753994],
              [135.41949463189042, -12.102012638875276],
              [135.3796691808582, -12.09027671217472],
              [135.32830809906673, -12.11166572783501],
              [135.26693724881923, -12.171945576706111],
              [135.2419128380261, -12.223888404494303],
              [135.22607422797591, -12.275556562582207],
              [135.19247436136118, -12.276945121076086],
              [135.0838623092756, -12.266666415121016],
              [134.9069213837868, -12.141389840048554],
              [134.77137756716175, -11.995832447295893],
              [134.67268371316948, -12.001179701210965],
              [134.59857177300648, -12.056388849009199],
              [134.51608276912742, -12.066665651128481],
              [134.49455262129234, -12.067500110632313],
              [134.2066345209337, -12.061665536836877],
              [134.1877441448893, -12.046112067583785],
              [134.17385864272597, -11.965833665382064],
              [134.01512145007166, -11.864304544635022],
              [133.7622070262018, -11.767640117512165],
              [133.66525267799847, -11.819444648185385],
              [133.61677551424376, -11.83458233625727],
              [133.54885863504404, -11.832777023970422],
              [133.20440673105543, -11.725000383306558],
              [133.18304443117776, -11.716665266059437],
              [133.16191100547215, -11.703611367646264],
              [133.14624024337937, -11.68777751718552],
              [133.0991210939704, -11.610832214103525],
              [133.0732269199359, -11.559861191016243],
              [133.05191039489267, -11.502500543225583],
              [132.99650573143646, -11.419722549490075],
              [132.94247437509395, -11.361944195988553],
              [132.9180297857679, -11.336944576448431],
              [132.87467956901727, -11.333366399858615],
              [132.8341369720148, -11.400278095149499],
              [132.77249145206702, -11.483888623859183],
              [132.72634886694846, -11.519515040895737],
              [132.67198181469107, -11.508126253818652],
              [132.6497039767376, -11.490277296644667],
              [132.51359559002566, -11.308471677531692],
              [132.50344847637257, -11.26444530936186],
              [132.4585876486989, -11.218055722243555],
              [132.340515146864, -11.130138406571312],
              [132.18122863550298, -11.131804469825294],
              [132.14668274874597, -11.140000338039549],
              [132.17025757483063, -11.191389087531562],
              [132.19247436587563, -11.222221377031328],
              [132.23550415878543, -11.355278018442966],
              [132.2049560581649, -11.409723272824763],
              [132.1659393234656, -11.40645885665051],
              [132.09024047409093, -11.229999539534717],
              [132.0052490229244, -11.135833731333882],
              [131.9843292200106, -11.127429951835161],
              [131.8741149866393, -11.177223204160583],
              [131.77276610947618, -11.295278550779521],
              [131.76426697263707, -11.306687348826259],
              [131.7709503260925, -11.31763839852896],
              [131.79705810222498, -11.32166575620176],
              [131.9902343805873, -11.429721826155387],
              [132.06260681496138, -11.510556231182942],
              [132.08677673458715, -11.524723045777943],
              [132.10580443513473, -11.52639008164369],
              [132.1624755839618, -11.492082588237647],
              [132.22953797199415, -11.46125029873788],
              [132.37274170636502, -11.43777846603064],
              [132.39636230728408, -11.440834039696394],
              [132.4484405557397, -11.451388367269647],
              [132.48995971703258, -11.476943968941733],
              [132.6914978077308, -11.65819548906466],
              [132.64636231035684, -11.728333482426283],
              [132.634979255481, -11.744998936637177],
              [132.62466431456434, -11.808889389388106],
              [132.6275939867416, -12.03277778796296],
              [132.638458246365, -12.078610420337533],
              [132.3609314059055, -12.202361112412909],
              [132.22357178520286, -12.199998845382328],
              [132.06266784117597, -12.30909728612426],
              [131.97525024101057, -12.286666872287427],
              [131.9315033021305, -12.268055925532789],
              [131.7744293169765, -12.274723054996269],
              [131.73649596831044, -12.282500265581763],
              [131.67553711226645, -12.288333887459302],
              [131.49259949722602, -12.297222131084705],
              [131.45997619490169, -12.295139314037755],
              [131.43635559398263, -12.289166443127346],
              [131.21328735544932, -12.217498779790926],
              [131.00302123304613, -12.207708366327982],
              [130.97940063212707, -12.355278010040198],
              [130.89530944696227, -12.45579147578158],
              [130.9541320750879, -12.536388397988336],
              [130.8963623095413, -12.6402778612363],
              [130.77273559442474, -12.46363925245447],
              [130.65609740522424, -12.38916777704151],
              [130.6284484947145, -12.385139467450816],
              [130.59426880663273, -12.389861104370556],
              [130.5792694156758, -12.404653556654761],
              [130.57551575509154, -12.570901878149193],
              [130.5090026857659, -12.60444355360914],
              [130.35441589651919, -12.672638889486837],
              [130.3439788824795, -12.70610999885939],
              [130.35385132643228, -12.739791875270097],
              [130.35301208664512, -12.838749886478062],
              [130.3407897919821, -12.876110077102307],
              [130.32760620510274, -12.894028669139662],
              [130.2949829027784, -12.920139321719692],
              [130.26318358886107, -12.93875026847433],
              [130.2257232606131, -12.946736342262188],
              [130.19599914839955, -12.933333400389756],
              [130.18218994452485, -12.90791702705667],
              [130.14070128599232, -12.92592429231528],
              [130.12454223140742, -12.970276837221036],
              [130.11550902724179, -13.066665642725713],
              [130.11578369694206, -13.147639276092267],
              [130.12403868753512, -13.169236182343163],
              [130.1578827003959, -13.176388748545083],
              [130.19204711640361, -13.204028139875884],
              [130.25469970340214, -13.288055422378537],
              [130.26443482285174, -13.325277336581681],
              [130.1641540596478, -13.429166799829641],
              [130.11495970853508, -13.462499612087225],
              [130.04116821290677, -13.509861955824334],
              [129.9930419964471, -13.526263232125647],
              [129.9638671822464, -13.530834196997787],
              [129.9441375664148, -13.52736186953906],
              [129.909500129989, -13.507916442586723],
              [129.8999023350426, -13.445034029498299],
              [129.828857412254, -13.51694583908078],
              [129.78857421287773, -13.668055541279301],
              [129.78233337708002, -13.698472028903993],
              [129.78747559615817, -13.744165412245703],
              [129.74661255462098, -13.964166633404648],
              [129.73272705245765, -13.994722370062206],
              [129.71385192779343, -14.013334268734738],
              [129.6963653616231, -14.023195268978945],
              [129.58108520746225, -14.086111061275282],
              [129.49246214814062, -14.142223351522823],
              [129.4305419998803, -14.222221372516888],
              [129.370239263592, -14.333332064218375],
              [129.35850524072723, -14.41368103250749],
              [129.63804625667592, -14.705362312629354],
              [129.66412353004804, -14.723819731582708],
              [129.69230652857817, -14.739361757127202],
              [129.8055419837956, -14.815000532205179],
              [129.9444274874953, -14.767778389418833],
              [129.9288635264515, -14.790000912665061],
              [129.86468505645587, -14.843055725411055],
              [129.7766723627494, -14.876374238206353],
              [129.7140502992051, -14.870332725738209],
              [129.6841278155799, -14.86066531662232],
              [129.61392211188456, -14.946943284823227],
              [129.62648010246247, -15.0216674737433],
              [129.6313018770059, -15.107501020450698],
              [129.4867706310496, -14.94902800570597],
              [129.46203614133697, -14.930555335372436],
              [129.33274841188978, -14.867221837365236],
              [129.22961425410335, -14.839235306410966],
              [129.21842957063916, -14.861388215487697],
              [129.23774719226722, -15.00152778823789],
              [129.2563781706854, -15.10416603818905],
              [129.191070560516, -15.18250083098895],
              [129.1744079620588, -15.162500373822539],
              [129.1855316193084, -14.979998592320708],
              [129.08941651089225, -14.899444589194673],
              [129.0638732841528, -14.887500771903511],
              [128.99996948385748, -14.871077539409022],
              [128.90277098940808, -14.840276725281374],
              [128.6580200271563, -14.782501227533537],
              [128.53596496987126, -14.758472440082564],
              [128.51025391586822, -14.764167785539001],
              [128.3876800633307, -14.799999237412475],
              [128.40690613528994, -14.88913821553906],
              [128.41857911124626, -14.931943893866315],
              [128.42990111921367, -14.958332071900312],
              [128.4582366936272, -15.001666064658995],
              [128.44828797207964, -15.047082895158496],
              [128.35301208275678, -15.044236184695105],
              [128.34037781458414, -15.01916790290338],
              [128.32844544100158, -14.948194498120031],
              [128.32270812838232, -14.922069546077719],
              [128.30628967617116, -14.912776944285842],
              [128.2207946811323, -15.014862067858715],
              [128.2046814013818, -15.038055423194095],
              [128.19210815942375, -15.065208425868558],
              [128.23005675946996, -15.183597564566575],
              [128.24324034634932, -15.202822684607948],
              [128.28497315112793, -15.281111723267312],
              [128.29191590220958, -15.303750048388615],
              [128.2927551213029, -15.342222223970666],
              [128.28718567733492, -15.400694856719127],
              [128.2645721434666, -15.35118008176557],
              [128.25761414100478, -15.305972093774567],
              [128.18791198118174, -15.252375598358888],
              [128.13679504563635, -15.255670537987367],
              [128.12838745846602, -15.276432984734427],
              [128.12881470404972, -15.301570901389518],
              [128.12582396427013, -15.333070754353578],
              [128.10580444805194, -15.402778625683975],
              [128.09704589289274, -15.434305194430681],
              [128.0860748322204, -15.453194618557184],
              [128.0689849881795, -15.47180366147603],
              [128.0435791066371, -15.491388316767367],
              [128.02084349964576, -15.498229026389517],
              [128.03178405755776, -15.472638120979862],
              [128.05331420539284, -15.451944357178274],
              [128.0631713772716, -15.431667326475786],
              [128.07302856984424, -15.396528250013464],
              [128.0763244613906, -15.223121650809741],
              [128.07041932150779, -15.181221970685474],
              [128.06941223376316, -15.100832939069324],
              [128.08773803972068, -15.025278098316996],
              [128.13998413613373, -14.867776867579309],
              [128.18829345193103, -14.800277714784343],
              [128.18273925934324, -14.741666784920909],
              [128.16943359934083, -14.70277785554589],
              [128.1234283387255, -14.656250943924373],
              [128.03137206335427, -14.583054541837182],
              [128.00012206814364, -14.560694694087744],
              [127.98262022989925, -14.573888772757808],
              [127.9571990969767, -14.581665983343303],
              [127.87330628322356, -14.473333360547468],
              [127.77915955476836, -14.335277556762119],
              [127.73165893461014, -14.26777840396715],
              [127.65803528693927, -14.175971986349346],
              [127.52110291182032, -14.086111061275282],
              [127.45123290403986, -13.993332859650433],
              [127.42525481637357, -13.954027176482445],
              [127.3555526772444, -13.92944526265319],
              [127.24192809454685, -13.896389003237818],
              [127.15415954708641, -13.899999627811514],
              [127.1535873409625, -13.93277740985502],
              [127.12841796962917, -13.971491807153477],
              [127.05754853083498, -13.886320112403006],
              [127.05991363292537, -13.841687206983462],
              [127.017761239294, -13.776390067910928],
              [126.95583343430278, -13.728206632908243],
              [126.85790252180907, -13.75097179074205],
              [126.74595641868586, -13.795416837234505],
              [126.76193237393315, -13.83944320540434],
              [126.78914642351607, -13.971387861858176],
              [126.70388030264924, -14.123749729271392],
              [126.60054015810799, -14.22972107834228],
              [126.56832884998715, -14.220554357345012],
              [126.45533752032195, -14.077534674229653],
              [126.49108886623522, -14.009166710111181],
              [126.50248717249124, -13.96472168431259],
              [126.431373587451, -13.97500039026766],
              [126.33415222627828, -14.050416954598884],
              [126.30913543082833, -14.089444160395008],
              [126.29457092149211, -14.140556336350944],
              [126.31330872165313, -14.193611149096938],
              [126.28777313095068, -14.233055108686031],
              [126.23413849673763, -14.17972183926204],
              [126.18442535037241, -14.048333164940171],
              [126.20886230366143, -14.037292490098316],
              [126.21748351362356, -13.9619445880187],
              [126.14804077212065, -13.92749977010945],
              [126.06748962474829, -13.915555952818288],
              [126.01759337904546, -13.926527013490642],
              [126.0535888712048, -13.95166588206363],
              [126.08151245141482, -13.965902331521999],
              [126.14665221362677, -14.12999915302401],
              [126.14331818328301, -14.192499164139136],
              [126.03762055199452, -14.515208249418741],
              [125.90886688987386, -14.645278931334126],
              [125.90277099392253, -14.64361191616225],
              [125.84387970354531, -14.60735988213036],
              [125.82498932750092, -14.5724992830399],
              [125.84304046375814, -14.46486091879714],
              [125.7227935745136, -14.40430544830786],
              [125.71304320368382, -14.438055035052276],
              [125.70512390900565, -14.483194360791675],
              [125.66081237934483, -14.611665717175025],
              [125.64224242714126, -14.630104056382756],
              [125.70678711650595, -14.339582439888886],
              [125.72866821163608, -14.273194320133825],
              [125.61831665376155, -14.222429283801361],
              [125.59275817564192, -14.241666799469225],
              [125.58471678714685, -14.261112205727699],
              [125.57999419830921, -14.308888426810224],
              [125.59942627771716, -14.426944725347056],
              [125.59471130422268, -14.49249840629215],
              [125.58888244193462, -14.549444204125628],
              [125.55302429497236, -14.55597210525011],
              [125.38832091552678, -14.545000071965994],
              [125.33611297860497, -14.52305602609163],
              [125.26499939356472, -14.577222823795427],
              [125.24331664915239, -14.598054884711988],
              [125.1360244726152, -14.74743079262895],
              [125.18289183974106, -14.948333747152898],
              [125.28109742193506, -14.995554917327482],
              [125.36499023568818, -15.05277824061493],
              [125.38997650768391, -15.070833205237602],
              [125.43476867310598, -15.133124353150365],
              [125.41484070655662, -15.151528361232291],
              [125.32165527031773, -15.156042107561426],
              [125.28179168048813, -15.137083048571558],
              [125.27928925389452, -15.101180078692792],
              [125.24915314747749, -15.079721448863005],
              [125.19815826436124, -15.053388585536219],
              [125.16249085277363, -15.036222463900572],
              [125.0783233693202, -14.999721524033149],
              [124.85693358966738, -15.120277414103768],
              [124.8248519907066, -15.16027832843659],
              [124.8968887291658, -15.24273585694354],
              [124.92468262090965, -15.26840306064182],
              [124.96096801345558, -15.29381943397491],
              [125.09629822798267, -15.345068934434057],
              [125.17699431520138, -15.506945614385906],
              [125.18180847440169, -15.520685204091102],
              [124.99372864028312, -15.43180560289689],
              [124.90486907075243, -15.364777566684214],
              [124.88729859095031, -15.350693693109232],
              [124.7052688572548, -15.253334055515406],
              [124.6633148143412, -15.263056758644641],
              [124.6608123877476, -15.342777254184739],
              [124.67414855051034, -15.454999930844032],
              [124.65637206325954, -15.479721073012286],
              [124.606643686208, -15.507501596517873],
              [124.58179473871549, -15.516805642018351],
              [124.53866578079374, -15.4908323346354],
              [124.48893738304832, -15.46520805001784],
              [124.45726775759718, -15.478262900348906],
              [124.37192535913559, -15.668332098009842],
              [124.37747191568636, -15.731943121471009],
              [124.40019988664068, -15.864304552411685],
              [124.48776244734628, -15.937221525209118],
              [124.5347137487978, -15.93638801762318],
              [124.55081177716812, -15.899444580791904],
              [124.5608062735501, -15.880832682119369],
              [124.57720947438106, -15.854721077621448],
              [124.61621857304333, -15.802291861176919],
              [124.67012024091966, -15.786944399372508],
              [124.69774628470606, -15.793611528835989],
              [124.72671509145809, -15.808958059416373],
              [124.58527375029334, -16.022777567156414],
              [124.4708328152258, -16.093334197452926],
              [124.43054200050639, -16.102500918450193],
              [124.39193726001061, -16.17235946182819],
              [124.37608337788635, -16.221942899033355],
              [124.382202140561, -16.282501225276317],
              [124.40054321859256, -16.3294448906908],
              [124.41790007560284, -16.347499855313472],
              [124.47998047717132, -16.347499855313472],
              [124.50248718929679, -16.33541678898945],
              [124.56234740792736, -16.324167250945226],
              [124.61525726013312, -16.327779779354714],
              [124.6973419265396, -16.346874238318136],
              [124.74915314133193, -16.375831601361554],
              [124.76227570199671, -16.38965224894485],
              [124.57859801218108, -16.405555734268965],
              [124.33303069755934, -16.409860617395733],
              [124.22984314959534, -16.404233934190902],
              [124.2025528017238, -16.385208137479083],
              [124.18247985394034, -16.33861161168807],
              [124.16637421022685, -16.302501682442728],
              [124.13997649232005, -16.28527832157021],
              [124.11303711243741, -16.27333450427905],
              [124.08624267240116, -16.262500768109906],
              [123.96443176136215, -16.245552056243806],
              [123.89276885761521, -16.339860921149082],
              [123.78386688444914, -16.246109010987535],
              [123.8063964839918, -16.198991765414384],
              [123.72623444340574, -16.138610847695535],
              [123.6031799344131, -16.156249989749263],
              [123.57089996404066, -16.17166518258125],
              [123.55719756121496, -16.200553904066933],
              [123.56025696324616, -16.288333895235965],
              [123.59574891153318, -16.319097522484125],
              [123.67942810249447, -16.332777017198765],
              [123.70748139186456, -16.340139398520947],
              [123.71748352428355, -16.378887175027312],
              [123.7088775657016, -16.430278780273007],
              [123.64109803169897, -16.529445654683336],
              [123.61734008558284, -16.53139114722708],
              [123.5013732882121, -16.565971365109885],
              [123.6077575627105, -16.673332224592542],
              [123.75417327499596, -16.869720460175593],
              [123.79637146415561, -16.99798392596834],
              [123.83193207469424, -17.136180882622345],
              [123.655754090704, -16.994791027799373],
              [123.59262084725037, -16.99666595425572],
              [123.5765152035369, -17.030069353294564],
              [123.57401275624943, -17.07291793000867],
              [123.61901092912017, -17.206109992087733],
              [123.56359862962694, -17.36722182670525],
              [123.55998229354587, -17.445831289205437],
              [123.5681762786182, -17.46999740115962],
              [123.59401702108741, -17.50972366648602],
              [123.583740239662, -17.586597451562728],
              [123.57527160558325, -17.59749984998348],
              [123.37442015809494, -17.24694443470036],
              [123.20471190476827, -16.952220907763266],
              [123.01970672406108, -16.670276650926787],
              [123.03907775656057, -16.481317513693998],
              [123.06024932106358, -16.455553048819546],
              [122.99165343469099, -16.389720911196456],
              [122.92025756460731, -16.414583206233363],
              [122.76055144369964, -16.600555411358133],
              [122.59393309516453, -16.779306408723244],
              [122.2846984904565, -17.08083343770914],
              [122.25665283712345, -17.107778549793],
              [122.17498780095751, -17.243331906290877],
              [122.14388274559325, -17.363056192611346],
              [122.13860320201188, -17.518474585608214],
              [122.14082336425591, -17.558055869700517],
              [122.21109770950898, -17.893610010884796],
              [122.25277710341615, -17.958332067385875],
              [122.33220672595789, -17.9794426056743],
              [122.35095977749907, -17.9886093059777],
              [122.361656189165, -18.0055580178438],
              [122.36971282904025, -18.03833389605152],
              [122.36761473991926, -18.06055641929775],
              [122.35526275679005, -18.10055542979478],
              [122.33748626953924, -18.13138962313034],
              [122.31428527816692, -18.156526567173593],
              [122.699121921564, -18.6592104248016],
              [123.22489948385422, -19.114898932203918],
              [123.93903858982792, -19.451712176806094],
              [124.83906372101607, -19.729087790007892],
              [125.64847372952575, -20.006463403209057],
              [126.35557614379954, -20.026275947009186],
              [127.8156016154346, -20.06590103460944],
              [128.600485804765, -19.84796305280867],
              [129.50470846675967, -19.471524720606226],
              [130.44965293629312, -19.19414910740442],
              [131.39226089175088, -18.956398581803523],
              [131.94360867981206, -18.817710775202624],
              [133.21915838028087, -18.837523319002756],
              [134.60241148838261, -19.095086388403782],
              [135.46168814085055, -19.37246200160558],
              [136.29839003230083, -19.669650158607507],
              [136.88421622083732, -19.986650859408932],
              [137.49298553425413, -20.343276647811237],
              [138.46663924958386, -20.77915261141373],
              [139.64690009901352, -21.254653662616498],
              [140.55349437053434, -21.769779801419205],
              [141.16357612195156, -22.284905940222544],
              [141.5684482530593, -22.78021953522511],
              [142.34094523801164, -23.315158217828273],
              [142.88713726259712, -23.691596550030386],
              [143.5761354648546, -23.75103418143077],
              [143.89544045239762, -23.968972163232177],
              [144.55568925488907, -24.602973564835644],
              [145.0559824019721, -25.217162422638992],
              [145.48457430706526, -26.108726893644135],
              [146.03315505224194, -26.722915751448106],
              [146.53776962548196, -27.23804189025081],
              [146.85911265352703, -27.61448022245293],
              [146.8735103219205, -28.624919956258523],
              [146.61007527813538, -29.377796620663087],
              [146.22872533363758, -30.091048197467376],
              [145.53862951929028, -30.942987580872284],
              [145.10760524628392, -31.497738807275216],
              [144.79447452633752, -31.933614770877718],
              [144.46019934650363, -32.19117784027908],
              [144.0789742841519, -32.40911582208048],
              [143.63051353812978, -32.448740909680744],
              [143.25406212791552, -32.42892836588063],
              [142.79316501358807, -32.03267748987805],
              [142.2723541808836, -31.279800825473814],
              [141.87148059354988, -30.487299073469305],
              [141.600313351837, -30.130673285067644],
              [141.05417112873474, -29.595734602464173],
              [140.754146180495, -29.476859339663406],
              [140.14824905424345, -29.45704679586329],
              [138.72137297447702, -29.57592205866406],
              [136.3589447473846, -29.71460986526494],
              [134.56617803151843, -29.615547146264298],
              [132.98238849292318, -29.55610951486392],
              [131.98019538500768, -29.53629697106379],
              [129.32051165676816, -29.53629697106379],
              [128.81523200130394, -29.774047496665332],
              [128.1134778273976, -29.793860040465464],
              [127.0296155247236, -29.932547847066356],
              [125.33241304510855, -30.130673285067644],
              [124.19742148539845, -30.289173635468043],
              [122.99615960032368, -30.388236354468674],
              [119.76989696335988, -30.368423810668528],
              [119.31574801145968, -30.229736004067956],
              [118.65527341443854, -29.813672584265596],
              [118.00902301648232, -29.49667188346354],
              [117.53805322428862, -29.06079591986135],
              [117.23392295206655, -28.58529486865827],
              [116.97592257137235, -28.109793817455824],
              [116.65663154403141, -27.792793116653773],
              [116.3211349490382, -27.138979171250163],
              [115.67518738664167, -26.58422794484721],
              [114.78373142943491, -25.930413999443292],
              [113.86887358824816, -25.32555769973177],
              [113.91512299510948, -25.431665421387784],
              [113.95166014924465, -25.495552066467134],
              [114.03428649832078, -25.63375090626306],
              [114.05303954986198, -25.652221672760803],
              [114.13942717486555, -25.731941216383007],
              [114.25811004231561, -25.847846987539178],
              [114.2569427426506, -25.97055435690835],
              [114.23970032272632, -26.001392357915485],
              [114.20638274115504, -25.989166255580884],
              [114.19553375360573, -26.031112662457446],
              [114.17185210577823, -26.182638166531042],
              [114.18274688885582, -26.230278015028254],
              [114.19123077431475, -26.253612523232288],
              [114.21012878639617, -26.267086031192115],
              [114.22144317902041, -26.292499548771517],
              [114.1949081366104, -26.37291527547645],
              [114.06929015411569, -26.461666098734632],
              [113.95887757002659, -26.32777785357284],
              [113.93123627486, -26.263612751815494],
              [113.92693329556901, -26.209442146440118],
              [113.90525818719371, -26.12194441962066],
              [113.87886046928689, -26.02888869254184],
              [113.86331175962327, -26.055694576286704],
              [113.82083130611404, -26.134166714283683],
              [113.79859160695798, -26.16833115098528],
              [113.76484680049691, -26.20117759528039],
              [113.71400451395792, -26.19694327824102],
              [113.68428040174437, -26.119583125201842],
              [113.68191527896012, -26.034862515370143],
              [113.70984649520717, -26.007570263662814],
              [113.73408507708453, -25.889026645245618],
              [113.69741057775231, -25.795207976668255],
              [113.49775695338325, -25.560279855169444],
              [113.46943665104376, -25.540836332052898],
              [113.41970825329837, -25.609722139505955],
              [113.40859984742893, -25.62819480983949],
              [113.39804078096007, -25.654998769054693],
              [113.39248656767843, -25.678333277258726],
              [113.39110564522157, -25.71041680074916],
              [113.40360260958488, -25.737360008997236],
              [113.44664001783784, -25.793891908791426],
              [113.49275969484532, -25.858749385959925],
              [113.53221131116531, -25.989440925281173],
              [113.55122376033273, -26.075000754206176],
              [113.65220641812675, -26.16944503977887],
              [113.74359130166825, -26.22666548661877],
              [113.78914642928272, -26.25055694956653],
              [113.82880401166365, -26.284862518442917],
              [113.86137390311656, -26.336526868859245],
              [113.86470031811716, -26.459163672141027],
              [113.86387635040403, -26.484722129566798],
              [113.85581971052878, -26.507503511392546],
              [113.81526184145223, -26.573890679229713],
              [113.7840118462416, -26.603471755432675],
              [113.67442320917175, -26.65999984755529],
              [113.66665649037697, -26.659442892811562],
              [113.64345549900456, -26.65430640593464],
              [113.56971741424768, -26.56972121677036],
              [113.54637146233505, -26.508056637770828],
              [113.53970336025981, -26.400554666807253],
              [113.53456877721868, -26.337917331188912],
              [113.51429747871742, -26.28416633536019],
              [113.28765869963134, -26.027776728277907],
              [113.26789856034554, -26.040000906082852],
              [113.22442627047188, -26.23916625865366]
            ]
          ],
          [
            [
              [130.0200461926672, -11.773329015724386],
              [130.02031636701497, -11.778977417273406],
              [130.0278880479177, -11.798603572219726],
              [130.0396870899651, -11.82234005684461],
              [130.06577111557868, -11.819131941945072],
              [130.11674065579103, -11.828710157554678],
              [130.23656497518573, -11.793430794546857],
              [130.31477030041938, -11.771305334471368],
              [130.49474517078585, -11.838633473151134],
              [130.60196020926662, -11.82893510555187],
              [130.67802429173994, -11.784722328306446],
              [130.8182983398396, -11.850416183188152],
              [130.8613433839775, -11.858749389880927],
              [130.88162231453242, -11.870832443471517],
              [130.95886230492036, -11.938888550080264],
              [130.968856811407, -11.936111450071028],
              [131.28192138687055, -11.730832099994954],
              [131.45745849619266, -11.559999466036633],
              [131.53706359860553, -11.466943740550608],
              [131.53610229471, -11.42722320566808],
              [131.52859497065094, -11.39194488511982],
              [131.41838073743907, -11.248332977506175],
              [131.2715148923996, -11.190278053414149],
              [131.25065612788242, -11.197083473108256],
              [131.226623535298, -11.214721679749589],
              [131.1214752198934, -11.263473510558125],
              [130.96606445327302, -11.327499389615884],
              [130.81274414042164, -11.368331908981567],
              [130.7049560547363, -11.390277862328146],
              [130.57330322244445, -11.349443435696871],
              [130.53192138656703, -11.283332824666854],
              [130.3926849365898, -11.163402557154905],
              [130.37161254871782, -11.17944526646692],
              [130.36509704600485, -11.215555190845164],
              [130.36468505862103, -11.253055572493615],
              [130.3378474502319, -11.323107986890978],
              [130.2986419271685, -11.339002456940591],
              [130.2443418661346, -11.349955543573612],
              [130.24648155391094, -11.364192488928019],
              [130.22723348871472, -11.40679622036312],
              [130.20798546495013, -11.419797628987233],
              [130.19062524758016, -11.423548802357615],
              [130.1770088554954, -11.43065790447531],
              [130.17105123309423, -11.460091370559695],
              [130.14822789033462, -11.476170985560145],
              [130.15072055158885, -11.491937517720022],
              [130.1890483201631, -11.489065344604363],
              [130.1952346483273, -11.501763726041291],
              [130.193256801284, -11.527793752864095],
              [130.15482212869716, -11.570088465020575],
              [130.1941097402052, -11.573975579360908],
              [130.19638943157273, -11.65420138823979],
              [130.1760139985148, -11.683098334737018],
              [130.15576476603047, -11.704439365356253],
              [130.1412182083708, -11.707064162516456],
              [130.11764370618963, -11.69943398556908],
              [130.10445810344999, -11.683592492148238],
              [130.09060148512697, -11.670378602681904],
              [130.07607460164073, -11.66898419180719],
              [130.06853809756268, -11.684768904319489],
              [130.06994785037617, -11.728418041437589],
              [130.06308830075943, -11.746118129224143],
              [130.05900877873455, -11.754769368068686],
              [130.06576691699922, -11.756223276057387],
              [130.07252466612462, -11.762460217601445],
              [130.0608754309377, -11.765052548601272],
              [130.0560684283343, -11.765410921534642],
              [130.05340220073987, -11.760217932835154],
              [130.04668141280473, -11.758524228430614],
              [130.04394123691006, -11.755155241178734],
              [130.03996223236805, -11.75781926078625],
              [130.0333385609523, -11.75571381736074],
              [130.0273954351334, -11.765991049837027],
              [130.02338007487862, -11.76894568669431],
              [130.0200461926672, -11.773329015724386]
            ]
          ],
          [
            [
              [132.459716796875, -11.0337495803833],
              [132.4644775390625, -11.042694091796875],
              [132.4661102294922, -11.055194854736328],
              [132.47396850585938, -11.058722496032715],
              [132.48228454589844, -11.07247257232666],
              [132.48741149902344, -11.076360702514648],
              [132.496337890625, -11.079028129577637],
              [132.5000762939453, -11.082666397094727],
              [132.50660705566406, -11.082833290100098],
              [132.51039123535156, -11.086028099060059],
              [132.51138305664062, -11.093388557434082],
              [132.50416564941406, -11.118139266967773],
              [132.5042266845703, -11.118805885314941],
              [132.5044403076172, -11.122278213500977],
              [132.5052490234375, -11.123777389526367],
              [132.5092010498047, -11.131221771240234],
              [132.50625610351562, -11.138833045959473],
              [132.49607849121094, -11.14769458770752],
              [132.4879150390625, -11.149611473083496],
              [132.47344970703125, -11.145610809326172],
              [132.46908569335938, -11.153721809387207],
              [132.47116088867188, -11.155111312866211],
              [132.47825622558594, -11.15986156463623],
              [132.47982788085938, -11.161916732788086],
              [132.47996520996094, -11.162111282348633],
              [132.4872283935547, -11.171527862548828],
              [132.49844360351562, -11.19861125946045],
              [132.51824951171875, -11.219833374023438],
              [132.52610778808594, -11.23727798461914],
              [132.5369110107422, -11.244555473327637],
              [132.53977966308594, -11.24958324432373],
              [132.54183959960938, -11.268416404724121],
              [132.54261779785156, -11.275361061096191],
              [132.54844665527344, -11.29675006866455],
              [132.56036376953125, -11.322667121887207],
              [132.5629425048828, -11.325638771057129],
              [132.57183837890625, -11.326472282409668],
              [132.578857421875, -11.329638481140137],
              [132.5819091796875, -11.332833290100098],
              [132.58407592773438, -11.338333129882812],
              [132.58277893066406, -11.346638679504395],
              [132.58447265625, -11.352611541748047],
              [132.5875244140625, -11.353972434997559],
              [132.59165954589844, -11.350028038024902],
              [132.59152221679688, -11.335222244262695],
              [132.5915069580078, -11.332972526550293],
              [132.5977020263672, -11.3013334274292],
              [132.60458374023438, -11.290194511413574],
              [132.61474609375, -11.282028198242188],
              [132.61705017089844, -11.277860641479492],
              [132.6148681640625, -11.26866626739502],
              [132.6155242919922, -11.244916915893555],
              [132.61749267578125, -11.23247241973877],
              [132.6165313720703, -11.228083610534668],
              [132.61361694335938, -11.225444793701172],
              [132.60821533203125, -11.220527648925781],
              [132.60147094726562, -11.21441650390625],
              [132.59927368164062, -11.207305908203125],
              [132.59971618652344, -11.203389167785645],
              [132.60289001464844, -11.194805145263672],
              [132.60914611816406, -11.188305854797363],
              [132.612548828125, -11.186638832092285],
              [132.61444091796875, -11.185722351074219],
              [132.62380981445312, -11.18677806854248],
              [132.6298370361328, -11.184861183166504],
              [132.61988830566406, -11.169083595275879],
              [132.61383056640625, -11.171667098999023],
              [132.60986328125, -11.168027877807617],
              [132.60516357421875, -11.167611122131348],
              [132.6021728515625, -11.168777465820312],
              [132.59568786621094, -11.17508316040039],
              [132.58847045898438, -11.175360679626465],
              [132.5830535888672, -11.17013931274414],
              [132.58114624023438, -11.16563892364502],
              [132.5794677734375, -11.161639213562012],
              [132.57891845703125, -11.15380573272705],
              [132.5806884765625, -11.145028114318848],
              [132.5836639404297, -11.139694213867188],
              [132.5873565673828, -11.13758373260498],
              [132.59228515625, -11.138472557067871],
              [132.59815979003906, -11.142555236816406],
              [132.60342407226562, -11.1410551071167],
              [132.611083984375, -11.129972457885742],
              [132.6105499267578, -11.125833511352539],
              [132.60794067382812, -11.121722221374512],
              [132.60069274902344, -11.118805885314941],
              [132.59950256347656, -11.113972663879395],
              [132.60218811035156, -11.104499816894531],
              [132.5957489013672, -11.090971946716309],
              [132.5941619873047, -11.073166847229004],
              [132.59388732910156, -11.069999694824219],
              [132.58680725097656, -11.059027671813965],
              [132.58335876464844, -11.04383373260498],
              [132.58297729492188, -11.02702808380127],
              [132.5796661376953, -11.014249801635742],
              [132.57810974121094, -11.008193969726562],
              [132.57913208007812, -10.995499610900879],
              [132.58396911621094, -10.98852825164795],
              [132.5888671875, -10.988027572631836],
              [132.5911102294922, -10.98063850402832],
              [132.59524536132812, -10.975972175598145],
              [132.5938262939453, -10.972305297851562],
              [132.59103393554688, -10.971416473388672],
              [132.58453369140625, -10.975639343261719],
              [132.58030700683594, -10.975777626037598],
              [132.575439453125, -10.975944519042969],
              [132.5693817138672, -10.97438907623291],
              [132.5647430419922, -10.977444648742676],
              [132.55606079101562, -10.994805335998535],
              [132.55902099609375, -11.010444641113281],
              [132.55931091308594, -11.016388893127441],
              [132.5596160888672, -11.022639274597168],
              [132.5587158203125, -11.02702808380127],
              [132.5550537109375, -11.031916618347168],
              [132.54916381835938, -11.036055564880371],
              [132.54441833496094, -11.039388656616211],
              [132.52694702148438, -11.042555809020996],
              [132.5165252685547, -11.049555778503418],
              [132.50747680664062, -11.051972389221191],
              [132.49864196777344, -11.05411148071289],
              [132.49160766601562, -11.052332878112793],
              [132.4819793701172, -11.04252815246582],
              [132.470947265625, -11.036861419677734],
              [132.46319580078125, -11.03024959564209],
              [132.4601593017578, -11.030750274658203],
              [132.459716796875, -11.0337495803833]
            ]
          ],
          [
            [
              [135.94619750976562, -11.69302749633789],
              [135.9473114013672, -11.69647216796875],
              [135.95236206054688, -11.701833724975586],
              [135.96817016601562, -11.7075834274292],
              [135.96878051757812, -11.70805549621582],
              [135.97552490234375, -11.712972640991211],
              [135.97972106933594, -11.713944435119629],
              [135.98614501953125, -11.706916809082031],
              [135.98980712890625, -11.710166931152344],
              [135.9899139404297, -11.719611167907715],
              [135.99574279785156, -11.718527793884277],
              [136.00552368164062, -11.703027725219727],
              [136.01622009277344, -11.689833641052246],
              [136.02488708496094, -11.686944007873535],
              [136.02725219726562, -11.684694290161133],
              [136.02975463867188, -11.673222541809082],
              [136.0410614013672, -11.664860725402832],
              [136.04486083984375, -11.659610748291016],
              [136.05050659179688, -11.656472206115723],
              [136.0514678955078, -11.653721809387207],
              [136.04644775390625, -11.646750450134277],
              [136.0340576171875, -11.648194313049316],
              [136.0284423828125, -11.647417068481445],
              [136.02438354492188, -11.643860816955566],
              [136.0215606689453, -11.641361236572266],
              [136.01710510253906, -11.642666816711426],
              [135.97528076171875, -11.666277885437012],
              [135.95767211914062, -11.673861503601074],
              [135.95130920410156, -11.6788330078125],
              [135.94650268554688, -11.687722206115723],
              [135.94619750976562, -11.69302749633789]
            ]
          ],
          [
            [
              [136.05397033691406, -11.641083717346191],
              [136.0574188232422, -11.646194458007812],
              [136.0594940185547, -11.645777702331543],
              [136.06288146972656, -11.637083053588867],
              [136.06199645996094, -11.633610725402832],
              [136.0573272705078, -11.634249687194824],
              [136.05397033691406, -11.641083717346191]
            ]
          ],
          [
            [
              [136.06997680664062, -13.465110778808594],
              [136.07296752929688, -13.468583106994629],
              [136.0740509033203, -13.473889350891113],
              [136.0820770263672, -13.4712495803833],
              [136.10252380371094, -13.469916343688965],
              [136.10472106933594, -13.464638710021973],
              [136.10313415527344, -13.459805488586426],
              [136.09242248535156, -13.453888893127441],
              [136.08538818359375, -13.45241641998291],
              [136.0819091796875, -13.45008373260498],
              [136.0786895751953, -13.444305419921875],
              [136.07583618164062, -13.447028160095215],
              [136.07530212402344, -13.451833724975586],
              [136.07711791992188, -13.457388877868652],
              [136.06997680664062, -13.465110778808594]
            ]
          ],
          [
            [
              [136.07296752929688, -11.770194053649902],
              [136.07339477539062, -11.774806022644043],
              [136.07852172851562, -11.773500442504883],
              [136.0883026123047, -11.7586669921875],
              [136.09866333007812, -11.750527381896973],
              [136.099853515625, -11.748222351074219],
              [136.09896850585938, -11.745222091674805],
              [136.095947265625, -11.745416641235352],
              [136.0897979736328, -11.751083374023438],
              [136.07882690429688, -11.751166343688965],
              [136.0762481689453, -11.752750396728516],
              [136.0780029296875, -11.761528015136719],
              [136.07652282714844, -11.765861511230469],
              [136.07296752929688, -11.770194053649902]
            ]
          ],
          [
            [
              [136.0735321044922, -11.591416358947754],
              [136.07603454589844, -11.596972465515137],
              [136.07546997070312, -11.602277755737305],
              [136.0766143798828, -11.605278015136719],
              [136.08082580566406, -11.604639053344727],
              [136.0882568359375, -11.589555740356445],
              [136.0894775390625, -11.58519458770752],
              [136.08810424804688, -11.58263874053955],
              [136.0836639404297, -11.583277702331543],
              [136.07427978515625, -11.588000297546387],
              [136.0735321044922, -11.591416358947754]
            ]
          ],
          [
            [
              [136.08575439453125, -13.363778114318848],
              [136.10308837890625, -13.364027976989746],
              [136.118896484375, -13.372361183166504],
              [136.12303161621094, -13.377249717712402],
              [136.1210479736328, -13.385055541992188],
              [136.1282196044922, -13.39205551147461],
              [136.1294708251953, -13.403778076171875],
              [136.134033203125, -13.411972045898438],
              [136.1359100341797, -13.415361404418945],
              [136.13607788085938, -13.419750213623047],
              [136.1339111328125, -13.42430591583252],
              [136.12680053710938, -13.427888870239258],
              [136.1241455078125, -13.434082984924316],
              [136.1245574951172, -13.439138412475586],
              [136.1314697265625, -13.447278022766113],
              [136.13116455078125, -13.452333450317383],
              [136.12753295898438, -13.461944580078125],
              [136.11920166015625, -13.470805168151855],
              [136.1174774169922, -13.475861549377441],
              [136.11839294433594, -13.479305267333984],
              [136.1249237060547, -13.482138633728027],
              [136.12649536132812, -13.486083030700684],
              [136.12503051757812, -13.491806030273438],
              [136.12564086914062, -13.497333526611328],
              [136.1232147216797, -13.501667022705078],
              [136.12388610839844, -13.503999710083008],
              [136.1368865966797, -13.499555587768555],
              [136.139892578125, -13.500778198242188],
              [136.14039611816406, -13.500971794128418],
              [136.1452178955078, -13.506805419921875],
              [136.14613342285156, -13.510722160339355],
              [136.14395141601562, -13.515527725219727],
              [136.13796997070312, -13.521888732910156],
              [136.13525390625, -13.534500122070312],
              [136.12628173828125, -13.537361145019531],
              [136.12364196777344, -13.541250228881836],
              [136.124755859375, -13.545389175415039],
              [136.13197326660156, -13.550777435302734],
              [136.1316375732422, -13.557222366333008],
              [136.1339111328125, -13.562305450439453],
              [136.13650512695312, -13.564167022705078],
              [136.1466064453125, -13.562000274658203],
              [136.1475830078125, -13.560166358947754],
              [136.14622497558594, -13.556694030761719],
              [136.1431884765625, -13.554361343383789],
              [136.14210510253906, -13.547916412353516],
              [136.1446990966797, -13.528916358947754],
              [136.1449737548828, -13.526805877685547],
              [136.14903259277344, -13.521111488342285],
              [136.15374755859375, -13.520694732666016],
              [136.15933227539062, -13.524222373962402],
              [136.16146850585938, -13.520805358886719],
              [136.16258239746094, -13.50955581665039],
              [136.15411376953125, -13.494028091430664],
              [136.14657592773438, -13.49394416809082],
              [136.14332580566406, -13.491806030273438],
              [136.13919067382812, -13.484167098999023],
              [136.137939453125, -13.47219467163086],
              [136.139892578125, -13.469249725341797],
              [136.14599609375, -13.468388557434082],
              [136.14781188964844, -13.474166870117188],
              [136.15245056152344, -13.47652816772461],
              [136.1600799560547, -13.484222412109375],
              [136.16343688964844, -13.479666709899902],
              [136.1638641357422, -13.475360870361328],
              [136.16427612304688, -13.47094440460205],
              [136.16783142089844, -13.466833114624023],
              [136.1754150390625, -13.462555885314941],
              [136.18106079101562, -13.462861061096191],
              [136.1884765625, -13.469388961791992],
              [136.19175720214844, -13.470138549804688],
              [136.19891357421875, -13.461472511291504],
              [136.2006072998047, -13.457361221313477],
              [136.200439453125, -13.452777862548828],
              [136.1943359375, -13.453389167785645],
              [136.17364501953125, -13.437694549560547],
              [136.171142578125, -13.432389259338379],
              [136.1752166748047, -13.42508316040039],
              [136.17291259765625, -13.420916557312012],
              [136.1645050048828, -13.419888496398926],
              [136.15936279296875, -13.417055130004883],
              [136.1564483642578, -13.413416862487793],
              [136.15150451660156, -13.407305717468262],
              [136.14788818359375, -13.397360801696777],
              [136.1461639404297, -13.38469409942627],
              [136.14027404785156, -13.386917114257812],
              [136.1365203857422, -13.3861665725708],
              [136.13327026367188, -13.383138656616211],
              [136.13014221191406, -13.373666763305664],
              [136.11683654785156, -13.36661148071289],
              [136.11203002929688, -13.358499526977539],
              [136.10231018066406, -13.360777854919434],
              [136.0907745361328, -13.358194351196289],
              [136.0874786376953, -13.358972549438477],
              [136.08575439453125, -13.363778114318848]
            ]
          ],
          [
            [
              [136.10372924804688, -13.813471794128418],
              [136.10574340820312, -13.819916725158691],
              [136.11297607421875, -13.82669448852539],
              [136.1175537109375, -13.83388900756836],
              [136.12783813476562, -13.83952808380127],
              [136.14707946777344, -13.841166496276855],
              [136.16477966308594, -13.83769416809082],
              [136.16908264160156, -13.832249641418457],
              [136.16839599609375, -13.8283052444458],
              [136.16819763183594, -13.827166557312012],
              [136.16566467285156, -13.823472023010254],
              [136.1578826904297, -13.824055671691895],
              [136.15042114257812, -13.82027816772461],
              [136.15228271484375, -13.813944816589355],
              [136.15313720703125, -13.81088924407959],
              [136.15255737304688, -13.803055763244629],
              [136.15029907226562, -13.794750213623047],
              [136.14425659179688, -13.790305137634277],
              [136.1433563232422, -13.78730583190918],
              [136.14599609375, -13.782750129699707],
              [136.1500244140625, -13.780278205871582],
              [136.1580352783203, -13.780138969421387],
              [136.16802978515625, -13.771305084228516],
              [136.17225646972656, -13.770194053649902],
              [136.181884765625, -13.770777702331543],
              [136.18678283691406, -13.773388862609863],
              [136.18882751464844, -13.779388427734375],
              [136.18800354003906, -13.788805961608887],
              [136.18994140625, -13.80008316040039],
              [136.20338439941406, -13.813777923583984],
              [136.2052459716797, -13.815694808959961],
              [136.20799255371094, -13.82308292388916],
              [136.20303344726562, -13.842111587524414],
              [136.19680786132812, -13.852611541748047],
              [136.19908142089844, -13.857222557067871],
              [136.2049102783203, -13.860278129577637],
              [136.21197509765625, -13.859916687011719],
              [136.22471618652344, -13.854805946350098],
              [136.23043823242188, -13.850722312927246],
              [136.2356414794922, -13.849416732788086],
              [136.24424743652344, -13.854110717773438],
              [136.2449951171875, -13.850444793701172],
              [136.24346923828125, -13.84213924407959],
              [136.24447631835938, -13.838722229003906],
              [136.2515869140625, -13.83419418334961],
              [136.25328063964844, -13.82986068725586],
              [136.25311279296875, -13.828277587890625],
              [136.25241088867188, -13.822722434997559],
              [136.25782775878906, -13.805777549743652],
              [136.25802612304688, -13.789694786071777],
              [136.2594757080078, -13.787860870361328],
              [136.264892578125, -13.787471771240234],
              [136.27346801757812, -13.796083450317383],
              [136.27793884277344, -13.795666694641113],
              [136.28033447265625, -13.791555404663086],
              [136.2746124267578, -13.780471801757812],
              [136.27133178710938, -13.761333465576172],
              [136.26710510253906, -13.759444236755371],
              [136.26043701171875, -13.759888648986816],
              [136.25778198242188, -13.760055541992188],
              [136.25657653808594, -13.760138511657715],
              [136.25230407714844, -13.760416984558105],
              [136.2488555908203, -13.75391674041748],
              [136.2491455078125, -13.75361156463623],
              [136.25718688964844, -13.744832992553711],
              [136.26524353027344, -13.740805625915527],
              [136.2699737548828, -13.739694595336914],
              [136.2745819091797, -13.74072265625],
              [136.28213500976562, -13.742388725280762],
              [136.28761291503906, -13.739916801452637],
              [136.2946319580078, -13.739999771118164],
              [136.29747009277344, -13.737750053405762],
              [136.292724609375, -13.725972175598145],
              [136.2900848388672, -13.712139129638672],
              [136.28469848632812, -13.709083557128906],
              [136.27369689941406, -13.707111358642578],
              [136.2655792236328, -13.696416854858398],
              [136.2566680908203, -13.696527481079102],
              [136.24989318847656, -13.693694114685059],
              [136.2489776611328, -13.691166877746582],
              [136.2516632080078, -13.683833122253418],
              [136.2489471435547, -13.676888465881348],
              [136.24468994140625, -13.676610946655273],
              [136.23983764648438, -13.671500205993652],
              [136.23394775390625, -13.67258358001709],
              [136.22300720214844, -13.665082931518555],
              [136.21560668945312, -13.665499687194824],
              [136.20303344726562, -13.666194915771484],
              [136.19900512695312, -13.667750358581543],
              [136.1951904296875, -13.671388626098633],
              [136.1892852783203, -13.673388481140137],
              [136.1863555908203, -13.675999641418457],
              [136.18072509765625, -13.681083679199219],
              [136.1873016357422, -13.681416511535645],
              [136.1880340576172, -13.69705581665039],
              [136.18560791015625, -13.70138931274414],
              [136.17330932617188, -13.708833694458008],
              [136.1737518310547, -13.712055206298828],
              [136.17767333984375, -13.717833518981934],
              [136.17689514160156, -13.72266674041748],
              [136.17189025878906, -13.728583335876465],
              [136.17811584472656, -13.736472129821777],
              [136.179443359375, -13.742250442504883],
              [136.17750549316406, -13.747278213500977],
              [136.1715545654297, -13.751805305480957],
              [136.1654510498047, -13.753110885620117],
              [136.1532440185547, -13.74927806854248],
              [136.14544677734375, -13.74969482421875],
              [136.1431427001953, -13.749833106994629],
              [136.1387176513672, -13.746999740600586],
              [136.13763427734375, -13.740083694458008],
              [136.12635803222656, -13.73972225189209],
              [136.12384033203125, -13.736000061035156],
              [136.1227569580078, -13.72772216796875],
              [136.11903381347656, -13.725360870361328],
              [136.11703491210938, -13.726444244384766],
              [136.1140594482422, -13.728055953979492],
              [136.11141967773438, -13.732166290283203],
              [136.1074676513672, -13.74477767944336],
              [136.10972595214844, -13.754444122314453],
              [136.1082000732422, -13.761333465576172],
              [136.11044311523438, -13.769639015197754],
              [136.1168670654297, -13.782833099365234],
              [136.11721801757812, -13.789278030395508],
              [136.11277770996094, -13.802166938781738],
              [136.11236572265625, -13.803388595581055],
              [136.11233520507812, -13.803472518920898],
              [136.10372924804688, -13.813471794128418]
            ]
          ],
          [
            [
              [136.10450744628906, -11.56077766418457],
              [136.10813903808594, -11.567028045654297],
              [136.115966796875, -11.557250022888184],
              [136.1193389892578, -11.548999786376953],
              [136.11822509765625, -11.5466947555542],
              [136.1112518310547, -11.54544448852539],
              [136.10861206054688, -11.549111366271973],
              [136.10450744628906, -11.56077766418457]
            ]
          ],
          [
            [
              [136.12344360351562, -11.712638854980469],
              [136.12632751464844, -11.723722457885742],
              [136.128173828125, -11.725138664245605],
              [136.1312255859375, -11.725388526916504],
              [136.13427734375, -11.722694396972656],
              [136.13897705078125, -11.721583366394043],
              [136.14561462402344, -11.712027549743652],
              [136.14938354492188, -11.709527969360352],
              [136.15296936035156, -11.701305389404297],
              [136.1507568359375, -11.693666458129883],
              [136.14064025878906, -11.68388843536377],
              [136.13758850097656, -11.683610916137695],
              [136.1395263671875, -11.69605541229248],
              [136.1368865966797, -11.701777458190918],
              [136.1328582763672, -11.705166816711426],
              [136.1272430419922, -11.706250190734863],
              [136.12344360351562, -11.712638854980469]
            ]
          ],
          [
            [
              [136.15757751464844, -11.689861297607422],
              [136.158447265625, -11.694916725158691],
              [136.1658935546875, -11.696389198303223],
              [136.1717529296875, -11.694639205932617],
              [136.17286682128906, -11.69386100769043],
              [136.1823272705078, -11.687166213989258],
              [136.18896484375, -11.678972244262695],
              [136.194580078125, -11.676527976989746],
              [136.19891357421875, -11.668055534362793],
              [136.20242309570312, -11.668110847473145],
              [136.2074737548828, -11.674166679382324],
              [136.20980834960938, -11.674416542053223],
              [136.2147979736328, -11.666194915771484],
              [136.2129669189453, -11.662278175354004],
              [136.21511840820312, -11.659083366394043],
              [136.22193908691406, -11.654333114624023],
              [136.22657775878906, -11.655305862426758],
              [136.22947692871094, -11.668222427368164],
              [136.2393341064453, -11.662833213806152],
              [136.251220703125, -11.661833763122559],
              [136.25750732421875, -11.664667129516602],
              [136.25933837890625, -11.664610862731934],
              [136.26194763183594, -11.66450023651123],
              [136.2638397216797, -11.661527633666992],
              [136.26492309570312, -11.650278091430664],
              [136.2689666748047, -11.643194198608398],
              [136.2675323486328, -11.629361152648926],
              [136.26402282714844, -11.628389358520508],
              [136.2576446533203, -11.635222434997559],
              [136.25558471679688, -11.634055137634277],
              [136.2544403076172, -11.631028175354004],
              [136.25730895996094, -11.626472473144531],
              [136.26832580566406, -11.61947250366211],
              [136.27113342285156, -11.619750022888184],
              [136.27552795410156, -11.62280559539795],
              [136.28395080566406, -11.621527671813965],
              [136.28811645507812, -11.623861312866211],
              [136.29100036621094, -11.635167121887207],
              [136.29489135742188, -11.640055656433105],
              [136.29885864257812, -11.63919448852539],
              [136.30332946777344, -11.633472442626953],
              [136.30386352539062, -11.632805824279785],
              [136.31846618652344, -11.620111465454102],
              [136.32569885253906, -11.619722366333008],
              [136.32913208007812, -11.624388694763184],
              [136.33436584472656, -11.618000030517578],
              [136.33538818359375, -11.610194206237793],
              [136.33778381347656, -11.606778144836426],
              [136.35093688964844, -11.59636116027832],
              [136.35516357421875, -11.595722198486328],
              [136.36068725585938, -11.59969425201416],
              [136.36514282226562, -11.59927749633789],
              [136.3745880126953, -11.59041690826416],
              [136.37696838378906, -11.585166931152344],
              [136.37538146972656, -11.581000328063965],
              [136.37074279785156, -11.579333305358887],
              [136.3664093017578, -11.57147216796875],
              [136.36599731445312, -11.567083358764648],
              [136.36538696289062, -11.560861587524414],
              [136.3587188720703, -11.553194046020508],
              [136.355224609375, -11.552916526794434],
              [136.35372924804688, -11.560500144958496],
              [136.3427276611328, -11.564722061157227],
              [136.34222412109375, -11.56772232055664],
              [136.34585571289062, -11.573749542236328],
              [136.343505859375, -11.577388763427734],
              [136.33599853515625, -11.579610824584961],
              [136.33688354492188, -11.583971977233887],
              [136.33566284179688, -11.587888717651367],
              [136.32821655273438, -11.585721969604492],
              [136.32308959960938, -11.587721824645996],
              [136.3181915283203, -11.587444305419922],
              [136.30880737304688, -11.57397174835205],
              [136.2940216064453, -11.580222129821777],
              [136.29306030273438, -11.582972526550293],
              [136.29428100585938, -11.58638858795166],
              [136.29710388183594, -11.594528198242188],
              [136.3094940185547, -11.592611312866211],
              [136.31057739257812, -11.597472190856934],
              [136.31381225585938, -11.601638793945312],
              [136.31283569335938, -11.60486125946045],
              [136.3072509765625, -11.604555130004883],
              [136.300048828125, -11.601943969726562],
              [136.29208374023438, -11.604833602905273],
              [136.28067016601562, -11.60444450378418],
              [136.2769775390625, -11.600500106811523],
              [136.27755737304688, -11.591527938842773],
              [136.27330017089844, -11.579055786132812],
              [136.2701873779297, -11.584083557128906],
              [136.26763916015625, -11.584028244018555],
              [136.264892578125, -11.58102798461914],
              [136.26564025878906, -11.577583312988281],
              [136.26380920410156, -11.573638916015625],
              [136.25961303710938, -11.574055671691895],
              [136.2554931640625, -11.58002758026123],
              [136.25413513183594, -11.582027435302734],
              [136.24966430664062, -11.58566665649414],
              [136.2467498779297, -11.593889236450195],
              [136.23899841308594, -11.599082946777344],
              [136.23802185058594, -11.60230541229248],
              [136.24166870117188, -11.608333587646484],
              [136.2377471923828, -11.622777938842773],
              [136.22958374023438, -11.623138427734375],
              [136.22030639648438, -11.619333267211914],
              [136.2195587158203, -11.62255573272705],
              [136.22207641601562, -11.62511157989502],
              [136.22813415527344, -11.626805305480957],
              [136.2290496826172, -11.628889083862305],
              [136.22874450683594, -11.633028030395508],
              [136.22592163085938, -11.63688850402832],
              [136.22747802734375, -11.641972541809082],
              [136.22511291503906, -11.64538860321045],
              [136.22088623046875, -11.645583152770996],
              [136.21836853027344, -11.643250465393066],
              [136.2118377685547, -11.644305229187012],
              [136.2064666748047, -11.642167091369629],
              [136.20506286621094, -11.645416259765625],
              [136.20408630371094, -11.647666931152344],
              [136.20494079589844, -11.652277946472168],
              [136.20372009277344, -11.655471801757812],
              [136.20046997070312, -11.655194282531738],
              [136.18844604492188, -11.64769458770752],
              [136.1765594482422, -11.647305488586426],
              [136.1703338623047, -11.642389297485352],
              [136.16566467285156, -11.642805099487305],
              [136.16305541992188, -11.645750045776367],
              [136.1639404296875, -11.64827823638916],
              [136.1681365966797, -11.6497220993042],
              [136.1690216064453, -11.65250015258789],
              [136.16664123535156, -11.658222198486328],
              [136.16961669921875, -11.661250114440918],
              [136.17210388183594, -11.667027473449707],
              [136.17694091796875, -11.670305252075195],
              [136.1773681640625, -11.674221992492676],
              [136.17588806152344, -11.681111335754395],
              [136.16725158691406, -11.681916236877441],
              [136.1609649658203, -11.679082870483398],
              [136.15835571289062, -11.68227767944336],
              [136.15757751464844, -11.689861297607422]
            ]
          ],
          [
            [
              [136.19097900390625, -11.615750312805176],
              [136.19129943847656, -11.625638961791992],
              [136.1951904296875, -11.631194114685059],
              [136.20303344726562, -11.637971878051758],
              [136.20558166503906, -11.637999534606934],
              [136.20680236816406, -11.633889198303223],
              [136.20594787597656, -11.631111145019531],
              [136.20225524902344, -11.627833366394043],
              [136.20118713378906, -11.617472648620605],
              [136.19424438476562, -11.615083694458008],
              [136.19097900390625, -11.615750312805176]
            ]
          ],
          [
            [
              [136.2169189453125, -13.592805862426758],
              [136.22500610351562, -13.602083206176758],
              [136.23507690429688, -13.604527473449707],
              [136.24241638183594, -13.599778175354004],
              [136.24435424804688, -13.595444679260254],
              [136.24166870117188, -13.586194038391113],
              [136.2297821044922, -13.57824993133545],
              [136.22764587402344, -13.579360961914062],
              [136.22691345214844, -13.582111358642578],
              [136.23289489746094, -13.591166496276855],
              [136.22982788085938, -13.592499732971191],
              [136.2242431640625, -13.588749885559082],
              [136.21908569335938, -13.589138984680176],
              [136.2169189453125, -13.592805862426758]
            ]
          ],
          [
            [
              [136.23580932617188, -13.441944122314453],
              [136.2383270263672, -13.44588851928711],
              [136.2388916015625, -13.457860946655273],
              [136.24169921875, -13.457416534423828],
              [136.2457275390625, -13.454028129577637],
              [136.26205444335938, -13.46227741241455],
              [136.2655792236328, -13.462333679199219],
              [136.2675018310547, -13.45936107635498],
              [136.2659149169922, -13.454277992248535],
              [136.24935913085938, -13.444639205932617],
              [136.24452209472656, -13.437000274658203],
              [136.23866271972656, -13.43761157989502],
              [136.23631286621094, -13.439416885375977],
              [136.23580932617188, -13.441944122314453]
            ]
          ],
          [
            [
              [136.3214111328125, -14.219916343688965],
              [136.32388305664062, -14.227749824523926],
              [136.3223114013672, -14.24174976348877],
              [136.32363891601562, -14.247528076171875],
              [136.32789611816406, -14.246889114379883],
              [136.3343048095703, -14.242138862609863],
              [136.34181213378906, -14.235361099243164],
              [136.3524169921875, -14.225805282592773],
              [136.3999786376953, -14.206832885742188],
              [136.41224670410156, -14.20513916015625],
              [136.4219512939453, -14.202055931091309],
              [136.43675231933594, -14.202917098999023],
              [136.4445037841797, -14.205305099487305],
              [136.45053100585938, -14.212027549743652],
              [136.45277404785156, -14.220499992370605],
              [136.45347595214844, -14.223111152648926],
              [136.45880126953125, -14.227083206176758],
              [136.47569274902344, -14.2339448928833],
              [136.48313903808594, -14.240471839904785],
              [136.4991455078125, -14.241555213928223],
              [136.5041046142578, -14.240694046020508],
              [136.50860595703125, -14.23799991607666],
              [136.5208282470703, -14.239972114562988],
              [136.52549743652344, -14.242555618286133],
              [136.5270538330078, -14.250611305236816],
              [136.53639221191406, -14.25855541229248],
              [136.5396728515625, -14.259499549865723],
              [136.54344177246094, -14.257944107055664],
              [136.54864501953125, -14.258222579956055],
              [136.55914306640625, -14.265250205993652],
              [136.5796356201172, -14.264555931091309],
              [136.58363342285156, -14.265527725219727],
              [136.58782958984375, -14.26924991607666],
              [136.62405395507812, -14.270333290100098],
              [136.62828063964844, -14.272916793823242],
              [136.62770080566406, -14.282333374023438],
              [136.63021850585938, -14.287638664245605],
              [136.63916015625, -14.28980541229248],
              [136.64517211914062, -14.298832893371582],
              [136.64869689941406, -14.299805641174316],
              [136.66241455078125, -14.29283332824707],
              [136.66644287109375, -14.293110847473145],
              [136.67178344726562, -14.30122184753418],
              [136.67764282226562, -14.302194595336914],
              [136.68002319335938, -14.299694061279297],
              [136.67750549316406, -14.295055389404297],
              [136.68154907226562, -14.288666725158691],
              [136.69366455078125, -14.281000137329102],
              [136.70521545410156, -14.279500007629395],
              [136.72914123535156, -14.267582893371582],
              [136.7352752685547, -14.266277313232422],
              [136.75244140625, -14.266694068908691],
              [136.75527954101562, -14.267167091369629],
              [136.75735473632812, -14.269944190979004],
              [136.76113891601562, -14.270222663879395],
              [136.78494262695312, -14.267027854919434],
              [136.7903289794922, -14.270999908447266],
              [136.80020141601562, -14.273388862609863],
              [136.8067169189453, -14.277388572692871],
              [136.80880737304688, -14.282694816589355],
              [136.8077850341797, -14.285333633422852],
              [136.80661010742188, -14.288416862487793],
              [136.8004150390625, -14.293639183044434],
              [136.80674743652344, -14.29830551147461],
              [136.81541442871094, -14.300444602966309],
              [136.8182830810547, -14.299555778503418],
              [136.81784057617188, -14.297027587890625],
              [136.81149291992188, -14.293527603149414],
              [136.81105041503906, -14.290749549865723],
              [136.8151092529297, -14.286666870117188],
              [136.81936645507812, -14.285555839538574],
              [136.82569885253906, -14.28861141204834],
              [136.8294219970703, -14.293472290039062],
              [136.8383026123047, -14.298861503601074],
              [136.8413543701172, -14.298194885253906],
              [136.84361267089844, -14.287416458129883],
              [136.8485870361328, -14.28516674041748],
              [136.85353088378906, -14.285666465759277],
              [136.86264038085938, -14.2926664352417],
              [136.8686981201172, -14.298694610595703],
              [136.87136840820312, -14.304222106933594],
              [136.8723602294922, -14.306333541870117],
              [136.88156127929688, -14.3059720993042],
              [136.88455200195312, -14.311277389526367],
              [136.88949584960938, -14.312027931213379],
              [136.8930206298828, -14.310916900634766],
              [136.89889526367188, -14.314416885375977],
              [136.8998565673828, -14.310527801513672],
              [136.89735412597656, -14.30222225189209],
              [136.9007568359375, -14.294888496398926],
              [136.90478515625, -14.291722297668457],
              [136.9102020263672, -14.291305541992188],
              [136.91908264160156, -14.298749923706055],
              [136.93106079101562, -14.302555084228516],
              [136.93692016601562, -14.306056022644043],
              [136.94281005859375, -14.305889129638672],
              [136.9472198486328, -14.309833526611328],
              [136.94891357421875, -14.30411148071289],
              [136.94522094726562, -14.299471855163574],
              [136.936279296875, -14.298027992248535],
              [136.93324279785156, -14.29544448852539],
              [136.93258666992188, -14.291999816894531],
              [136.93402099609375, -14.288555145263672],
              [136.94485473632812, -14.286833763122559],
              [136.95730590820312, -14.29111099243164],
              [136.96157836914062, -14.289083480834961],
              [136.9566650390625, -14.28558349609375],
              [136.94422912597656, -14.280638694763184],
              [136.94175720214844, -14.270028114318848],
              [136.93824768066406, -14.266777992248535],
              [136.93783569335938, -14.263999938964844],
              [136.94236755371094, -14.258305549621582],
              [136.95155334472656, -14.254500389099121],
              [136.9539794921875, -14.25130558013916],
              [136.94766235351562, -14.245027542114258],
              [136.94674682617188, -14.241360664367676],
              [136.947998046875, -14.236305236816406],
              [136.943115234375, -14.230972290039062],
              [136.94549560546875, -14.227999687194824],
              [136.94789123535156, -14.225028038024902],
              [136.94345092773438, -14.221555709838867],
              [136.93405151367188, -14.218694686889648],
              [136.93080139160156, -14.214972496032715],
              [136.92991638183594, -14.20947265625],
              [136.93235778808594, -14.200528144836426],
              [136.93638610839844, -14.196639060974121],
              [136.9413299560547, -14.19647216796875],
              [136.9453125, -14.202249526977539],
              [136.94810485839844, -14.202055931091309],
              [136.955078125, -14.190166473388672],
              [136.95472717285156, -14.17983341217041],
              [136.95947265625, -14.174139022827148],
              [136.95738220214844, -14.170416831970215],
              [136.94500732421875, -14.163861274719238],
              [136.93222045898438, -14.169249534606934],
              [136.92752075195312, -14.170194625854492],
              [136.9256134033203, -14.170555114746094],
              [136.92117309570312, -14.168222427368164],
              [136.91793823242188, -14.161055564880371],
              [136.9196319580078, -14.157416343688965],
              [136.92555236816406, -14.154694557189941],
              [136.92605590820312, -14.151721954345703],
              [136.9150848388672, -14.142889022827148],
              [136.90963745117188, -14.143750190734863],
              [136.9072723388672, -14.146027565002441],
              [136.9119110107422, -14.15250015258789],
              [136.90716552734375, -14.157278060913086],
              [136.90736389160156, -14.161417007446289],
              [136.91268920898438, -14.166999816894531],
              [136.91311645507812, -14.172499656677246],
              [136.91094970703125, -14.177778244018555],
              [136.90380859375, -14.184361457824707],
              [136.89132690429688, -14.206999778747559],
              [136.88894653320312, -14.208805084228516],
              [136.88563537597656, -14.211305618286133],
              [136.87002563476562, -14.216194152832031],
              [136.85638427734375, -14.215360641479492],
              [136.85264587402344, -14.213277816772461],
              [136.84896850585938, -14.205638885498047],
              [136.84364318847656, -14.199138641357422],
              [136.84088134765625, -14.191082954406738],
              [136.8352813720703, -14.18619441986084],
              [136.82333374023438, -14.180999755859375],
              [136.81472778320312, -14.17127799987793],
              [136.80580139160156, -14.168194770812988],
              [136.80142211914062, -14.163555145263672],
              [136.79986572265625, -14.155027389526367],
              [136.7982177734375, -14.153166770935059],
              [136.794921875, -14.153583526611328],
              [136.7923126220703, -14.15655517578125],
              [136.78500366210938, -14.15786075592041],
              [136.7780303955078, -14.1497220993042],
              [136.77261352539062, -14.149916648864746],
              [136.77606201171875, -14.15683364868164],
              [136.7736358642578, -14.162111282348633],
              [136.77603149414062, -14.167750358581543],
              [136.77685546875, -14.169722557067871],
              [136.77516174316406, -14.171777725219727],
              [136.76905822753906, -14.17377758026123],
              [136.76852416992188, -14.176305770874023],
              [136.77133178710938, -14.179306030273438],
              [136.77671813964844, -14.181221961975098],
              [136.77854919433594, -14.186750411987305],
              [136.78274536132812, -14.188860893249512],
              [136.7848358154297, -14.192777633666992],
              [136.7843017578125, -14.19647216796875],
              [136.78195190429688, -14.19897174835205],
              [136.76002502441406, -14.200333595275879],
              [136.75254821777344, -14.194527626037598],
              [136.74668884277344, -14.192832946777344],
              [136.7401123046875, -14.19255542755127],
              [136.7304229736328, -14.195194244384766],
              [136.7250213623047, -14.194000244140625],
              [136.71871948242188, -14.189332962036133],
              [136.7065887451172, -14.180222511291504],
              [136.70358276367188, -14.17491626739502],
              [136.70272827148438, -14.168916702270508],
              [136.70489501953125, -14.164361000061035],
              [136.7093963623047, -14.161417007446289],
              [136.7111358642578, -14.152694702148438],
              [136.7144775390625, -14.149499893188477],
              [136.71261596679688, -14.146721839904785],
              [136.7034454345703, -14.145722389221191],
              [136.70016479492188, -14.142472267150879],
              [136.69619750976562, -14.121277809143066],
              [136.69813537597656, -14.115777969360352],
              [136.7007293701172, -14.114889144897461],
              [136.7071075439453, -14.11241626739502],
              [136.70858764648438, -14.108055114746094],
              [136.7109375, -14.107166290283203],
              [136.7151336669922, -14.111361503601074],
              [136.71841430664062, -14.110472679138184],
              [136.71522521972656, -14.104000091552734],
              [136.71144104003906, -14.102805137634277],
              [136.7093963623047, -14.098889350891113],
              [136.7125244140625, -14.092721939086914],
              [136.71990966796875, -14.083833694458008],
              [136.71810913085938, -14.076666831970215],
              [136.71932983398438, -14.073694229125977],
              [136.73439025878906, -14.073166847229004],
              [136.73692321777344, -14.07824993133545],
              [136.73428344726562, -14.083527565002441],
              [136.7405548095703, -14.089805603027344],
              [136.74594116210938, -14.091694831848145],
              [136.74993896484375, -14.091055870056152],
              [136.7514190673828, -14.088083267211914],
              [136.74864196777344, -14.082305908203125],
              [136.74508666992188, -14.078944206237793],
              [136.74468994140625, -14.078583717346191],
              [136.74427795410156, -14.073277473449707],
              [136.7469482421875, -14.067111015319824],
              [136.750244140625, -14.063916206359863],
              [136.75497436523438, -14.063750267028809],
              [136.75735473632812, -14.060999870300293],
              [136.7570037841797, -14.052027702331543],
              [136.76171875, -14.048861503601074],
              [136.7678680419922, -14.048027992248535],
              [136.7713623046875, -14.049888610839844],
              [136.7736358642578, -14.055444717407227],
              [136.77285766601562, -14.06369400024414],
              [136.7782745361328, -14.061471939086914],
              [136.77952575683594, -14.056194305419922],
              [136.7788848876953, -14.049972534179688],
              [136.78152465820312, -14.045166969299316],
              [136.7850799560547, -14.042444229125977],
              [136.79025268554688, -14.042972564697266],
              [136.7944793701172, -14.046222686767578],
              [136.79891967773438, -14.046500205993652],
              [136.802001953125, -14.044694900512695],
              [136.80661010742188, -14.032111167907715],
              [136.80531311035156, -14.02894401550293],
              [136.80386352539062, -14.025416374206543],
              [136.80010986328125, -14.024444580078125],
              [136.7869110107422, -14.025472640991211],
              [136.77935791015625, -14.02905559539795],
              [136.77230834960938, -14.028306007385254],
              [136.7653350830078, -14.022000312805176],
              [136.76046752929688, -14.013916969299316],
              [136.76011657714844, -14.003110885620117],
              [136.76419067382812, -13.974861145019531],
              [136.7630615234375, -13.97119426727295],
              [136.75189208984375, -13.960027694702148],
              [136.7460479736328, -13.956972122192383],
              [136.7413330078125, -13.958083152770996],
              [136.7396697998047, -13.959305763244629],
              [136.737060546875, -13.961250305175781],
              [136.7310333251953, -13.97427749633789],
              [136.7255859375, -13.97813892364502],
              [136.71688842773438, -13.977582931518555],
              [136.71408081054688, -13.975472450256348],
              [136.70985412597656, -13.975193977355957],
              [136.70755004882812, -13.971278190612793],
              [136.70758056640625, -13.966917037963867],
              [136.70974731445312, -13.962555885314941],
              [136.71783447265625, -13.955527305603027],
              [136.71763610839844, -13.951833724975586],
              [136.71536254882812, -13.946527481079102],
              [136.7137451171875, -13.943528175354004],
              [136.71475219726562, -13.93869400024414],
              [136.7185516357422, -13.934611320495605],
              [136.72850036621094, -13.927833557128906],
              [136.73460388183594, -13.928583145141602],
              [136.74989318847656, -13.951722145080566],
              [136.7633819580078, -13.963833808898926],
              [136.76571655273438, -13.963388442993164],
              [136.78456115722656, -13.92175006866455],
              [136.79025268554688, -13.916749954223633],
              [136.79757690429688, -13.913888931274414],
              [136.8143310546875, -13.907361030578613],
              [136.8241729736328, -13.911138534545898],
              [136.83078002929688, -13.910277366638184],
              [136.8361358642578, -13.912638664245605],
              [136.8441619873047, -13.910888671875],
              [136.85093688964844, -13.914416313171387],
              [136.8535614013672, -13.913749694824219],
              [136.8568572998047, -13.909639358520508],
              [136.85791015625, -13.901139259338379],
              [136.85897827148438, -13.890110969543457],
              [136.87411499023438, -13.859472274780273],
              [136.89517211914062, -13.825638771057129],
              [136.90756225585938, -13.81130599975586],
              [136.9209747314453, -13.809139251708984],
              [136.92311096191406, -13.80686092376709],
              [136.91949462890625, -13.801361083984375],
              [136.91525268554688, -13.794805526733398],
              [136.90908813476562, -13.776139259338379],
              [136.9051971435547, -13.768500328063965],
              [136.89183044433594, -13.762166976928711],
              [136.8883819580078, -13.75683307647705],
              [136.8699951171875, -13.75986099243164],
              [136.8568572998047, -13.75766658782959],
              [136.84002685546875, -13.750361442565918],
              [136.8374481201172, -13.750778198242188],
              [136.8364715576172, -13.753527641296387],
              [136.83827209472656, -13.760916709899902],
              [136.8377227783203, -13.768250465393066],
              [136.8374481201172, -13.771944046020508],
              [136.8390350341797, -13.778861045837402],
              [136.83657836914062, -13.785972595214844],
              [136.8315887451172, -13.791889190673828],
              [136.82566833496094, -13.795971870422363],
              [136.81503295898438, -13.800694465637207],
              [136.8054656982422, -13.813916206359863],
              [136.803466796875, -13.819527626037598],
              [136.79469299316406, -13.833333015441895],
              [136.7953643798828, -13.837944030761719],
              [136.7981719970703, -13.83727741241455],
              [136.8094482421875, -13.816499710083008],
              [136.813720703125, -13.812166213989258],
              [136.8194122314453, -13.808833122253418],
              [136.82603454589844, -13.804944038391113],
              [136.83145141601562, -13.8038330078125],
              [136.8361358642578, -13.804805755615234],
              [136.84127807617188, -13.808777809143066],
              [136.84402465820312, -13.814332962036133],
              [136.84442138671875, -13.821916580200195],
              [136.8417205810547, -13.831999778747559],
              [136.8350067138672, -13.844583511352539],
              [136.82455444335938, -13.853888511657715],
              [136.81227111816406, -13.85836124420166],
              [136.80499267578125, -13.858972549438477],
              [136.7956085205078, -13.85633373260498],
              [136.78860473632812, -13.850749969482422],
              [136.77711486816406, -13.850417137145996],
              [136.77658081054688, -13.850166320800781],
              [136.7618865966797, -13.843111038208008],
              [136.75396728515625, -13.837055206298828],
              [136.74481201171875, -13.836722373962402],
              [136.73272705078125, -13.844416618347168],
              [136.72686767578125, -13.844583511352539],
              [136.72288513183594, -13.841777801513672],
              [136.7205810546875, -13.836222648620605],
              [136.7256317138672, -13.828472137451172],
              [136.72592163085938, -13.823861122131348],
              [136.72409057617188, -13.819722175598145],
              [136.7163848876953, -13.813888549804688],
              [136.7139129638672, -13.802139282226562],
              [136.71160888671875, -13.798194885253906],
              [136.71217346191406, -13.791999816894531],
              [136.72146606445312, -13.779916763305664],
              [136.72593688964844, -13.779277801513672],
              [136.7303924560547, -13.780471801757812],
              [136.7335205078125, -13.774971961975098],
              [136.73141479492188, -13.772194862365723],
              [136.724609375, -13.771666526794434],
              [136.7120819091797, -13.77750015258789],
              [136.69796752929688, -13.778055191040039],
              [136.6931915283203, -13.771611213684082],
              [136.68850708007812, -13.765305519104004],
              [136.68447875976562, -13.748000144958496],
              [136.6800537109375, -13.741527557373047],
              [136.67941284179688, -13.736916542053223],
              [136.68157958984375, -13.731194496154785],
              [136.68655395507812, -13.727805137634277],
              [136.6943359375, -13.728805541992188],
              [136.69717407226562, -13.726750373840332],
              [136.70314025878906, -13.71786117553711],
              [136.70716857910156, -13.716055870056152],
              [136.71583557128906, -13.718000411987305],
              [136.71800231933594, -13.713417053222656],
              [136.71852111816406, -13.70674991607666],
              [136.7245330810547, -13.697860717773438],
              [136.72792053222656, -13.687999725341797],
              [136.72691345214844, -13.67074966430664],
              [136.72935485839844, -13.663639068603516],
              [136.72569274902344, -13.656027793884277],
              [136.721923828125, -13.656444549560547],
              [136.71499633789062, -13.666028022766113],
              [136.70755004882812, -13.660416603088379],
              [136.69810485839844, -13.66422176361084],
              [136.69363403320312, -13.663249969482422],
              [136.69180297851562, -13.660027503967285],
              [136.69349670410156, -13.656583786010742],
              [136.69236755371094, -13.65380573272705],
              [136.6897430419922, -13.654250144958496],
              [136.68685913085938, -13.661110877990723],
              [136.68746948242188, -13.668722152709961],
              [136.68556213378906, -13.673055648803711],
              [136.67938232421875, -13.678055763244629],
              [136.6785888671875, -13.68791675567627],
              [136.67727661132812, -13.691194534301758],
              [136.67494201660156, -13.697083473205566],
              [136.67413330078125, -13.704667091369629],
              [136.66600036621094, -13.697667121887207],
              [136.6627197265625, -13.697860717773438],
              [136.6586456298828, -13.70586109161377],
              [136.65211486816406, -13.701666831970215],
              [136.6417236328125, -13.704527854919434],
              [136.63339233398438, -13.713417053222656],
              [136.63291931152344, -13.715472221374512],
              [136.63450622558594, -13.718472480773926],
              [136.63282775878906, -13.721221923828125],
              [136.62486267089844, -13.719972610473633],
              [136.62022399902344, -13.715110778808594],
              [136.61703491210938, -13.707027435302734],
              [136.6179962158203, -13.703361511230469],
              [136.6232147216797, -13.69950008392334],
              [136.6292266845703, -13.689666748046875],
              [136.62522888183594, -13.689167022705078],
              [136.6238555908203, -13.690610885620117],
              [136.62307739257812, -13.691444396972656],
              [136.617919921875, -13.690250396728516],
              [136.61427307128906, -13.680999755859375],
              [136.61024475097656, -13.681416511535645],
              [136.60694885253906, -13.684833526611328],
              [136.5951385498047, -13.688611030578613],
              [136.59144592285156, -13.683500289916992],
              [136.57774353027344, -13.687722206115723],
              [136.573974609375, -13.692055702209473],
              [136.5760498046875, -13.693916320800781],
              [136.5873260498047, -13.693111419677734],
              [136.59080505371094, -13.697750091552734],
              [136.59100341796875, -13.702805519104004],
              [136.58399963378906, -13.717000007629395],
              [136.58514404296875, -13.721388816833496],
              [136.59046936035156, -13.726027488708496],
              [136.59608459472656, -13.728638648986816],
              [136.6016082763672, -13.729083061218262],
              [136.60546875, -13.729416847229004],
              [136.6096649169922, -13.733139038085938],
              [136.6158905029297, -13.742416381835938],
              [136.61561584472656, -13.747471809387207],
              [136.61294555664062, -13.75433349609375],
              [136.60511779785156, -13.760222434997559],
              [136.60671997070312, -13.763472557067871],
              [136.6121368408203, -13.76099967956543],
              [136.6294708251953, -13.76763916015625],
              [136.63014221191406, -13.771778106689453],
              [136.62770080566406, -13.777722358703613],
              [136.62908935546875, -13.78005599975586],
              [136.6346893310547, -13.782166481018066],
              [136.63583374023438, -13.786333084106445],
              [136.63369750976562, -13.789750099182129],
              [136.6272735595703, -13.793360710144043],
              [136.61766052246094, -13.792778015136719],
              [136.606201171875, -13.788110733032227],
              [136.6020050048828, -13.786417007446289],
              [136.59585571289062, -13.787944793701172],
              [136.59324645996094, -13.789750099182129],
              [136.5933837890625, -13.796889305114746],
              [136.6015625, -13.80411148071289],
              [136.599609375, -13.807305335998535],
              [136.58714294433594, -13.810138702392578],
              [136.58102416992188, -13.809389114379883],
              [136.57899475097656, -13.802000045776367],
              [136.5757293701172, -13.801278114318848],
              [136.57191467285156, -13.803083419799805],
              [136.5706329345703, -13.812027931213379],
              [136.5661163330078, -13.818638801574707],
              [136.5630340576172, -13.819999694824219],
              [136.5602569580078, -13.817889213562012],
              [136.5574188232422, -13.817861557006836],
              [136.55360412597656, -13.820333480834961],
              [136.54885864257812, -13.819666862487793],
              [136.54493713378906, -13.819110870361328],
              [136.53933715820312, -13.815805435180664],
              [136.53663635253906, -13.805889129638672],
              [136.53846740722656, -13.790499687194824],
              [136.5354461669922, -13.787500381469727],
              [136.5276641845703, -13.789694786071777],
              [136.52455139160156, -13.794500350952148],
              [136.5220489501953, -13.805277824401855],
              [136.52430725097656, -13.814722061157227],
              [136.52374267578125, -13.820693969726562],
              [136.51919555664062, -13.829388618469238],
              [136.51063537597656, -13.837082862854004],
              [136.5030517578125, -13.8416109085083],
              [136.49363708496094, -13.841944694519043],
              [136.48780822753906, -13.838333129882812],
              [136.4857177734375, -13.837027549743652],
              [136.47914123535156, -13.836277961730957],
              [136.47158813476562, -13.838722229003906],
              [136.462890625, -13.838138580322266],
              [136.4598846435547, -13.83466625213623],
              [136.45599365234375, -13.824722290039062],
              [136.4503631591797, -13.825139045715332],
              [136.4439239501953, -13.83263874053955],
              [136.44064331054688, -13.832611083984375],
              [136.43861389160156, -13.824527740478516],
              [136.4327850341797, -13.820777893066406],
              [136.4191131591797, -13.823139190673828],
              [136.40892028808594, -13.831305503845215],
              [136.40713500976562, -13.840694427490234],
              [136.4082794189453, -13.84463882446289],
              [136.41407775878906, -13.855500221252441],
              [136.41769409179688, -13.862222671508789],
              [136.427001953125, -13.870833396911621],
              [136.43341064453125, -13.883333206176758],
              [136.43402099609375, -13.890694618225098],
              [136.43360900878906, -13.904027938842773],
              [136.42636108398438, -13.921416282653809],
              [136.42527770996094, -13.932888984680176],
              [136.4184112548828, -13.955805778503418],
              [136.40879821777344, -13.970388412475586],
              [136.4063262939453, -13.979555130004883],
              [136.4143829345703, -13.994610786437988],
              [136.41497802734375, -14.004027366638184],
              [136.41343688964844, -14.013444900512695],
              [136.41529846191406, -14.03416633605957],
              [136.41867065429688, -14.048444747924805],
              [136.4179229736328, -14.051666259765625],
              [136.4148406982422, -14.054611206054688],
              [136.41819763183594, -14.067972183227539],
              [136.42649841308594, -14.079583168029785],
              [136.4278564453125, -14.085332870483398],
              [136.42955017089844, -14.100083351135254],
              [136.4348907470703, -14.107028007507324],
              [136.44052124023438, -14.124805450439453],
              [136.43882751464844, -14.130749702453613],
              [136.43263244628906, -14.135499954223633],
              [136.42860412597656, -14.136833190917969],
              [136.41668701171875, -14.149333000183105],
              [136.41775512695312, -14.16016674041748],
              [136.41436767578125, -14.16724967956543],
              [136.4045867919922, -14.17794418334961],
              [136.3915252685547, -14.185832977294922],
              [136.39047241210938, -14.186333656311035],
              [136.38308715820312, -14.189833641052246],
              [136.349365234375, -14.205778121948242],
              [136.33944702148438, -14.208416938781738],
              [136.33230590820312, -14.21452808380127],
              [136.3235626220703, -14.217416763305664],
              [136.3214111328125, -14.219916343688965]
            ]
          ],
          [
            [
              [136.3330535888672, -13.841888427734375],
              [136.3339385986328, -13.845805168151855],
              [136.3426055908203, -13.848443984985352],
              [136.35044860839844, -13.843472480773926],
              [136.3544464111328, -13.843055725097656],
              [136.3602752685547, -13.845444679260254],
              [136.3643035888672, -13.844778060913086],
              [136.366943359375, -13.840444564819336],
              [136.3689422607422, -13.829667091369629],
              [136.366943359375, -13.820917129516602],
              [136.3639373779297, -13.816055297851562],
              [136.35763549804688, -13.812972068786621],
              [136.3529510498047, -13.81338882446289],
              [136.35079956054688, -13.815194129943848],
              [136.35000610351562, -13.822999954223633],
              [136.3475799560547, -13.826666831970215],
              [136.34336853027344, -13.82752799987793],
              [136.3340606689453, -13.837055206298828],
              [136.3330535888672, -13.841888427734375]
            ]
          ],
          [
            [
              [136.36077880859375, -11.537805557250977],
              [136.3646697998047, -11.54497241973877],
              [136.36639404296875, -11.555110931396484],
              [136.37258911132812, -11.563249588012695],
              [136.3868408203125, -11.561805725097656],
              [136.39178466796875, -11.557055473327637],
              [136.395751953125, -11.556166648864746],
              [136.40296936035156, -11.556944847106934],
              [136.40557861328125, -11.553999900817871],
              [136.40611267089844, -11.54800033569336],
              [136.4110565185547, -11.543944358825684],
              [136.4159393310547, -11.543749809265137],
              [136.4221954345703, -11.547750473022461],
              [136.42710876464844, -11.546667098999023],
              [136.42530822753906, -11.543194770812988],
              [136.4229736328125, -11.541999816894531],
              [136.42208862304688, -11.538777351379395],
              [136.42491149902344, -11.536055564880371],
              [136.4304962158203, -11.534972190856934],
              [136.4416961669922, -11.536694526672363],
              [136.44900512695312, -11.531055450439453],
              [136.4518280029297, -11.526944160461426],
              [136.451416015625, -11.522555351257324],
              [136.45611572265625, -11.519861221313477],
              [136.4596405029297, -11.514333724975586],
              [136.4632568359375, -11.5086669921875],
              [136.46282958984375, -11.50475025177002],
              [136.4600830078125, -11.500333786010742],
              [136.46221923828125, -11.496000289916992],
              [136.46810913085938, -11.491000175476074],
              [136.47027587890625, -11.486444473266602],
              [136.47132873535156, -11.474249839782715],
              [136.47021484375, -11.470333099365234],
              [136.46817016601562, -11.468694686889648],
              [136.4641876220703, -11.46933364868164],
              [136.45364379882812, -11.474971771240234],
              [136.44886779785156, -11.48294448852539],
              [136.4451141357422, -11.486361503601074],
              [136.4447784423828, -11.493249893188477],
              [136.443359375, -11.494860649108887],
              [136.4391326904297, -11.496194839477539],
              [136.4342803955078, -11.495444297790527],
              [136.43032836914062, -11.49263858795166],
              [136.42825317382812, -11.49305534362793],
              [136.4272003173828, -11.500861167907715],
              [136.4236602783203, -11.505194664001465],
              [136.41883850097656, -11.507916450500488],
              [136.41725158691406, -11.516166687011719],
              [136.41485595703125, -11.518444061279297],
              [136.4076385498047, -11.519055366516113],
              [136.40292358398438, -11.523361206054688],
              [136.38330078125, -11.526805877685547],
              [136.38133239746094, -11.535277366638184],
              [136.37847900390625, -11.539388656616211],
              [136.3798370361328, -11.544249534606934],
              [136.37835693359375, -11.547222137451172],
              [136.371826171875, -11.548055648803711],
              [136.36474609375, -11.53647232055664],
              [136.36241149902344, -11.536222457885742],
              [136.36077880859375, -11.537805557250977]
            ]
          ],
          [
            [
              [136.37411499023438, -13.718916893005371],
              [136.37635803222656, -13.726305961608887],
              [136.37879943847656, -13.719666481018066],
              [136.3769989013672, -13.713417053222656],
              [136.37416076660156, -13.713861465454102],
              [136.37411499023438, -13.718916893005371]
            ]
          ],
          [
            [
              [136.3785858154297, -13.700555801391602],
              [136.38247680664062, -13.70727825164795],
              [136.38333129882812, -13.714194297790527],
              [136.39596557617188, -13.71802806854248],
              [136.396728515625, -13.71572208404541],
              [136.3907470703125, -13.704388618469238],
              [136.384033203125, -13.696249961853027],
              [136.37977600097656, -13.696666717529297],
              [136.3785858154297, -13.700555801391602]
            ]
          ],
          [
            [
              [136.394775390625, -13.62672233581543],
              [136.3951873779297, -13.629944801330566],
              [136.39822387695312, -13.63297176361084],
              [136.41485595703125, -13.635916709899902],
              [136.41680908203125, -13.631805419921875],
              [136.41566467285156, -13.627416610717773],
              [136.40164184570312, -13.622888565063477],
              [136.3973846435547, -13.623749732971191],
              [136.394775390625, -13.62672233581543]
            ]
          ],
          [
            [
              [136.42660522460938, -11.474166870117188],
              [136.42738342285156, -11.485917091369629],
              [136.42994689941406, -11.48711109161377],
              [136.43157958984375, -11.48597240447998],
              [136.43055725097656, -11.474444389343262],
              [136.42660522460938, -11.474166870117188]
            ]
          ],
          [
            [
              [136.46435546875, -13.736777305603027],
              [136.46705627441406, -13.74738883972168],
              [136.4707794189453, -13.751777648925781],
              [136.48291015625, -13.757222175598145],
              [136.48802185058594, -13.761638641357422],
              [136.49163818359375, -13.775250434875488],
              [136.4935302734375, -13.777194023132324],
              [136.499755859375, -13.783638954162598],
              [136.50491333007812, -13.785528182983398],
              [136.5131378173828, -13.785861015319824],
              [136.51663208007812, -13.788639068603516],
              [136.51991271972656, -13.788694381713867],
              [136.52488708496094, -13.78600025177002],
              [136.52919006347656, -13.779833793640137],
              [136.5304412841797, -13.77316665649414],
              [136.53514099121094, -13.775527954101562],
              [136.5374755859375, -13.775333404541016],
              [136.5391387939453, -13.773056030273438],
              [136.5330352783203, -13.754111289978027],
              [136.52952575683594, -13.750638961791992],
              [136.5350341796875, -13.744250297546387],
              [136.53555297851562, -13.739444732666016],
              [136.53199768066406, -13.720999717712402],
              [136.5274200439453, -13.714056015014648],
              [136.52772521972656, -13.706694602966309],
              [136.52633666992188, -13.704610824584961],
              [136.51205444335938, -13.700750350952148],
              [136.51036071777344, -13.70372200012207],
              [136.51260375976562, -13.706666946411133],
              [136.51638793945312, -13.711610794067383],
              [136.51658630371094, -13.715527534484863],
              [136.51441955566406, -13.719194412231445],
              [136.50802612304688, -13.721638679504395],
              [136.49607849121094, -13.719444274902344],
              [136.48194885253906, -13.722722053527832],
              [136.47222900390625, -13.723194122314453],
              [136.47019958496094, -13.723278045654297],
              [136.46435546875, -13.736777305603027]
            ]
          ],
          [
            [
              [136.4756317138672, -11.44808292388916],
              [136.4776611328125, -11.453166961669922],
              [136.48924255371094, -11.45836067199707],
              [136.49014282226562, -11.458194732666016],
              [136.49391174316406, -11.457500457763672],
              [136.49769592285156, -11.454083442687988],
              [136.49806213378906, -11.443499565124512],
              [136.5011444091797, -11.439861297607422],
              [136.51075744628906, -11.434000015258789],
              [136.51705932617188, -11.43244457244873],
              [136.5196075439453, -11.433638572692871],
              [136.52096557617188, -11.437555313110352],
              [136.5202178955078, -11.442388534545898],
              [136.5220489501953, -11.44516658782959],
              [136.5316162109375, -11.444360733032227],
              [136.534912109375, -11.44094467163086],
              [136.54019165039062, -11.426278114318848],
              [136.54885864257812, -11.42247200012207],
              [136.5585479736328, -11.41130542755127],
              [136.56141662597656, -11.406277656555176],
              [136.56288146972656, -11.399639129638672],
              [136.56582641601562, -11.398221969604492],
              [136.56805419921875, -11.39716625213623],
              [136.57066345214844, -11.391888618469238],
              [136.57838439941406, -11.389222145080566],
              [136.58566284179688, -11.38355541229248],
              [136.5890350341797, -11.375778198242188],
              [136.59280395507812, -11.37166690826416],
              [136.59361267089844, -11.364083290100098],
              [136.59902954101562, -11.358860969543457],
              [136.60008239746094, -11.347139358520508],
              [136.60955810546875, -11.334583282470703],
              [136.6151885986328, -11.329833030700684],
              [136.62216186523438, -11.330833435058594],
              [136.62432861328125, -11.324639320373535],
              [136.6221160888672, -11.316555976867676],
              [136.62307739257812, -11.313583374023438],
              [136.62774658203125, -11.311111450195312],
              [136.62869262695312, -11.309027671813965],
              [136.62554931640625, -11.305694580078125],
              [136.62367248535156, -11.303694725036621],
              [136.6232147216797, -11.301166534423828],
              [136.6300506591797, -11.2945556640625],
              [136.63052368164062, -11.292027473449707],
              [136.629638671875, -11.28950023651123],
              [136.62503051757812, -11.28600025177002],
              [136.62486267089844, -11.281389236450195],
              [136.62814331054688, -11.278194427490234],
              [136.63160705566406, -11.278471946716309],
              [136.63482666015625, -11.283111572265625],
              [136.64088439941406, -11.283638954162598],
              [136.6444091796875, -11.279999732971191],
              [136.6475830078125, -11.268305778503418],
              [136.65045166015625, -11.263028144836426],
              [136.6611328125, -11.263388633728027],
              [136.66302490234375, -11.260889053344727],
              [136.6666717529297, -11.24827766418457],
              [136.6715850830078, -11.246027946472168],
              [136.6787567138672, -11.250944137573242],
              [136.6810760498047, -11.250027656555176],
              [136.6818389892578, -11.247528076171875],
              [136.6804656982422, -11.243583679199219],
              [136.67816162109375, -11.241167068481445],
              [136.6710205078125, -11.233583450317383],
              [136.6699981689453, -11.221611022949219],
              [136.67677307128906, -11.21916675567627],
              [136.68011474609375, -11.214611053466797],
              [136.69288635253906, -11.215444564819336],
              [136.69667053222656, -11.211555480957031],
              [136.70413208007812, -11.209333419799805],
              [136.70693969726562, -11.207083702087402],
              [136.70919799804688, -11.19558334350586],
              [136.71878051757812, -11.191333770751953],
              [136.71929931640625, -11.186721801757812],
              [136.71591186523438, -11.177499771118164],
              [136.72145080566406, -11.152610778808594],
              [136.7225341796875, -11.147666931152344],
              [136.73533630371094, -11.12802791595459],
              [136.73583984375, -11.124333381652832],
              [136.73402404785156, -11.116722106933594],
              [136.73956298828125, -11.101611137390137],
              [136.7433319091797, -11.097055435180664],
              [136.74888610839844, -11.077777862548828],
              [136.747802734375, -11.07177734375],
              [136.75210571289062, -11.060555458068848],
              [136.7510223388672, -11.05341625213623],
              [136.75486755371094, -11.044944763183594],
              [136.76075744628906, -11.039250373840332],
              [136.7615203857422, -11.037666320800781],
              [136.7638397216797, -11.033082962036133],
              [136.76272583007812, -11.028694152832031],
              [136.7562713623047, -11.021027565002441],
              [136.753662109375, -11.026749610900879],
              [136.74221801757812, -11.029166221618652],
              [136.73519897460938, -11.034388542175293],
              [136.74278259277344, -11.04252815246582],
              [136.74343872070312, -11.044361114501953],
              [136.7413330078125, -11.047333717346191],
              [136.73316955566406, -11.048861503601074],
              [136.7278594970703, -11.04397201538086],
              [136.7225341796875, -11.042972564697266],
              [136.71949768066406, -11.044111251831055],
              [136.71194458007812, -11.053916931152344],
              [136.7130889892578, -11.056221961975098],
              [136.7186737060547, -11.056278228759766],
              [136.72328186035156, -11.060694694519043],
              [136.73046875, -11.061249732971191],
              [136.73300170898438, -11.065889358520508],
              [136.73306274414062, -11.066472053527832],
              [136.7340545654297, -11.07438850402832],
              [136.72264099121094, -11.097749710083008],
              [136.71844482421875, -11.096555709838867],
              [136.7143096923828, -11.092805862426758],
              [136.70802307128906, -11.0916109085083],
              [136.69964599609375, -11.09333324432373],
              [136.7007293701172, -11.100250244140625],
              [136.70794677734375, -11.09897232055664],
              [136.7104949951172, -11.099916458129883],
              [136.7122802734375, -11.106611251831055],
              [136.71759033203125, -11.111027717590332],
              [136.716552734375, -11.118139266967773],
              [136.71444702148438, -11.122278213500977],
              [136.7118682861328, -11.123167037963867],
              [136.7086181640625, -11.122444152832031],
              [136.70147705078125, -11.11661148071289],
              [136.69561767578125, -11.118611335754395],
              [136.6917724609375, -11.11702823638916],
              [136.69097900390625, -11.116722106933594],
              [136.69021606445312, -11.12108325958252],
              [136.69277954101562, -11.124083518981934],
              [136.7008819580078, -11.126250267028809],
              [136.70181274414062, -11.12833309173584],
              [136.69796752929688, -11.135416984558105],
              [136.69866943359375, -11.13772201538086],
              [136.7018280029297, -11.14513874053955],
              [136.69947814941406, -11.149250030517578],
              [136.69558715820312, -11.150638580322266],
              [136.69386291503906, -11.151249885559082],
              [136.69500732421875, -11.15380573272705],
              [136.6991729736328, -11.155444145202637],
              [136.7018585205078, -11.16422176361084],
              [136.7020263671875, -11.169750213623047],
              [136.69964599609375, -11.175027847290039],
              [136.69264221191406, -11.177249908447266],
              [136.6897735595703, -11.181111335754395],
              [136.6883087158203, -11.188471794128418],
              [136.68499755859375, -11.192333221435547],
              [136.6765899658203, -11.19547176361084],
              [136.6705322265625, -11.195638656616211],
              [136.66220092773438, -11.19094467163086],
              [136.65902709960938, -11.184444427490234],
              [136.6510772705078, -11.185527801513672],
              [136.64781188964844, -11.1893892288208],
              [136.64466857910156, -11.199472427368164],
              [136.6387176513672, -11.209083557128906],
              [136.63311767578125, -11.211555480957031],
              [136.62844848632812, -11.211028099060059],
              [136.6231689453125, -11.205666542053223],
              [136.620361328125, -11.205888748168945],
              [136.6177215576172, -11.212528228759766],
              [136.6201934814453, -11.219666481018066],
              [136.6189727783203, -11.225417137145996],
              [136.6205291748047, -11.231888771057129],
              [136.616943359375, -11.239666938781738],
              [136.6131591796875, -11.244667053222656],
              [136.60475158691406, -11.247583389282227],
              [136.59947204589844, -11.25969409942627],
              [136.58905029296875, -11.275221824645996],
              [136.5826873779297, -11.28136157989502],
              [136.58450317382812, -11.286444664001465],
              [136.57919311523438, -11.300277709960938],
              [136.5734405517578, -11.315305709838867],
              [136.57821655273438, -11.32480525970459],
              [136.57533264160156, -11.331889152526855],
              [136.57110595703125, -11.334610939025879],
              [136.5641326904297, -11.333389282226562],
              [136.5635528564453, -11.34302806854248],
              [136.56166076660156, -11.3462495803833],
              [136.5558319091797, -11.346638679504395],
              [136.5526123046875, -11.343360900878906],
              [136.54885864257812, -11.344027519226074],
              [136.54627990722656, -11.348138809204102],
              [136.5494384765625, -11.355527877807617],
              [136.54302978515625, -11.365333557128906],
              [136.538330078125, -11.366888999938965],
              [136.5330352783203, -11.364999771118164],
              [136.53041076660156, -11.367500305175781],
              [136.5270233154297, -11.378055572509766],
              [136.52468872070312, -11.38005542755127],
              [136.5223388671875, -11.382139205932617],
              [136.5150909423828, -11.384583473205566],
              [136.5147705078125, -11.390777587890625],
              [136.5121612548828, -11.393972396850586],
              [136.50775146484375, -11.3948335647583],
              [136.50100708007812, -11.39383316040039],
              [136.496826171875, -11.391027450561523],
              [136.4965057373047, -11.398860931396484],
              [136.49342346191406, -11.4041109085083],
              [136.49566650390625, -11.409416198730469],
              [136.4949188232422, -11.414472579956055],
              [136.49853515625, -11.423027992248535],
              [136.49708557128906, -11.427166938781738],
              [136.49424743652344, -11.429888725280762],
              [136.4937286376953, -11.436083793640137],
              [136.49017333984375, -11.44041633605957],
              [136.4756317138672, -11.44808292388916]
            ]
          ],
          [
            [
              [136.4892185246307, -15.642569308602646],
              [136.51331533864345, -15.655928940138509],
              [136.54034217937823, -15.652415641670828],
              [136.54764977924907, -15.643979977379828],
              [136.57466252610902, -15.651010023414756],
              [136.59438297038463, -15.643981064774053],
              [136.59511883703988, -15.624999171693972],
              [136.60898230003306, -15.619369070431603],
              [136.59876358602128, -15.588428378159563],
              [136.60387390196604, -15.56662454762521],
              [136.60752333932533, -15.557479340447472],
              [136.61919916977467, -15.550438387554124],
              [136.6148142242609, -15.527922167128622],
              [136.59145010103077, -15.508928012955991],
              [136.57247036218558, -15.506822496015161],
              [136.5688315987333, -15.522312000500776],
              [136.55495706271216, -15.53145577461909],
              [136.52866077449812, -15.52581954229126],
              [136.52427950702423, -15.53848254402034],
              [136.50967713877225, -15.549738717082704],
              [136.51917740446066, -15.557481258395512],
              [136.51552615938266, -15.579988512702315],
              [136.50456106183572, -15.592642332671204],
              [136.5111377768148, -15.606710076987099],
              [136.5118663902171, -15.625696453195715],
              [136.4892185246307, -15.642569308602646]
            ]
          ],
          [
            [
              [136.526611328125, -13.690055847167969],
              [136.529052734375, -13.698055267333984],
              [136.53163146972656, -13.696083068847656],
              [136.5316925048828, -13.689611434936523],
              [136.5281982421875, -13.686583518981934],
              [136.526611328125, -13.690055847167969]
            ]
          ],
          [
            [
              [136.56741333007812, -13.727611541748047],
              [136.57066345214844, -13.730860710144043],
              [136.5753631591797, -13.731389045715332],
              [136.58010864257812, -13.726139068603516],
              [136.5792236328125, -13.723610877990723],
              [136.56838989257812, -13.725333213806152],
              [136.56741333007812, -13.727611541748047]
            ]
          ],
          [
            [
              [136.5693359375, -13.776694297790527],
              [136.5707550048828, -13.785194396972656],
              [136.5738067626953, -13.785222053527832],
              [136.5758819580078, -13.780750274658203],
              [136.5718536376953, -13.777222633361816],
              [136.5693359375, -13.776694297790527]
            ]
          ],
          [
            [
              [136.5737762451172, -13.666972160339355],
              [136.5770263671875, -13.670249938964844],
              [136.58267211914062, -13.670999526977539],
              [136.59828186035156, -13.663110733032227],
              [136.59994506835938, -13.659916877746582],
              [136.59832763671875, -13.657361030578613],
              [136.58544921875, -13.654694557189941],
              [136.5792999267578, -13.657833099365234],
              [136.5737762451172, -13.666972160339355]
            ]
          ],
          [
            [
              [136.62997436523438, -13.664860725402832],
              [136.63011169433594, -13.67175006866455],
              [136.636474609375, -13.670666694641113],
              [136.63766479492188, -13.667471885681152],
              [136.6361083984375, -13.660083770751953],
              [136.6326141357422, -13.660750389099121],
              [136.62997436523438, -13.664860725402832]
            ]
          ],
          [
            [
              [136.64308166503906, -13.658916473388672],
              [136.64569091796875, -13.665249824523926],
              [136.64849853515625, -13.66552734375],
              [136.6511993408203, -13.656805992126465],
              [136.64308166503906, -13.658916473388672]
            ]
          ],
          [
            [
              [136.66017150878906, -13.67508316040039],
              [136.6628875732422, -13.682000160217285],
              [136.6685333251953, -13.682527542114258],
              [136.6718292236328, -13.680500030517578],
              [136.67430114746094, -13.67086124420166],
              [136.6764373779297, -13.667888641357422],
              [136.67747497558594, -13.661944389343262],
              [136.6765899658203, -13.656861305236816],
              [136.66156005859375, -13.656000137329102],
              [136.6608123779297, -13.659222602844238],
              [136.66427612304688, -13.664305686950684],
              [136.66017150878906, -13.67508316040039]
            ]
          ],
          [
            [
              [136.67630004882812, -13.644639015197754],
              [136.67799377441406, -13.647222518920898],
              [136.6810760498047, -13.648111343383789],
              [136.68556213378906, -13.638750076293945],
              [136.68431091308594, -13.634888648986816],
              [136.67994689941406, -13.63397216796875],
              [136.67941284179688, -13.6408052444458],
              [136.67630004882812, -13.644639015197754]
            ]
          ],
          [
            [
              [136.6839141845703, -13.630583763122559],
              [136.6869659423828, -13.631916999816895],
              [136.6939697265625, -13.631138801574707],
              [136.6962432861328, -13.624722480773926],
              [136.697998046875, -13.625611305236816],
              [136.70025634765625, -13.621777534484863],
              [136.698974609375, -13.617472648620605],
              [136.68438720703125, -13.62844467163086],
              [136.6839141845703, -13.630583763122559]
            ]
          ],
          [
            [
              [136.7245415933029, -15.650471981500061],
              [136.72515948314629, -15.656421712575067],
              [136.72907278548524, -15.657809958246531],
              [136.7352516839174, -15.65899987560448],
              [136.73669479468435, -15.66296670688287],
              [136.7408194682272, -15.665744822692488],
              [136.74040305739896, -15.673675255148964],
              [136.73525242422767, -15.67744273534889],
              [136.73649063808745, -15.68299479230079],
              [136.73793210385537, -15.688943198754302],
              [136.73442875226164, -15.691521358349078],
              [136.73607794255378, -15.697667440699462],
              [136.72969085956873, -15.699056310793978],
              [136.73154439141604, -15.702823645788683],
              [136.73648838140184, -15.703814547343868],
              [136.73978399026936, -15.702624768192052],
              [136.7445204364734, -15.705599230988497],
              [136.7459622565404, -15.7093662773446],
              [136.75131685755133, -15.712142404774823],
              [136.75152357851465, -15.71551200664436],
              [136.7445224917122, -15.716105313572498],
              [136.74102022541825, -15.712537694042453],
              [136.73710578348198, -15.712340393320034],
              [136.7379292065715, -15.722055571055392],
              [136.7356636104784, -15.72859796938829],
              [136.72886843745795, -15.73295780894479],
              [136.7272202744074, -15.73950021783962],
              [136.72784225543467, -15.750199300334188],
              [136.73092645501555, -15.758333490942036],
              [136.7356636104784, -15.761901461076263],
              [136.73896156923973, -15.758923414920957],
              [136.7395769128193, -15.762694334812153],
              [136.74225443547346, -15.761901461076263],
              [136.74184810366944, -15.756736840114812],
              [136.74493516054605, -15.754957097723434],
              [136.74617027554683, -15.750795799936213],
              [136.74987779972713, -15.74782157861469],
              [136.75935598878561, -15.745825488221186],
              [136.76512247353833, -15.742055545544787],
              [136.7721208705422, -15.743058180880297],
              [136.7776806126791, -15.745837120492467],
              [136.7820052938235, -15.73988178677945],
              [136.78756516219488, -15.735524958740086],
              [136.78900676452344, -15.732751267579374],
              [136.79271356814053, -15.727796619633864],
              [136.79950944847673, -15.725616883707588],
              [136.8007467968426, -15.7295860004363],
              [136.8001290517144, -15.734145731842148],
              [136.8028069638794, -15.73672425688791],
              [136.80033571440464, -15.741086194043632],
              [136.80383728661644, -15.74703398187053],
              [136.80919229064102, -15.74703398187053],
              [136.81166387444796, -15.73831168148827],
              [136.8166071174125, -15.739303150212152],
              [136.81640121664924, -15.744259219672742],
              [136.81495947368194, -15.748025669509062],
              [136.82258011508134, -15.742871562662728],
              [136.81969466036787, -15.736921351785554],
              [136.8153662891068, -15.732158387931122],
              [136.82237008379434, -15.728791241521122],
              [136.82731408963446, -15.731766287313988],
              [136.83122785370273, -15.731172357355007],
              [136.82463679117654, -15.726017450060255],
              [136.82010716173096, -15.722847009529659],
              [136.80918543280683, -15.725413977624925],
              [136.80465806002968, -15.72720337192591],
              [136.80321475477223, -15.72323520420693],
              [136.80403875655225, -15.71649644548991],
              [136.80301074905884, -15.713129204896646],
              [136.79806519305413, -15.712924519745243],
              [136.79621269022692, -15.709159819916152],
              [136.79559690701103, -15.705000912190854],
              [136.79889423957547, -15.703814905565878],
              [136.79456848650108, -15.701831176844223],
              [136.78941744365198, -15.704203095821768],
              [136.78674078360723, -15.704995690162235],
              [136.78262306699258, -15.703413438003977],
              [136.781799385434, -15.698853850407005],
              [136.78221122598, -15.694096193189594],
              [136.78344660244431, -15.689733855176485],
              [136.7873590183343, -15.685769540576047],
              [136.7912732326385, -15.684184586339043],
              [136.79559888356624, -15.68636604010183],
              [136.79951136820455, -15.684184588497445],
              [136.8052768621381, -15.684977428084068],
              [136.80403738869023, -15.68854471304634],
              [136.80239334218635, -15.693701071137113],
              [136.802393042076, -15.696476473702702],
              [136.80691230014645, -15.697855805999197],
              [136.8132759865013, -15.69903375484428],
              [136.8174024708619, -15.698446043427552],
              [136.81969142090543, -15.693700746197734],
              [136.82398576950374, -15.688539216331549],
              [136.82645722521244, -15.687747119237102],
              [136.830797278987, -15.687750344203437],
              [136.83431424676058, -15.689934105736342],
              [136.83822905002182, -15.6879517267203],
              [136.8336918001939, -15.686562874037477],
              [136.83121360798555, -15.682399052363294],
              [136.8326624494477, -15.679029130228216],
              [136.8289434306218, -15.676254212139725],
              [136.83286751007813, -15.673477840021945],
              [136.82996870424358, -15.669713919055667],
              [136.82645130111547, -15.667340222082302],
              [136.82914866065175, -15.663964925148036],
              [136.82772388849986, -15.65959708948435],
              [136.821331023117, -15.657618881678147],
              [136.81597327282304, -15.658414626742385],
              [136.81206706334024, -15.655833616063092],
              [136.8085545663572, -15.655646019561999],
              [136.8058841702167, -15.651874887278396],
              [136.8001176256924, -15.648905968319553],
              [136.79538761530824, -15.646914736091333],
              [136.79498103542022, -15.643332075730257],
              [136.79024248082214, -15.645122711184186],
              [136.78406420187702, -15.646120099123237],
              [136.7776821902437, -15.647909411295203],
              [136.77459173448818, -15.644328881236632],
              [136.7682080797942, -15.639966910866107],
              [136.75914809778214, -15.640365039582747],
              [136.75420649834035, -15.642745238366686],
              [136.75111657185164, -15.644726818760233],
              [136.74514300886187, -15.646708228811946],
              [136.7410186557866, -15.643530409811305],
              [136.7360755370413, -15.644125410899974],
              [136.7245415933029, -15.650471981500061]
            ]
          ],
          [
            [
              [136.73377990722656, -13.69083309173584],
              [136.7344207763672, -13.69658374786377],
              [136.73489379882812, -13.695444107055664],
              [136.74685668945312, -13.695333480834961],
              [136.7494659423828, -13.693750381469727],
              [136.74807739257812, -13.69052791595459],
              [136.74032592773438, -13.691361427307129],
              [136.73822021484375, -13.689277648925781],
              [136.7356719970703, -13.689249992370605],
              [136.73377990722656, -13.69083309173584]
            ]
          ],
          [
            [
              [136.73500061035156, -11.009528160095215],
              [136.7395782470703, -11.017167091369629],
              [136.7437286376953, -11.020222663879395],
              [136.7481689453125, -11.020500183105469],
              [136.7530517578125, -11.017333030700684],
              [136.76063537597656, -11.004972457885742],
              [136.75718688964844, -11.00172233581543],
              [136.75347900390625, -11.003055572509766],
              [136.7538604736328, -11.008832931518555],
              [136.75128173828125, -11.011333465576172],
              [136.7482452392578, -11.011750221252441],
              [136.7417755126953, -11.006860733032227],
              [136.73641967773438, -11.007721900939941],
              [136.73500061035156, -11.009528160095215]
            ]
          ],
          [
            [
              [136.77206342563392, -15.603310294916895],
              [136.78372339833726, -15.61158496207186],
              [136.7978378696742, -15.615726830854044],
              [136.81195025827662, -15.607464978097369],
              [136.82299920771356, -15.6033098834465],
              [136.83895389576412, -15.606268556343593],
              [136.83549936504681, -15.614923156623206],
              [136.8293758820933, -15.619640546565378],
              [136.8403980823872, -15.619641740378697],
              [136.84815186162388, -15.623185958880129],
              [136.84978689446865, -15.628685640208502],
              [136.84243756099818, -15.62829508344052],
              [136.83590608062138, -15.629081257843495],
              [136.839577787804, -15.636555547099235],
              [136.84243359415353, -15.643633670240206],
              [136.8440676786446, -15.649527165667038],
              [136.85427300672694, -15.64441652157221],
              [136.8563165961375, -15.640482233375906],
              [136.86937251635203, -15.637738211226619],
              [136.87630170124066, -15.633031687661074],
              [136.8803904987849, -15.636561463634862],
              [136.88341055968937, -15.632809493696243],
              [136.87879001136946, -15.626234988399617],
              [136.87747123530232, -15.62156774214398],
              [136.88165496130887, -15.618810423200259],
              [136.8831959076556, -15.613509802081296],
              [136.87901090470837, -15.611392616111345],
              [136.87592841729776, -15.613513571276044],
              [136.87438663080962, -15.61690722842502],
              [136.87086206817213, -15.613307728837995],
              [136.86711841299535, -15.61140360853939],
              [136.8613950705889, -15.60843753473101],
              [136.86293674198703, -15.605254522064243],
              [136.8693210566115, -15.606523960469161],
              [136.87020079164955, -15.60292172072215],
              [136.87218415211703, -15.608216734724408],
              [136.87394607780828, -15.610123174386842],
              [136.87768502984005, -15.607373206276478],
              [136.8827485975945, -15.608219849557031],
              [136.88450852567075, -15.602285361437183],
              [136.88626846898381, -15.59635082384655],
              [136.88869040491568, -15.593169484916544],
              [136.89420141661623, -15.598882320283508],
              [136.899893755599, -15.595107645507781],
              [136.9058385176312, -15.591923651296256],
              [136.90497570619647, -15.587661389945367],
              [136.89761818154733, -15.584722241645622],
              [136.89356471962918, -15.580180424230647],
              [136.88792347258072, -15.573248685521449],
              [136.88950071093507, -15.565993434616288],
              [136.88447894209355, -15.556658775186207],
              [136.88323104932607, -15.553332668938197],
              [136.87947307685755, -15.545187644814305],
              [136.88417670275857, -15.540650001478724],
              [136.87897908338272, -15.536144256056815],
              [136.8750329015619, -15.529892242748886],
              [136.8781328119507, -15.526367503431516],
              [136.88235710770192, -15.522582821911996],
              [136.8834865963167, -15.514698271526584],
              [136.88429606447244, -15.508505325329779],
              [136.87967176098937, -15.505039568118747],
              [136.87735822837533, -15.509259738388437],
              [136.87324728631853, -15.513726698937532],
              [136.87016575730934, -15.516189242597548],
              [136.86656956778552, -15.513456306149195],
              [136.86939541994576, -15.507270519325246],
              [136.86348669879766, -15.510733281392348],
              [136.85937609667423, -15.518900622900603],
              [136.85834846266118, -15.524346605484894],
              [136.86168823828973, -15.528305990588521],
              [136.86014751592347, -15.535494890194457],
              [136.85192628418451, -15.53796372890234],
              [136.8429349547995, -15.53944923636908],
              [136.84268207211824, -15.545400641291195],
              [136.84242870397725, -15.552832797305342],
              [136.84217385909517, -15.561496046855396],
              [136.8367742444192, -15.553318661931598],
              [136.8267525091581, -15.558509181808205],
              [136.8162160409671, -15.557762292960177],
              [136.80619671675112, -15.557514799947313],
              [136.80260399200756, -15.562962524927045],
              [136.79292860662684, -15.559569991627583],
              [136.7806551677424, -15.570211199871551],
              [136.77329104656496, -15.581442180516802],
              [136.78556457299123, -15.580261604347456],
              [136.78679214251906, -15.592093784374043],
              [136.77206342563392, -15.603310294916895]
            ]
          ],
          [
            [
              [136.88735961914062, -13.674500465393066],
              [136.8880615234375, -13.677971839904785],
              [136.8927459716797, -13.677555084228516],
              [136.896728515625, -13.679194450378418],
              [136.9015350341797, -13.669361114501953],
              [136.90858459472656, -13.668277740478516],
              [136.91050720214844, -13.664860725402832],
              [136.90866088867188, -13.661166191101074],
              [136.90280151367188, -13.660194396972656],
              [136.8949432373047, -13.670222282409668],
              [136.88735961914062, -13.674500465393066]
            ]
          ],
          [
            [
              [136.9186026473982, -15.68466056654374],
              [136.92150649930488, -15.686213740930427],
              [136.9260447039821, -15.686060951691658],
              [136.92603165013344, -15.688544156041559],
              [136.92975277599237, -15.688700409584314],
              [136.9347668588993, -15.687770353230945],
              [136.93784233629566, -15.688082121938209],
              [136.93959996914248, -15.691185248826969],
              [136.93846169968657, -15.693047940149029],
              [136.93783301674222, -15.695687099485582],
              [136.93587926573827, -15.697861301217316],
              [136.93824407563096, -15.70265779567056],
              [136.9349813017405, -15.703180203033014],
              [136.93038879454986, -15.706034117932518],
              [136.93717387834545, -15.707417029589251],
              [136.94026280613303, -15.709589883759094],
              [136.93783692912064, -15.711455852855778],
              [136.93556153881815, -15.71379099873495],
              [136.9401030152166, -15.715650908918803],
              [136.9397676752847, -15.719385337325093],
              [136.93443031947447, -15.721720060295397],
              [136.928449016177, -15.725608812785794],
              [136.93507135763258, -15.726852608374955],
              [136.9394497645511, -15.725911640837367],
              [136.94300565082057, -15.726842414708145],
              [136.94460576553303, -15.731513871598196],
              [136.94104761699361, -15.739445610399144],
              [136.9447646453633, -15.734002914936312],
              [136.94783760099045, -15.736176238208955],
              [136.95188560154588, -15.736167685566656],
              [136.95283986334323, -15.739133559489815],
              [136.95558446409058, -15.737113631818957],
              [136.95574598461496, -15.734470690428566],
              [136.95107464902037, -15.732284945125372],
              [136.9489689189732, -15.729802256314656],
              [136.9512234099612, -15.726852608374955],
              [136.94897489654517, -15.723581096537117],
              [136.94849314981968, -15.721403737026662],
              [136.950765545985, -15.720457029132234],
              [136.94790379850377, -15.718439708770887],
              [136.94860113056143, -15.716343933567714],
              [136.95103057953668, -15.717604417255643],
              [136.9505203637737, -15.715504739657575],
              [136.9520909305312, -15.71449815587178],
              [136.9544300410838, -15.713830582451067],
              [136.9533890858292, -15.711314757768847],
              [136.95443630448227, -15.71030861973206],
              [136.9562691276617, -15.7093863767155],
              [136.95818196645433, -15.709386511389795],
              [136.96069950489732, -15.710225520933193],
              [136.96061193984235, -15.714418248573594],
              [136.96095957960938, -15.717353529789463],
              [136.96026373158935, -15.720539226460176],
              [136.95948059351076, -15.723137805919066],
              [136.96191982111446, -15.724562759823272],
              [136.9631400405973, -15.725148629016672],
              [136.96174331456888, -15.72775173876785],
              [136.9625266184916, -15.730100743575534],
              [136.9647917139377, -15.730184599957212],
              [136.96653754571582, -15.727578349385553],
              [136.96871912317022, -15.725221646396491],
              [136.96932666453165, -15.72271166433714],
              [136.96871717614823, -15.720868076559313],
              [136.97045631916058, -15.719028077617935],
              [136.972284062263, -15.715592879344442],
              [136.97498465621118, -15.71316100434683],
              [136.97777247955526, -15.711064505590087],
              [136.98064642901795, -15.714417607027613],
              [136.98229932550134, -15.717432860078219],
              [136.98282339619044, -15.720956296606417],
              [136.98256283932704, -15.724982267268231],
              [136.97995507602798, -15.728659932685872],
              [136.97818932334235, -15.73127075781305],
              [136.97832516993589, -15.734275235875273],
              [136.97588063831142, -15.735580991629405],
              [136.9750662737004, -15.738585708936526],
              [136.98076849353805, -15.73832460196246],
              [136.9804991806563, -15.741589305114076],
              [136.97805378098298, -15.74420241686741],
              [136.97221599756165, -15.744986915113003],
              [136.9696371762949, -15.747468961223547],
              [136.97072299577542, -15.750081608586441],
              [136.9781883424895, -15.747860590226495],
              [136.9838891632707, -15.750341558548115],
              [136.9825323986778, -15.75321433547063],
              [136.97995343186415, -15.755043852187299],
              [136.97778082240308, -15.758311228141636],
              [136.9779165855532, -15.762229903387166],
              [136.98008837615157, -15.762882599050428],
              [136.9818527466569, -15.75909470379358],
              [136.98768904272464, -15.759093258670347],
              [136.989589075626, -15.762620395630776],
              [136.99162429227403, -15.76705511909887],
              [136.9874176014203, -15.771501446493204],
              [136.99104859121064, -15.776208008944792],
              [136.9907490721468, -15.779948667339838],
              [136.99433693587747, -15.784839912531396],
              [136.9940368357863, -15.789156717556622],
              [136.99463484397324, -15.794335656746398],
              [137.00001700832098, -15.792609222760305],
              [137.00390397087392, -15.796637364997963],
              [137.00779214727777, -15.797497185448478],
              [137.01347228028135, -15.80210262006645],
              [137.0224421727329, -15.804692494960747],
              [137.0260297795881, -15.798648846844387],
              [137.03470121190986, -15.79634927692915],
              [137.03858729087762, -15.803252296977902],
              [137.04277324744817, -15.807855485955912],
              [137.04307331360724, -15.815625041851106],
              [137.04277372018134, -15.822527839319662],
              [137.04067879145623, -15.830576222191354],
              [137.03888588283917, -15.836331967336193],
              [137.0459051955355, -15.837062181335938],
              [137.05109560759416, -15.837570816761087],
              [137.05377931701514, -15.837738331273911],
              [137.05575155316706, -15.841192806688014],
              [137.06022479792824, -15.838948180706083],
              [137.06613881738946, -15.841026847651506],
              [137.0697235774445, -15.844133464174291],
              [137.07617185454137, -15.847064145061935],
              [137.07366108911015, -15.840340363033604],
              [137.07276463311808, -15.837065844263549],
              [137.07437832416213, -15.832244657092161],
              [137.07884743418504, -15.830342871381959],
              [137.08099050145228, -15.826721796072277],
              [137.0858379813884, -15.825697325493437],
              [137.08440202451288, -15.821388399180705],
              [137.08744839707873, -15.81777173076523],
              [137.0892364253245, -15.814669707753737],
              [137.09282120875014, -15.814154031665026],
              [137.09335792227142, -15.8100189348894],
              [137.09783977651762, -15.81122617399896],
              [137.09837464186216, -15.805539681895397],
              [137.09944710437202, -15.796407438102278],
              [137.1026718921152, -15.792099587648323],
              [137.1019499457185, -15.786414284570014],
              [137.10517704263225, -15.784345734344384],
              [137.1015882411225, -15.780212403750767],
              [137.10571038018168, -15.777109656823626],
              [137.10499204742155, -15.773147311921662],
              [137.10266193800004, -15.769702273626152],
              [137.0994381961342, -15.766945910449763],
              [137.0953176598819, -15.766947452669072],
              [137.0919166837066, -15.767291653554892],
              [137.087622437684, -15.767117591674122],
              [137.08494490401887, -15.761769044332013],
              [137.07975201784438, -15.761079294483466],
              [137.0768871383899, -15.759010673761239],
              [137.0776053731413, -15.757318185198699],
              [137.07809081529552, -15.75425221556874],
              [137.07976496381457, -15.75295309837179],
              [137.0802515190611, -15.751758159862689],
              [137.08068300629037, -15.749783239681335],
              [137.08025087318816, -15.748483911537548],
              [137.07890070142793, -15.748535641736936],
              [137.07733504645591, -15.750302714699373],
              [137.07620126950735, -15.750198833119086],
              [137.07776689117043, -15.748899502245678],
              [137.07917060194973, -15.74754814404588],
              [137.07971084759203, -15.746457071574099],
              [137.08052088154085, -15.744378474751613],
              [137.07873918040605, -15.742767598454407],
              [137.07944096128062, -15.7419878531488],
              [137.07940541154636, -15.73814225974327],
              [137.0794057052588, -15.7351921732905],
              [137.08007724523407, -15.732333025321566],
              [137.08007724523407, -15.728830927855498],
              [137.08074681894453, -15.725882222704868],
              [137.08189550755094, -15.722932883190367],
              [137.082852958689, -15.721089341492572],
              [137.082182832684, -15.717770894939136],
              [137.08227867980463, -15.712885451677991],
              [137.08379373069238, -15.712574046991477],
              [137.08493016003553, -15.711629214392772],
              [137.08420700374018, -15.709938602785698],
              [137.08369044619474, -15.70819817931664],
              [137.0839486899393, -15.705711683567671],
              [137.0844135812972, -15.704020819725855],
              [137.08384535574123, -15.702926792718685],
              [137.08446524155056, -15.701882490120695],
              [137.0842069559983, -15.700639249779087],
              [137.08296802975326, -15.69666081309849],
              [137.08102831488623, -15.695464688226352],
              [137.07924515632453, -15.693521498504225],
              [137.07916709498153, -15.691056225488978],
              [137.0786997215576, -15.686946389685346],
              [137.07738393889804, -15.681569428671338],
              [137.07831382375275, -15.679551102426373],
              [137.07939972628446, -15.678205613985952],
              [137.07932417989605, -15.675743525781186],
              [137.08095120003685, -15.673422406612119],
              [137.0804869303434, -15.670362408935162],
              [137.0810286107104, -15.66744386346275],
              [137.0814155242091, -15.663478761620539],
              [137.0798630616497, -15.662880836599854],
              [137.07753658510524, -15.663260266196602],
              [137.0758873122171, -15.660641725316935],
              [137.07485810088133, -15.660687261733173],
              [137.07489576867374, -15.65985306250252],
              [137.07459442633598, -15.658946320344569],
              [137.0754984533478, -15.658656162004064],
              [137.07440608737545, -15.657277904265058],
              [137.07433075179057, -15.656153529227382],
              [137.07621414139908, -15.65618979948529],
              [137.077042832826, -15.656008448125888],
              [137.077871524253, -15.656226069738167],
              [137.07854954451193, -15.656443691118852],
              [137.07926523256168, -15.656298610224624],
              [137.07979258165233, -15.65691520331579],
              [137.08005625619637, -15.656371150685231],
              [137.08058360528696, -15.656044718410868],
              [137.08031993074167, -15.655500663463783],
              [137.07949123931468, -15.655283041079258],
              [137.07892622243304, -15.654884066106263],
              [137.07851187671952, -15.654521360910039],
              [137.07779618866823, -15.654521360910039],
              [137.077080500617, -15.654194925682162],
              [137.07677915828071, -15.65332442919646],
              [137.07662848711254, -15.652163761448492],
              [137.07696749724124, -15.651039358287008],
              [137.0777208530834, -15.650567832539977],
              [137.07779310582805, -15.650382359216678],
              [137.07732133478436, -15.650304034982923],
              [137.07693090357623, -15.6499437431182],
              [137.07660554423654, -15.64978709428361],
              [137.07588975368878, -15.649896748480032],
              [137.07540171467792, -15.649646110229938],
              [137.07468592413016, -15.649442466424787],
              [137.07372611407828, -15.649082173042359],
              [137.07310793133308, -15.649066508098144],
              [137.07289644776074, -15.649285817206191],
              [137.0730591274318, -15.649959407995198],
              [137.0727012321579, -15.650335364680515],
              [137.07227826501554, -15.650539007596606],
              [137.07167635023495, -15.65071132067473],
              [137.07102563155564, -15.651369242000925],
              [137.07043998474467, -15.652105484785508],
              [137.0698543379313, -15.652465772841722],
              [137.06700751714203, -15.652455420869813],
              [137.0638479504974, -15.652305660204476],
              [137.06291559786433, -15.652156010521196],
              [137.06296831366427, -15.65139087201392],
              [137.0625659011523, -15.650785415727924],
              [137.0624904488056, -15.649792463539],
              [137.06241499645898, -15.648751069479331],
              [137.06233954411226, -15.647758107414035],
              [137.06254075037015, -15.64707998420947],
              [137.06251559958793, -15.646571390331005],
              [137.06221379020303, -15.645626855487379],
              [137.06186167925364, -15.64494872521793],
              [137.06181137768914, -15.644609659239876],
              [137.06113230657468, -15.644367468912051],
              [137.06065444171412, -15.64402840197161],
              [137.0604280846759, -15.643786210954815],
              [137.06012627529105, -15.643108074584617],
              [137.06002567216404, -15.642623690087461],
              [137.05995021981732, -15.641921330529115],
              [137.06015142607333, -15.64131584621694],
              [137.0604783862404, -15.640758799066973],
              [137.06103170344568, -15.64034706759034],
              [137.06158502065097, -15.639886896135863],
              [137.06199133171265, -15.639044356351661],
              [137.06216035617445, -15.638375201949657],
              [137.06227303914756, -15.637850728052129],
              [137.0628364540159, -15.637145398966197],
              [137.06308060045927, -15.636657092791978],
              [137.0627613320343, -15.635951759593212],
              [137.0626862100513, -15.63533685174528],
              [137.06246084410367, -15.634649599612843],
              [137.06225425865182, -15.633926173821592],
              [137.06223547815603, -15.633419774248011],
              [137.06264864905972, -15.63269634411138],
              [137.063099380955, -15.632352713901867],
              [137.06370035681493, -15.63220802732556],
              [137.06437645465775, -15.631412249324995],
              [137.06482718655303, -15.631357991622522],
              [137.06531547943973, -15.63117713250729],
              [137.06533425993558, -15.63088775758979],
              [137.0661981627345, -15.63056221032005],
              [137.06664889462837, -15.6308154137962],
              [137.06693724812567, -15.630758233485949],
              [137.0671448154443, -15.630458396649956],
              [137.0669683832237, -15.630148564793032],
              [137.0667919510031, -15.62979875406674],
              [137.06680232936912, -15.629508910442652],
              [137.06664665387893, -15.629199077147831],
              [137.06660514041653, -15.62875931295764],
              [137.0668334644671, -15.62846946786101],
              [137.06655324858644, -15.62811965426836],
              [137.0662211408757, -15.627949744593522],
              [137.0662535574054, -15.627667997991722],
              [137.06616021389624, -15.627364609428781],
              [137.06600853069568, -15.626858960824492],
              [137.06564682459953, -15.626544334395874],
              [137.06537846201252, -15.626533097728725],
              [137.06512176736413, -15.626679174352887],
              [137.0647133895152, -15.626555571062397],
              [137.0643283475418, -15.62665670103273],
              [137.06408332083203, -15.6268814341216],
              [137.06365160710578, -15.626993800574411],
              [137.06316155368455, -15.627005037215454],
              [137.0627181720197, -15.627005037215454],
              [137.06244980943262, -15.626847724174525],
              [137.06250960128307, -15.626745492826345],
              [137.06233827019724, -15.62681343323574],
              [137.06206111696923, -15.626929902455203],
              [137.06190994248198, -15.626852256315289],
              [137.06168821989985, -15.626774610147464],
              [137.06145641901844, -15.626803727464363],
              [137.06134051857856, -15.62689107938887],
              [137.06121957898745, -15.626968725514104],
              [137.0610079347046, -15.626954166867804],
              [137.06079629042176, -15.626968725514104],
              [137.06048386314632, -15.62702696008867],
              [137.060231905668, -15.62708034176599],
              [137.0599345958414, -15.627143429186631],
              [137.05969775581042, -15.627196810835144],
              [137.05947603322835, -15.627264751093335],
              [137.05919384085064, -15.627420043030995],
              [137.05899227486702, -15.627565629114088],
              [137.0588864527249, -15.627706362229432],
              [137.05876047398567, -15.627905329574304],
              [137.0586697692924, -15.628181942388267],
              [137.05871008248948, -15.628380909269737],
              [137.05885767988758, -15.628912578773594],
              [137.0591660756844, -15.62949756493559],
              [137.05939036353624, -15.6299745524163],
              [137.0591103525158, -15.63038292912779],
              [137.05898668515943, -15.631018096766766],
              [137.0596668556238, -15.631395226619958],
              [137.05954318826576, -15.631891449053754],
              [137.060058468921, -15.63230827496838],
              [137.06069741693278, -15.633022831705702],
              [137.06102719655257, -15.633638142452938],
              [137.06059436080267, -15.634948152723695],
              [137.05893145326803, -15.63655554336971],
              [137.05753824353036, -15.637479787790028],
              [137.0565784768229, -15.638165514824195],
              [137.0556496703319, -15.639507148028997],
              [137.0540397390804, -15.639984171048866],
              [137.05196540457996, -15.6406102620752],
              [137.04865739112114, -15.64039759681711],
              [137.04700930480232, -15.640458608307654],
              [137.04539292571133, -15.640000768327482],
              [137.04371315064463, -15.639634522783794],
              [137.04152622808027, -15.639115718206483],
              [137.04025847421116, -15.63877998336801],
              [137.0383885395824, -15.637955914444476],
              [137.03559969018164, -15.636277188664224],
              [137.03243020181634, -15.633866067718756],
              [137.03128920818818, -15.631912702966986],
              [137.03046510721708, -15.631149661919466],
              [137.03052845469034, -15.629440433411375],
              [137.03097213993982, -15.628891031205143],
              [137.03182783223446, -15.62898259041927],
              [137.03208141903394, -15.628280584587174],
              [137.03185960260743, -15.627487013909288],
              [137.0315110094271, -15.626846055147794],
              [137.03154263247131, -15.626418720317801],
              [137.03122063251692, -15.625766608236518],
              [137.031018455075, -15.62551781801325],
              [137.03047931522894, -15.625193308571909],
              [137.03020974530585, -15.624933700648924],
              [137.0299514074631, -15.624436117877295],
              [137.02988401498186, -15.62400343622437],
              [137.03014235282473, -15.623733009726891],
              [137.03047931522894, -15.62359238780705],
              [137.03045685106855, -15.623192155661826],
              [137.03043438690815, -15.622943362312299],
              [137.03016481698506, -15.622975813636103],
              [137.02997387162344, -15.62286764253679],
              [137.0299514074631, -15.622694568660592],
              [137.03022097738608, -15.622640483043824],
              [137.03014258965118, -15.622503485538843],
              [137.03004840595844, -15.622451654530721],
              [137.03000131411108, -15.622192499290662],
              [137.0296599985503, -15.621702728383795],
              [137.02938092678085, -15.621030819693942],
              [137.0295204626663, -15.620608475961362],
              [137.02995900401777, -15.620301316337276],
              [137.02983940183015, -15.6198021809643],
              [137.0299390703198, -15.619091870837792],
              [137.02938092678085, -15.618957487564614],
              [137.0290221202211, -15.618650325464486],
              [137.02874304845153, -15.618496744242563],
              [137.02852377777583, -15.61799760447461],
              [137.02816497121609, -15.617805627317509],
              [137.02776629726048, -15.617575254491257],
              [137.02750715918887, -15.617325683637176],
              [137.0271682863256, -15.616884134459085],
              [137.02682941346382, -15.616442584329718],
              [137.02684934716171, -15.615981835355981],
              [137.02706861783747, -15.615367501777072],
              [137.0269689493478, -15.615060334298661],
              [137.02670981127625, -15.614829958387134],
              [137.0262712699248, -15.61444599795972],
              [137.0257330600852, -15.614119631030007],
              [137.02511511545384, -15.61402364065873],
              [137.0242180990531, -15.61381246168196],
              [137.02391909358562, -15.613486093743703],
              [137.0235039492236, -15.612758089121982],
              [137.02318693672368, -15.612132918166196],
              [137.0230661700562, -15.611609517760172],
              [137.02279444505666, -15.610969804338808],
              [137.02271896588945, -15.609937535290982],
              [137.02262839089116, -15.608977956586855],
              [137.02299069089133, -15.608207382559172],
              [137.02354923672397, -15.60729141343947],
              [137.0237454825563, -15.607044246467552],
              [137.0242587408909, -15.606957010995316],
              [137.02493805339094, -15.606768000676865],
              [137.0252852575578, -15.606622608005978],
              [137.0255418867239, -15.606448136664639],
              [137.02593437839096, -15.60650629379414],
              [137.0263419658915, -15.606375440228163],
              [137.02679484089003, -15.605910182427877],
              [137.02697599089123, -15.605474002281937],
              [137.0269910867247, -15.605037821207404],
              [137.0268099367234, -15.604834269723057],
              [137.0264778283901, -15.604499863273261],
              [137.02602495339158, -15.60435446899477],
              [137.02570794089172, -15.604398087288374],
              [137.02542112005636, -15.604732493904066],
              [137.02495314922442, -15.605008742437079],
              [137.02459084922424, -15.605125057496934],
              [137.02409268672307, -15.605212293748295],
              [137.0236700033915, -15.605168675627795],
              [137.02327751172436, -15.604950584881891],
              [137.02262839089116, -15.604747033309863],
              [137.02202455755594, -15.604209074612072],
              [137.02185850339043, -15.603990982847137],
              [137.0209111058386, -15.603802930572357],
              [137.0201356792145, -15.602522615624409],
              [137.01958180305314, -15.601384551186769],
              [137.01917562720234, -15.600246480435587],
              [137.01873252627388, -15.599606312865888],
              [137.0184740507334, -15.598183711114444],
              [137.01858482596475, -15.59704562261254],
              [137.01880637642904, -15.596298748604582],
              [137.01939717766658, -15.595836396665732],
              [137.01972950336358, -15.59533847802956],
              [137.0192864024351, -15.594520466218356],
              [137.01865867612003, -15.593631319247876],
              [137.01788324949587, -15.592884432817456],
              [137.01692319748378, -15.592493205507523],
              [137.0163019846508, -15.591827755277563],
              [137.01584828600483, -15.59149563276732],
              [137.01563051065477, -15.591250910573237],
              [137.01568495449254, -15.590918787129866],
              [137.01523125584657, -15.590918787129866],
              [137.01479570514653, -15.590499262011846],
              [137.01432385855452, -15.590044775499862],
              [137.01368868045182, -15.589747610699106],
              [137.01325312975166, -15.589590287983299],
              [137.01259980370156, -15.589380524174373],
              [137.01207351327315, -15.5890309173504],
              [137.0117105543555, -15.588681309930024],
              [137.01136574338517, -15.588384143156205],
              [137.011170290902, -15.587709825400452],
              [137.0108721311339, -15.587215851952365],
              [137.01057397136765, -15.586974608673913],
              [137.00991801987755, -15.58667592612656],
              [137.0093217003414, -15.586549560302842],
              [137.0085941905083, -15.58659551152077],
              [137.0080217237537, -15.586767828495624],
              [137.0076162264703, -15.586974608673913],
              [137.0067993090717, -15.587880130781329],
              [137.00685840025113, -15.588705436814166],
              [137.0067993090717, -15.589473822207765],
              [137.00638567081808, -15.590412956006688],
              [137.00606066933352, -15.591437460707638],
              [137.0060015781541, -15.592148919297088],
              [137.00431747955196, -15.592262752443531],
              [137.00298792802403, -15.592177377589607],
              [137.00168792208592, -15.59160821099411],
              [137.00130382942194, -15.59106750126621],
              [137.00103791911687, -15.589303070146372],
              [137.001599285319, -15.588876189372385],
              [137.0022492882881, -15.589018483062333],
              [137.00292883684693, -15.588449307710007],
              [137.00219019710875, -15.587908589665446],
              [137.00201292357048, -15.587339411237139],
              [137.00183565003442, -15.586798690270484],
              [137.00077200881174, -15.586571017857878],
              [136.99994473230663, -15.58611567227672],
              [136.99879245431475, -15.585546488881036],
              [136.99772881309195, -15.5855180296696],
              [136.99663562627944, -15.585176518827367],
              [136.99557198505892, -15.584948844616804],
              [136.99480379973107, -15.584664251499461],
              [136.9934742482032, -15.58435119861484],
              [136.9922333334444, -15.584436576722169],
              [136.99108105545258, -15.58531881508047],
              [136.99081514514745, -15.586201049649603],
              [136.990962873096, -15.586940985399764],
              [136.99220378785475, -15.587310952275217],
              [136.99291288200317, -15.587851671893247],
              [136.99341515702378, -15.58899002433202],
              [136.99344470261343, -15.589900701739424],
              [136.99332652025464, -15.590782916627447],
              [136.99297197318265, -15.59160821099411],
              [136.99217424226498, -15.592803459022704],
              [136.99235151580103, -15.593970242053913],
              [136.99297197318265, -15.594397112237331],
              [136.99359243056205, -15.594653233922173],
              [136.99374015850833, -15.595336223517023],
              [136.9950697100362, -15.595364681367684],
              [136.9958083497744, -15.595108560571575],
              [136.99681289981777, -15.595820006439027],
              [136.9974038116074, -15.59618995731627],
              [136.99757819307598, -15.598617986741218],
              [136.99730084502232, -15.599686176753565],
              [136.9971898986853, -15.601288460592741],
              [136.9964697821373, -15.602623530686628],
              [136.9945286801103, -15.603691743672712],
              [136.99452799633616, -15.605668034494357],
              [136.99591464124865, -15.606095175926171],
              [136.9973020691147, -15.60598788838692],
              [136.99807813714966, -15.6062015960307],
              [136.99913069182332, -15.60716340823322],
              [136.99968522124908, -15.608284965407051],
              [136.99996248257213, -15.609833777123413],
              [137.0015000111838, -15.611722925213073],
              [137.00216912077815, -15.6133057398348],
              [137.00228939387864, -15.614888986852321],
              [137.0024115402391, -15.616588950676132],
              [137.00210785555657, -15.61852314397214],
              [137.00186533987937, -15.620281104170274],
              [137.00058653478982, -15.622977965675773],
              [136.99949057436362, -15.624736802854471],
              [136.99705668794746, -15.627080821904514],
              [136.99510832699553, -15.62913294156256],
              [136.99262471526276, -15.630501101473982],
              [136.99127017067536, -15.631075038686376],
              [136.98926534698649, -15.632379563403262],
              [136.9878565399854, -15.633631896161646],
              [136.98563493321603, -15.634414648745974],
              [136.98200465745356, -15.63483205319119],
              [136.98130013777796, -15.634049447302715],
              [136.98021638139232, -15.633632050826535],
              [136.97832009029162, -15.634258124062072],
              [136.97799493397906, -15.635301734767992],
              [136.97826606674516, -15.636397359872433],
              [136.97918846993048, -15.637440012758262],
              [136.97866752129596, -15.638356668852666],
              [136.97839251986125, -15.638985618996301],
              [136.97815189360614, -15.63984628448064],
              [136.9781175184267, -15.640508332391391],
              [136.97828939432418, -15.641236582618717],
              [136.97883939719225, -15.642097238636651],
              [136.980145654004, -15.643156502612783],
              [136.98052378097594, -15.64424886284634],
              [136.9798706525694, -15.645109506194103],
              [136.9800425284655, -15.64613565314616],
              [136.98052378097594, -15.64716179495231],
              [136.98059253133493, -15.648717548517098],
              [136.9808932929696, -15.651105961040727],
              [136.98063216832037, -15.65222552124716],
              [136.98030660912326, -15.653407443490835],
              [136.98088847667844, -15.655272807821277],
              [136.9814695622245, -15.65657867955592],
              [136.9831492566218, -15.657697720903712],
              [136.98483173463268, -15.65850456359388],
              [136.9865097385437, -15.660183607608744],
              [136.98883812252268, -15.661362370889634],
              [136.9910924173867, -15.660620077284065],
              [136.99283715648073, -15.658194339914786],
              [136.99464426159784, -15.658257155857598],
              [136.9950963022506, -15.659314197035727],
              [136.99522336589428, -15.662238700063767],
              [136.99464587792556, -15.663975831892998],
              [136.99380918323266, -15.666086494635621],
              [136.99225957098764, -15.6675164163954],
              [136.99089929717633, -15.669324291470517],
              [136.9916097279587, -15.671997632038213],
              [136.99096579842205, -15.673798119918999],
              [136.98896342858262, -15.674420782471671],
              [136.98631273684742, -15.674611114898312],
              [136.98398777407346, -15.674175978815],
              [136.98224464626418, -15.673491526254736],
              [136.9826736663431, -15.671384990201574],
              [136.98394684630057, -15.670404306448447],
              [136.98492295093564, -15.669219307296714],
              [136.98483807227268, -15.667829989191759],
              [136.9836497709781, -15.667339639369871],
              [136.9825039090141, -15.666931013618282],
              [136.98178244037086, -15.665868582839934],
              [136.9797029131057, -15.664315789456978],
              [136.97813265782418, -15.663907157657462],
              [136.9761380092218, -15.663825431199797],
              [136.9755438585753, -15.66353938834014],
              [136.9758409338977, -15.662762984272476],
              [136.97499214725946, -15.66137362226442],
              [136.97333701331343, -15.66137362226442],
              [136.97117260738372, -15.662027440856747],
              [136.97015406341643, -15.662068304448852],
              [136.96948671047937, -15.661243991678148],
              [136.96887767461817, -15.660344311662357],
              [136.96993421916198, -15.658975201850325],
              [136.97147743592012, -15.658349570002656],
              [136.9728173328445, -15.658036955485954],
              [136.97297980792007, -15.657332949194739],
              [136.9718020284339, -15.656667979638527],
              [136.9695678664745, -15.656081363882848],
              [136.96839004127037, -15.655729320898402],
              [136.96794340404233, -15.654555928807568],
              [136.96851280524555, -15.653460648477548],
              [136.97017736698956, -15.653382589679637],
              [136.9711930655805, -15.652795862999255],
              [136.97107129554092, -15.651974510728834],
              [136.9741577638269, -15.652952408160715],
              [136.97622931980095, -15.65338264325699],
              [136.97622933008125, -15.650879442487195],
              [136.97525449794165, -15.649549606022404],
              [136.97383297993474, -15.64904113923238],
              [136.97318290768845, -15.647711287507732],
              [136.97204563055533, -15.64798508433718],
              [136.9714770281052, -15.649158476831062],
              [136.96985247337034, -15.650175398532042],
              [136.96908056617218, -15.649041138565465],
              [136.9683901526198, -15.647867757959105],
              [136.9692430415925, -15.646224998157734],
              [136.97111141398176, -15.645599168391925],
              [136.97163941784157, -15.644425745820257],
              [136.97058338210257, -15.643565253265706],
              [136.9700552565518, -15.642157113239122],
              [136.96830886157795, -15.64258744034197],
              [136.96648095936888, -15.642118048077421],
              [136.9645312058641, -15.641883342913928],
              [136.96396281120633, -15.642274560173206],
              [136.9628659480174, -15.641296659348683],
              [136.9612005515088, -15.640475245063868],
              [136.9597790536743, -15.640788204215312],
              [136.9584694184589, -15.641747227421263],
              [136.95821950964557, -15.643156703588133],
              [136.95733001056635, -15.64366492992653],
              [136.95605214221212, -15.647096665773233],
              [136.95282140375656, -15.649729720631456],
              [136.95266752576083, -15.653308211361221],
              [136.95104944384565, -15.655787162960337],
              [136.95008499423682, -15.65842913173978],
              [136.94685137067358, -15.657490888433856],
              [136.94071373227075, -15.658416408540859],
              [136.93699723579817, -15.660276238284041],
              [136.93925512809568, -15.66276116395943],
              [136.9462161247871, -15.662466321227669],
              [136.94685584245804, -15.665102401149284],
              [136.9462038268963, -15.66727224119711],
              [136.944754671191, -15.670068478719244],
              [136.941351098729, -15.672390728677115],
              [136.9450637031125, -15.675187371531138],
              [136.94717327156735, -15.67814251601257],
              [136.9436447260515, -15.679855939307686],
              [136.9402606603275, -15.683891660984358],
              [136.93768148768277, -15.684667706223621],
              [136.93314325128267, -15.684042833766142],
              [136.92910977232197, -15.684353102106598],
              [136.92392856766503, -15.68155457528492],
              [136.91957059803423, -15.681398861850695],
              [136.9186026473982, -15.68466056654374]
            ]
          ],
          [
            [
              [136.92433166503906, -13.644083023071289],
              [136.92503356933594, -13.646139144897461],
              [136.9398651123047, -13.644694328308105],
              [136.94383239746094, -13.645638465881348],
              [136.94996643066406, -13.644110679626465],
              [136.95619201660156, -13.630361557006836],
              [136.95480346679688, -13.628277778625488],
              [136.9493865966797, -13.630999565124512],
              [136.9451141357422, -13.63647174835205],
              [136.9371337890625, -13.635222434997559],
              [136.93031311035156, -13.63700008392334],
              [136.92581176757812, -13.640639305114746],
              [136.92433166503906, -13.644083023071289]
            ]
          ],
          [
            [
              [136.92527770996094, -13.66611099243164],
              [136.9288330078125, -13.667139053344727],
              [136.93344116210938, -13.665194511413574],
              [136.93191528320312, -13.662693977355957],
              [136.9278564453125, -13.661666870117188],
              [136.92530822753906, -13.663139343261719],
              [136.92527770996094, -13.66611099243164]
            ]
          ],
          [
            [
              [136.9268035888672, -14.356805801391602],
              [136.93191528320312, -14.356861114501953],
              [136.93482971191406, -14.35474967956543],
              [136.9320068359375, -14.349749565124512],
              [136.9282989501953, -14.35183334350586],
              [136.9268035888672, -14.356805801391602]
            ]
          ],
          [
            [
              [136.97105407714844, -14.25997257232666],
              [136.97128295898438, -14.262499809265137],
              [136.9806365966797, -14.265583038330078],
              [136.98255920410156, -14.263777732849121],
              [136.98025512695312, -14.260527610778809],
              [136.97552490234375, -14.259333610534668],
              [136.97105407714844, -14.25997257232666]
            ]
          ],
          [
            [
              [139.0919952392578, -16.83625030517578],
              [139.09666442871094, -16.84772300720215],
              [139.0985870361328, -16.85247230529785],
              [139.1088409423828, -16.853111267089844],
              [139.11378479003906, -16.855749130249023],
              [139.1165313720703, -16.850055694580078],
              [139.11471557617188, -16.84380531311035],
              [139.1171875, -16.8397216796875],
              [139.1239471435547, -16.836639404296875],
              [139.12905883789062, -16.83097267150879],
              [139.13336181640625, -16.82991600036621],
              [139.1421356201172, -16.832138061523438],
              [139.14988708496094, -16.825611114501953],
              [139.145751953125, -16.818195343017578],
              [139.1400604248047, -16.81624984741211],
              [139.13714599609375, -16.807443618774414],
              [139.13360595703125, -16.80438804626465],
              [139.12571716308594, -16.806333541870117],
              [139.09425354003906, -16.819055557250977],
              [139.09466552734375, -16.821443557739258],
              [139.09530639648438, -16.825056076049805],
              [139.09388732910156, -16.82986068725586],
              [139.0919952392578, -16.83625030517578]
            ]
          ],
          [
            [
              [139.14053344726562, -16.71880531311035],
              [139.14488220214844, -16.727638244628906],
              [139.1449432373047, -16.737499237060547],
              [139.14077758789062, -16.755361557006836],
              [139.1421661376953, -16.757667541503906],
              [139.14772033691406, -16.753416061401367],
              [139.1613006591797, -16.75319480895996],
              [139.1616668701172, -16.747472763061523],
              [139.1671142578125, -16.737443923950195],
              [139.1707000732422, -16.735694885253906],
              [139.17799377441406, -16.740861892700195],
              [139.18661499023438, -16.738027572631836],
              [139.18980407714844, -16.73349952697754],
              [139.1901092529297, -16.72913932800293],
              [139.186279296875, -16.7185001373291],
              [139.18466186523438, -16.70400047302246],
              [139.19020080566406, -16.688472747802734],
              [139.18960571289062, -16.682249069213867],
              [139.18679809570312, -16.679222106933594],
              [139.18167114257812, -16.676971435546875],
              [139.17855834960938, -16.67561149597168],
              [139.16993713378906, -16.676389694213867],
              [139.15011596679688, -16.69211196899414],
              [139.14088439941406, -16.71238899230957],
              [139.14053344726562, -16.71880531311035]
            ]
          ],
          [
            [
              [139.15313720703125, -16.63450050354004],
              [139.16091918945312, -16.65163803100586],
              [139.16122436523438, -16.656166076660156],
              [139.16183471679688, -16.66497230529785],
              [139.16416931152344, -16.66755485534668],
              [139.18052673339844, -16.67127799987793],
              [139.19410705566406, -16.670860290527344],
              [139.19805908203125, -16.67644500732422],
              [139.19931030273438, -16.68541717529297],
              [139.19810485839844, -16.69872283935547],
              [139.20181274414062, -16.703832626342773],
              [139.20333862304688, -16.711444854736328],
              [139.20785522460938, -16.711305618286133],
              [139.21072387695312, -16.69872283935547],
              [139.2192840576172, -16.687389373779297],
              [139.22911071777344, -16.68341636657715],
              [139.2276153564453, -16.68777847290039],
              [139.21665954589844, -16.698833465576172],
              [139.2146453857422, -16.705223083496094],
              [139.21499633789062, -16.71119499206543],
              [139.22422790527344, -16.715749740600586],
              [139.22816467285156, -16.72016716003418],
              [139.23243713378906, -16.734500885009766],
              [139.23597717285156, -16.73616600036621],
              [139.24465942382812, -16.73058319091797],
              [139.25135803222656, -16.728389739990234],
              [139.26541137695312, -16.728416442871094],
              [139.26991271972656, -16.73055648803711],
              [139.2757568359375, -16.73663902282715],
              [139.28741455078125, -16.737083435058594],
              [139.29025268554688, -16.738750457763672],
              [139.29141235351562, -16.73819351196289],
              [139.30921936035156, -16.729888916015625],
              [139.31585693359375, -16.732528686523438],
              [139.31919860839844, -16.731666564941406],
              [139.3246612548828, -16.720027923583984],
              [139.3314666748047, -16.711416244506836],
              [139.3433074951172, -16.70427703857422],
              [139.3534698486328, -16.693639755249023],
              [139.3599090576172, -16.694000244140625],
              [139.3621063232422, -16.690584182739258],
              [139.36639404296875, -16.691804885864258],
              [139.36883544921875, -16.687694549560547],
              [139.3740234375, -16.690776824951172],
              [139.3776092529297, -16.689472198486328],
              [139.37364196777344, -16.68572235107422],
              [139.37208557128906, -16.680639266967773],
              [139.37380981445312, -16.675832748413086],
              [139.37445068359375, -16.675193786621094],
              [139.38021850585938, -16.66900062561035],
              [139.38352966308594, -16.66544532775879],
              [139.38528442382812, -16.661556243896484],
              [139.3822784423828, -16.655776977539062],
              [139.38143920898438, -16.649555206298828],
              [139.38255310058594, -16.64061164855957],
              [139.3852996826172, -16.633750915527344],
              [139.39013671875, -16.641666412353516],
              [139.3987274169922, -16.64180564880371],
              [139.4038543701172, -16.647388458251953],
              [139.40602111816406, -16.64583396911621],
              [139.40760803222656, -16.645944595336914],
              [139.4098358154297, -16.64611053466797],
              [139.41285705566406, -16.649389266967773],
              [139.4143829345703, -16.65744400024414],
              [139.42066955566406, -16.666305541992188],
              [139.4195556640625, -16.675249099731445],
              [139.436279296875, -16.673221588134766],
              [139.43959045410156, -16.67441749572754],
              [139.44210815429688, -16.67791748046875],
              [139.44630432128906, -16.673416137695312],
              [139.44674682617188, -16.672945022583008],
              [139.4510498046875, -16.67069435119629],
              [139.45574951171875, -16.661832809448242],
              [139.45730590820312, -16.654722213745117],
              [139.4530029296875, -16.642915725708008],
              [139.45169067382812, -16.634416580200195],
              [139.44793701171875, -16.63372230529785],
              [139.44766235351562, -16.6336669921875],
              [139.44747924804688, -16.631139755249023],
              [139.44924926757812, -16.63075065612793],
              [139.45510864257812, -16.629417419433594],
              [139.46482849121094, -16.632110595703125],
              [139.46841430664062, -16.631471633911133],
              [139.47625732421875, -16.6201114654541],
              [139.47610473632812, -16.614360809326172],
              [139.47145080566406, -16.60877799987793],
              [139.47105407714844, -16.603721618652344],
              [139.47454833984375, -16.59344482421875],
              [139.4722442626953, -16.589277267456055],
              [139.47283935546875, -16.583084106445312],
              [139.47128295898438, -16.581972122192383],
              [139.4681396484375, -16.57977867126465],
              [139.4725341796875, -16.574806213378906],
              [139.46871948242188, -16.573583602905273],
              [139.46316528320312, -16.577638626098633],
              [139.457275390625, -16.574777603149414],
              [139.45733642578125, -16.57294464111328],
              [139.47764587402344, -16.560916900634766],
              [139.48110961914062, -16.558860778808594],
              [139.48875427246094, -16.558277130126953],
              [139.4939422607422, -16.560667037963867],
              [139.49949645996094, -16.569499969482422],
              [139.5076904296875, -16.576278686523438],
              [139.51150512695312, -16.577499389648438],
              [139.51235961914062, -16.569000244140625],
              [139.52333068847656, -16.553556442260742],
              [139.52017211914062, -16.548973083496094],
              [139.51705932617188, -16.54450035095215],
              [139.51422119140625, -16.543556213378906],
              [139.49636840820312, -16.54486083984375],
              [139.48971557617188, -16.542694091796875],
              [139.4832000732422, -16.5361385345459],
              [139.48374938964844, -16.530860900878906],
              [139.49002075195312, -16.52544403076172],
              [139.49502563476562, -16.525083541870117],
              [139.5028076171875, -16.516250610351562],
              [139.50904846191406, -16.512222290039062],
              [139.5119171142578, -16.512027740478516],
              [139.51661682128906, -16.51647186279297],
              [139.52915954589844, -16.51849937438965],
              [139.53514099121094, -16.518138885498047],
              [139.53733825683594, -16.51449966430664],
              [139.5343017578125, -16.510555267333984],
              [139.53555297851562, -16.506444931030273],
              [139.5409393310547, -16.501527786254883],
              [139.54449462890625, -16.498306274414062],
              [139.54647827148438, -16.495361328125],
              [139.54652404785156, -16.490083694458008],
              [139.54844665527344, -16.490110397338867],
              [139.5537567138672, -16.485361099243164],
              [139.5645294189453, -16.481416702270508],
              [139.56497192382812, -16.483943939208984],
              [139.56178283691406, -16.490554809570312],
              [139.5645294189453, -16.49680519104004],
              [139.56805419921875, -16.498695373535156],
              [139.5756378173828, -16.49972152709961],
              [139.58155822753906, -16.502582550048828],
              [139.58433532714844, -16.50583267211914],
              [139.5842742919922, -16.5095272064209],
              [139.57916259765625, -16.517026901245117],
              [139.58193969726562, -16.521194458007812],
              [139.58258056640625, -16.525583267211914],
              [139.5858612060547, -16.529054641723633],
              [139.59104919433594, -16.531665802001953],
              [139.59310913085938, -16.535165786743164],
              [139.5923309326172, -16.53997230529785],
              [139.5969696044922, -16.552165985107422],
              [139.5973663330078, -16.553138732910156],
              [139.60092163085938, -16.55411148071289],
              [139.608642578125, -16.54688835144043],
              [139.62399291992188, -16.5395565032959],
              [139.63194274902344, -16.532554626464844],
              [139.64100646972656, -16.532222747802734],
              [139.64772033691406, -16.52750015258789],
              [139.65415954589844, -16.526472091674805],
              [139.6584930419922, -16.52377700805664],
              [139.652587890625, -16.521610260009766],
              [139.65310668945312, -16.518638610839844],
              [139.68093872070312, -16.51997184753418],
              [139.68756103515625, -16.52191734313965],
              [139.6898956298828, -16.525388717651367],
              [139.6890869140625, -16.531360626220703],
              [139.6904754638672, -16.533916473388672],
              [139.6910858154297, -16.533916473388672],
              [139.71356201171875, -16.53380584716797],
              [139.71546936035156, -16.531084060668945],
              [139.7146453857422, -16.524389266967773],
              [139.71255493164062, -16.520915985107422],
              [139.70877075195312, -16.51994514465332],
              [139.7069091796875, -16.51738929748535],
              [139.7025604248047, -16.506750106811523],
              [139.7005615234375, -16.497304916381836],
              [139.7042999267578, -16.487472534179688],
              [139.7024688720703, -16.483083724975586],
              [139.69271850585938, -16.468000411987305],
              [139.68344116210938, -16.46763801574707],
              [139.68614196777344, -16.46263885498047],
              [139.68313598632812, -16.457056045532227],
              [139.68435668945312, -16.45572280883789],
              [139.69146728515625, -16.4558048248291],
              [139.6891632080078, -16.452110290527344],
              [139.68136596679688, -16.44969367980957],
              [139.65756225585938, -16.451610565185547],
              [139.64578247070312, -16.445249557495117],
              [139.63525390625, -16.433361053466797],
              [139.62069702148438, -16.422555923461914],
              [139.61703491210938, -16.414249420166016],
              [139.60580444335938, -16.402584075927734],
              [139.5855255126953, -16.40163803100586],
              [139.58346557617188, -16.401527404785156],
              [139.56333923339844, -16.397777557373047],
              [139.55203247070312, -16.39091682434082],
              [139.54891967773438, -16.392723083496094],
              [139.54502868652344, -16.3979434967041],
              [139.53927612304688, -16.39966583251953],
              [139.5406036376953, -16.406583786010742],
              [139.5381317138672, -16.411388397216797],
              [139.53163146972656, -16.416555404663086],
              [139.5201416015625, -16.421667098999023],
              [139.50677490234375, -16.42441749572754],
              [139.4890594482422, -16.431472778320312],
              [139.4836883544922, -16.438278198242188],
              [139.4809112548828, -16.439332962036133],
              [139.4784393310547, -16.440277099609375],
              [139.47335815429688, -16.445249557495117],
              [139.46881103515625, -16.44700050354004],
              [139.44996643066406, -16.44966697692871],
              [139.4344940185547, -16.44963836669922],
              [139.42552185058594, -16.44675064086914],
              [139.40509033203125, -16.446611404418945],
              [139.38902282714844, -16.45255470275879],
              [139.3695526123047, -16.451778411865234],
              [139.36521911621094, -16.45491600036621],
              [139.36422729492188, -16.457889556884766],
              [139.3665008544922, -16.462499618530273],
              [139.3673553466797, -16.462888717651367],
              [139.37310791015625, -16.465389251708984],
              [139.37966918945312, -16.470556259155273],
              [139.3838653564453, -16.47658348083496],
              [139.37741088867188, -16.47624969482422],
              [139.37277221679688, -16.471111297607422],
              [139.3643035888672, -16.465917587280273],
              [139.35946655273438, -16.457111358642578],
              [139.34194946289062, -16.46530532836914],
              [139.33291625976562, -16.464916229248047],
              [139.32061767578125, -16.46150016784668],
              [139.31277465820312, -16.461360931396484],
              [139.30702209472656, -16.462862014770508],
              [139.29713439941406, -16.470972061157227],
              [139.2934112548828, -16.476194381713867],
              [139.28955078125, -16.481611251831055],
              [139.2455596923828, -16.506805419921875],
              [139.2461700439453, -16.512332916259766],
              [139.24241638183594, -16.52191734313965],
              [139.23275756835938, -16.530250549316406],
              [139.22288513183594, -16.534666061401367],
              [139.220947265625, -16.536916732788086],
              [139.22328186035156, -16.540861129760742],
              [139.21588134765625, -16.552221298217773],
              [139.22027587890625, -16.559415817260742],
              [139.2191925048828, -16.561500549316406],
              [139.21360778808594, -16.572166442871094],
              [139.2078094482422, -16.57780647277832],
              [139.18682861328125, -16.59030532836914],
              [139.17233276367188, -16.6026668548584],
              [139.16464233398438, -16.6064453125],
              [139.16163635253906, -16.613500595092773],
              [139.16294860839844, -16.62041664123535],
              [139.1606903076172, -16.62588882446289],
              [139.15367126464844, -16.631500244140625],
              [139.15313720703125, -16.63450050354004]
            ]
          ],
          [
            [
              [139.2096710205078, -17.014694213867188],
              [139.2165069580078, -17.03183364868164],
              [139.2163848876953, -17.035972595214844],
              [139.218994140625, -17.038528442382812],
              [139.2228546142578, -17.03583335876465],
              [139.22666931152344, -17.037527084350586],
              [139.23269653320312, -17.047277450561523],
              [139.2366943359375, -17.049888610839844],
              [139.24789428710938, -17.051471710205078],
              [139.25094604492188, -17.0535831451416],
              [139.25247192382812, -17.061195373535156],
              [139.2586669921875, -17.061777114868164],
              [139.26242065429688, -17.065500259399414],
              [139.26502990722656, -17.065776824951172],
              [139.26649475097656, -17.063278198242188],
              [139.26585388183594, -17.05936050415039],
              [139.25222778320312, -17.048999786376953],
              [139.24716186523438, -17.038360595703125],
              [139.23635864257812, -17.028499603271484],
              [139.2332763671875, -17.02775001525879],
              [139.2303009033203, -17.0217227935791],
              [139.22450256347656, -17.018693923950195],
              [139.2239227294922, -17.018388748168945],
              [139.2178955078125, -17.009777069091797],
              [139.21405029296875, -17.01016616821289],
              [139.2096710205078, -17.014694213867188]
            ]
          ],
          [
            [
              [139.26536560058594, -16.997528076171875],
              [139.26614379882812, -17.007667541503906],
              [139.2675323486328, -17.009750366210938],
              [139.27230834960938, -17.009361267089844],
              [139.275390625, -17.010805130004883],
              [139.28121948242188, -17.0037784576416],
              [139.27769470214844, -17.001888275146484],
              [139.27261352539062, -16.993972778320312],
              [139.268310546875, -16.994138717651367],
              [139.26536560058594, -16.997528076171875]
            ]
          ],
          [
            [
              [139.36903381347656, -17.0708065032959],
              [139.38421630859375, -17.07611083984375],
              [139.39210510253906, -17.075332641601562],
              [139.3791046142578, -17.068222045898438],
              [139.37242126464844, -17.067638397216797],
              [139.36903381347656, -17.0708065032959]
            ]
          ],
          [
            [
              [139.3999786376953, -17.08880615234375],
              [139.40611267089844, -17.1070556640625],
              [139.41407775878906, -17.114084243774414],
              [139.41607666015625, -17.12355613708496],
              [139.4292755126953, -17.13194465637207],
              [139.43431091308594, -17.1383056640625],
              [139.43896484375, -17.139278411865234],
              [139.44277954101562, -17.13483238220215],
              [139.44142150878906, -17.132110595703125],
              [139.42897033691406, -17.122167587280273],
              [139.43228149414062, -17.112333297729492],
              [139.431640625, -17.10794448852539],
              [139.4375762939453, -17.108972549438477],
              [139.4405059814453, -17.10533332824707],
              [139.44677734375, -17.101999282836914],
              [139.4645233154297, -17.09722137451172],
              [139.46861267089844, -17.097305297851562],
              [139.47605895996094, -17.093276977539062],
              [139.48036193847656, -17.093584060668945],
              [139.48025512695312, -17.094194412231445],
              [139.4790496826172, -17.100221633911133],
              [139.4803924560547, -17.105527877807617],
              [139.47930908203125, -17.112194061279297],
              [139.48089599609375, -17.117944717407227],
              [139.4856414794922, -17.11919403076172],
              [139.48997497558594, -17.117639541625977],
              [139.50192260742188, -17.117389678955078],
              [139.51260375976562, -17.11916732788086],
              [139.51553344726562, -17.117610931396484],
              [139.5141143798828, -17.114778518676758],
              [139.513671875, -17.113889694213867],
              [139.5177764892578, -17.111194610595703],
              [139.52291870117188, -17.103944778442383],
              [139.53924560546875, -17.09844398498535],
              [139.56460571289062, -17.09494400024414],
              [139.5699462890625, -17.090194702148438],
              [139.5780792236328, -17.088722229003906],
              [139.57630920410156, -17.080888748168945],
              [139.56236267089844, -17.07261085510254],
              [139.5586395263672, -17.067028045654297],
              [139.5501708984375, -17.046472549438477],
              [139.5518035888672, -17.043916702270508],
              [139.55653381347656, -17.03644371032715],
              [139.5573272705078, -17.031389236450195],
              [139.55572509765625, -17.02952766418457],
              [139.54922485351562, -17.031723022460938],
              [139.5443115234375, -17.026582717895508],
              [139.54222106933594, -17.022193908691406],
              [139.5360870361328, -17.019556045532227],
              [139.52735900878906, -17.01183319091797],
              [139.51980590820312, -17.007333755493164],
              [139.5118865966797, -16.996639251708984],
              [139.505859375, -16.98527717590332],
              [139.49993896484375, -16.983583450317383],
              [139.49716186523438, -16.97802734375],
              [139.49424743652344, -16.981637954711914],
              [139.4969940185547, -16.98813819885254],
              [139.49325561523438, -16.998638153076172],
              [139.4948272705078, -17.003250122070312],
              [139.49266052246094, -17.017250061035156],
              [139.487548828125, -17.022666931152344],
              [139.4837188720703, -17.024221420288086],
              [139.48089599609375, -17.02141761779785],
              [139.47677612304688, -17.024110794067383],
              [139.47552490234375, -17.028223037719727],
              [139.46861267089844, -17.02833366394043],
              [139.4656982421875, -17.032194137573242],
              [139.46063232421875, -17.034194946289062],
              [139.45724487304688, -17.049999237060547],
              [139.45211791992188, -17.057249069213867],
              [139.43618774414062, -17.066638946533203],
              [139.42205810546875, -17.082971572875977],
              [139.41610717773438, -17.081249237060547],
              [139.41542053222656, -17.081361770629883],
              [139.40008544921875, -17.083528518676758],
              [139.3999786376953, -17.08880615234375]
            ]
          ],
          [
            [
              [139.44552612304688, -16.70025062561035],
              [139.44874572753906, -16.706972122192383],
              [139.45443725585938, -16.709362030029297],
              [139.4618377685547, -16.70924949645996],
              [139.4707489013672, -16.702749252319336],
              [139.47406005859375, -16.690860748291016],
              [139.47769165039062, -16.685861587524414],
              [139.48104858398438, -16.684528350830078],
              [139.48422241210938, -16.681583404541016],
              [139.47842407226562, -16.67300033569336],
              [139.47393798828125, -16.67038917541504],
              [139.4580535888672, -16.6790828704834],
              [139.4530029296875, -16.68338966369629],
              [139.44552612304688, -16.70025062561035]
            ]
          ],
          [
            [
              [139.55142211914062, -17.126693725585938],
              [139.55299377441406, -17.131526947021484],
              [139.5567169189453, -17.12355613708496],
              [139.5623321533203, -17.116971969604492],
              [139.56141662597656, -17.114194869995117],
              [139.55691528320312, -17.111360549926758],
              [139.55413818359375, -17.1209716796875],
              [139.55142211914062, -17.126693725585938]
            ]
          ],
          [
            [
              [139.59561157226562, -17.125778198242188],
              [139.5978546142578, -17.12761116027832],
              [139.607421875, -17.134695053100586],
              [139.61622619628906, -17.136444091796875],
              [139.61903381347656, -17.125917434692383],
              [139.61622619628906, -17.121055603027344],
              [139.61830139160156, -17.11163902282715],
              [139.62232971191406, -17.104944229125977],
              [139.63424682617188, -17.085222244262695],
              [139.6374969482422, -17.076778411865234],
              [139.64039611816406, -17.074750900268555],
              [139.6350860595703, -17.065027236938477],
              [139.62869262695312, -17.06077766418457],
              [139.6269989013672, -17.06191635131836],
              [139.626220703125, -17.064666748046875],
              [139.62783813476562, -17.070194244384766],
              [139.62506103515625, -17.0795841217041],
              [139.6174774169922, -17.09002685546875],
              [139.6183319091797, -17.095333099365234],
              [139.61602783203125, -17.104249954223633],
              [139.61192321777344, -17.108333587646484],
              [139.59896850585938, -17.11111068725586],
              [139.5967254638672, -17.117277145385742],
              [139.59561157226562, -17.125778198242188]
            ]
          ],
          [
            [
              [139.7042236328125, -16.477832794189453],
              [139.70950317382812, -16.489639282226562],
              [139.71397399902344, -16.49222183227539],
              [139.72280883789062, -16.491222381591797],
              [139.72775268554688, -16.49449920654297],
              [139.72894287109375, -16.49652862548828],
              [139.731201171875, -16.50030517578125],
              [139.73358154296875, -16.50055503845215],
              [139.73739624023438, -16.484777450561523],
              [139.7356414794922, -16.476694107055664],
              [139.7330780029297, -16.472305297851562],
              [139.73333740234375, -16.45574951171875],
              [139.73194885253906, -16.453222274780273],
              [139.72747802734375, -16.45086097717285],
              [139.72149658203125, -16.45258331298828],
              [139.71665954589844, -16.45827865600586],
              [139.71438598632812, -16.466278076171875],
              [139.70953369140625, -16.472639083862305],
              [139.7050018310547, -16.474388122558594],
              [139.7042236328125, -16.477832794189453]
            ]
          ],
          [
            [
              [139.80325317382812, -16.48780632019043],
              [139.8076171875, -16.49797248840332],
              [139.81411743164062, -16.49163818359375],
              [139.80325317382812, -16.48780632019043]
            ]
          ],
          [
            [
              [139.8259735107422, -16.711694717407227],
              [139.8340606689453, -16.712249755859375],
              [139.84124755859375, -16.708694458007812],
              [139.83680725097656, -16.705638885498047],
              [139.83250427246094, -16.706249237060547],
              [139.8259735107422, -16.711694717407227]
            ]
          ],
          [
            [
              [139.8487548828125, -16.67180633544922],
              [139.8546905517578, -16.686582565307617],
              [139.861328125, -16.673805236816406],
              [139.86610412597656, -16.67180633544922],
              [139.8742218017578, -16.67099952697754],
              [139.87570190429688, -16.668500900268555],
              [139.8814697265625, -16.6649169921875],
              [139.89088439941406, -16.659860610961914],
              [139.8810577392578, -16.660083770751953],
              [139.8765869140625, -16.657249450683594],
              [139.86965942382812, -16.656694412231445],
              [139.86380004882812, -16.667638778686523],
              [139.85780334472656, -16.669639587402344],
              [139.85018920898438, -16.669750213623047],
              [139.8487548828125, -16.67180633544922]
            ]
          ],
          [
            [
              [141.5666961669922, -9.527111053466797],
              [141.57044982910156, -9.529555320739746],
              [141.57444763183594, -9.524277687072754],
              [141.57752990722656, -9.519332885742188],
              [141.5756378173828, -9.516277313232422],
              [141.5703887939453, -9.520916938781738],
              [141.5666961669922, -9.527111053466797]
            ]
          ],
          [
            [
              [142.05068969726562, -10.359889030456543],
              [142.05397033691406, -10.363778114318848],
              [142.06117248535156, -10.363694190979004],
              [142.0620880126953, -10.36138916015625],
              [142.0574188232422, -10.357749938964844],
              [142.05111694335938, -10.355500221252441],
              [142.05068969726562, -10.359889030456543]
            ]
          ],
          [
            [
              [142.08969116210938, -10.117610931396484],
              [142.0920867919922, -10.122444152832031],
              [142.09141540527344, -10.128194808959961],
              [142.0966339111328, -10.141722679138184],
              [142.10739135742188, -10.150138854980469],
              [142.1108856201172, -10.149138450622559],
              [142.11825561523438, -10.147055625915527],
              [142.12197875976562, -10.147472381591797],
              [142.1325225830078, -10.163472175598145],
              [142.13746643066406, -10.17663860321045],
              [142.14903259277344, -10.176527976989746],
              [142.1586456298828, -10.173916816711426],
              [142.1637725830078, -10.179778099060059],
              [142.1665496826172, -10.179306030273438],
              [142.16839599609375, -10.177666664123535],
              [142.16921997070312, -10.168000221252441],
              [142.1719512939453, -10.160611152648926],
              [142.17860412597656, -10.153666496276855],
              [142.1878662109375, -10.15149974822998],
              [142.19129943847656, -10.145055770874023],
              [142.19085693359375, -10.141305923461914],
              [142.1895294189453, -10.129416465759277],
              [142.19383239746094, -10.117194175720215],
              [142.19467163085938, -10.106611251831055],
              [142.19125366210938, -10.088944435119629],
              [142.18679809570312, -10.082305908203125],
              [142.1858367919922, -10.076805114746094],
              [142.18695068359375, -10.07219409942627],
              [142.18499755859375, -10.064833641052246],
              [142.18447875976562, -10.06452751159668],
              [142.1812744140625, -10.06280517578125],
              [142.1759796142578, -10.063305854797363],
              [142.17019653320312, -10.067277908325195],
              [142.1560516357422, -10.06624984741211],
              [142.1493377685547, -10.068583488464355],
              [142.1449737548828, -10.07277774810791],
              [142.1370849609375, -10.072833061218262],
              [142.13108825683594, -10.07450008392334],
              [142.12039184570312, -10.070693969726562],
              [142.1137237548828, -10.076499938964844],
              [142.11378479003906, -10.084527969360352],
              [142.1080322265625, -10.088944435119629],
              [142.09202575683594, -10.110250473022461],
              [142.08969116210938, -10.117610931396484]
            ]
          ],
          [
            [
              [142.11227416992188, -10.693805694580078],
              [142.11422729492188, -10.701138496398926],
              [142.11964416503906, -10.7100830078125],
              [142.12013244628906, -10.714666366577148],
              [142.1180877685547, -10.718360900878906],
              [142.1134490966797, -10.72047233581543],
              [142.1167449951172, -10.726194381713867],
              [142.12445068359375, -10.728194236755371],
              [142.1314697265625, -10.736666679382324],
              [142.1405792236328, -10.742111206054688],
              [142.1445770263672, -10.746222496032715],
              [142.1486053466797, -10.753777503967285],
              [142.1486358642578, -10.760444641113281],
              [142.15313720703125, -10.76936149597168],
              [142.15594482421875, -10.769583702087402],
              [142.16033935546875, -10.766083717346191],
              [142.1626739501953, -10.765832901000977],
              [142.1654510498047, -10.767889022827148],
              [142.17318725585938, -10.773555755615234],
              [142.17550659179688, -10.772639274597168],
              [142.17994689941406, -10.774194717407227],
              [142.1898956298828, -10.77066707611084],
              [142.19078063964844, -10.7660551071167],
              [142.18861389160156, -10.758028030395508],
              [142.190673828125, -10.751555442810059],
              [142.1959686279297, -10.750361442565918],
              [142.20103454589844, -10.740888595581055],
              [142.2020263671875, -10.739749908447266],
              [142.21136474609375, -10.729083061218262],
              [142.2268829345703, -10.72480583190918],
              [142.2279510498047, -10.7339448928833],
              [142.2291717529297, -10.744333267211914],
              [142.237060546875, -10.741277694702148],
              [142.2399139404297, -10.738750457763672],
              [142.24049377441406, -10.738249778747559],
              [142.24241638183594, -10.730610847473145],
              [142.24252319335938, -10.7301664352417],
              [142.24850463867188, -10.723694801330566],
              [142.25006103515625, -10.716083526611328],
              [142.256103515625, -10.716028213500977],
              [142.26666259765625, -10.728583335876465],
              [142.2697296142578, -10.729000091552734],
              [142.27633666992188, -10.717222213745117],
              [142.279052734375, -10.709138870239258],
              [142.2750244140625, -10.701360702514648],
              [142.2500762939453, -10.66594409942627],
              [142.25003051757812, -10.664388656616211],
              [142.249755859375, -10.656722068786621],
              [142.24786376953125, -10.653306007385254],
              [142.24038696289062, -10.648777961730957],
              [142.23239135742188, -10.638028144836426],
              [142.21200561523438, -10.618416786193848],
              [142.21075439453125, -10.608083724975586],
              [142.20693969726562, -10.598443984985352],
              [142.2043914794922, -10.597110748291016],
              [142.18614196777344, -10.60152816772461],
              [142.18292236328125, -10.613611221313477],
              [142.1796875, -10.616639137268066],
              [142.1774139404297, -10.621722221374512],
              [142.17164611816406, -10.625666618347168],
              [142.15469360351562, -10.62744426727295],
              [142.14894104003906, -10.633000373840332],
              [142.14735412597656, -10.639222145080566],
              [142.14114379882812, -10.646166801452637],
              [142.1350860595703, -10.643917083740234],
              [142.13092041015625, -10.645111083984375],
              [142.12330627441406, -10.650694847106934],
              [142.1210479736328, -10.659222602844238],
              [142.1136932373047, -10.66825008392334],
              [142.11375427246094, -10.673555374145508],
              [142.1189727783203, -10.68869400024414],
              [142.12249755859375, -10.694416999816895],
              [142.11318969726562, -10.690361022949219],
              [142.11227416992188, -10.693805694580078]
            ]
          ],
          [
            [
              [142.125244140625, -10.367305755615234],
              [142.12625122070312, -10.373971939086914],
              [142.1300506591797, -10.384055137634277],
              [142.13450622558594, -10.387472152709961],
              [142.13772583007812, -10.386750221252441],
              [142.14208984375, -10.379138946533203],
              [142.14108276367188, -10.372249603271484],
              [142.133056640625, -10.356444358825684],
              [142.128173828125, -10.356027603149414],
              [142.1280059814453, -10.362472534179688],
              [142.125244140625, -10.367305755615234]
            ]
          ],
          [
            [
              [142.13265991210938, -9.267277717590332],
              [142.13546752929688, -9.273249626159668],
              [142.1394500732422, -9.27619457244873],
              [142.19549560546875, -9.288583755493164],
              [142.20321655273438, -9.288472175598145],
              [142.21522521972656, -9.288277626037598],
              [142.23477172851562, -9.288000106811523],
              [142.23780822753906, -9.28819465637207],
              [142.24061584472656, -9.291166305541992],
              [142.24407958984375, -9.29183292388916],
              [142.2588653564453, -9.290082931518555],
              [142.27410888671875, -9.29063892364502],
              [142.27871704101562, -9.289443969726562],
              [142.28538513183594, -9.284805297851562],
              [142.28897094726562, -9.278111457824707],
              [142.29493713378906, -9.267000198364258],
              [142.2928009033203, -9.262194633483887],
              [142.2781982421875, -9.254972457885742],
              [142.27285766601562, -9.253194808959961],
              [142.26475524902344, -9.25302791595459],
              [142.2488555908203, -9.259833335876465],
              [142.24330139160156, -9.259194374084473],
              [142.23094177246094, -9.245277404785156],
              [142.22531127929688, -9.234305381774902],
              [142.2218017578125, -9.232500076293945],
              [142.19871520996094, -9.237055778503418],
              [142.17750549316406, -9.24941635131836],
              [142.175048828125, -9.250833511352539],
              [142.1651611328125, -9.252972602844238],
              [142.14389038085938, -9.257527351379395],
              [142.1344757080078, -9.262666702270508],
              [142.13265991210938, -9.267277717590332]
            ]
          ],
          [
            [
              [142.13316345214844, -10.200194358825684],
              [142.13836669921875, -10.207777976989746],
              [142.1474151611328, -10.214694023132324],
              [142.1505889892578, -10.210861206054688],
              [142.14797973632812, -10.20324993133545],
              [142.13894653320312, -10.198861122131348],
              [142.13316345214844, -10.200194358825684]
            ]
          ],
          [
            [
              [142.14791870117188, -10.59619426727295],
              [142.1554412841797, -10.605805397033691],
              [142.17169189453125, -10.606805801391602],
              [142.181884765625, -10.602805137634277],
              [142.17811584472656, -10.595722198486328],
              [142.1810760498047, -10.590389251708984],
              [142.1773681640625, -10.589056015014648],
              [142.16416931152344, -10.594916343688965],
              [142.1604766845703, -10.5956392288208],
              [142.1502227783203, -10.594111442565918],
              [142.14791870117188, -10.59619426727295]
            ]
          ],
          [
            [
              [142.15235900878906, -10.568166732788086],
              [142.16180419921875, -10.569722175598145],
              [142.166748046875, -10.56322193145752],
              [142.1709442138672, -10.560916900634766],
              [142.1712188720703, -10.558917045593262],
              [142.16664123535156, -10.559027671813965],
              [142.15505981445312, -10.563722610473633],
              [142.15235900878906, -10.568166732788086]
            ]
          ],
          [
            [
              [142.16407775878906, -10.213277816772461],
              [142.1641082763672, -10.217111587524414],
              [142.16546630859375, -10.224082946777344],
              [142.17063903808594, -10.22974967956543],
              [142.1731719970703, -10.224638938903809],
              [142.16928100585938, -10.220861434936523],
              [142.1717987060547, -10.21322250366211],
              [142.16983032226562, -10.211333274841309],
              [142.16407775878906, -10.213277816772461]
            ]
          ],
          [
            [
              [142.1678009033203, -9.957111358642578],
              [142.16978454589844, -9.961527824401855],
              [142.1804962158203, -9.973361015319824],
              [142.18397521972656, -9.971500396728516],
              [142.1891632080078, -9.957416534423828],
              [142.19284057617188, -9.954166412353516],
              [142.19955444335938, -9.952722549438477],
              [142.20138549804688, -9.950416564941406],
              [142.19020080566406, -9.94313907623291],
              [142.17974853515625, -9.941861152648926],
              [142.1703338623047, -9.950722694396973],
              [142.1678009033203, -9.957111358642578]
            ]
          ],
          [
            [
              [142.18154907226562, -10.563471794128418],
              [142.19091796875, -10.571916580200195],
              [142.19558715820312, -10.573472023010254],
              [142.21041870117188, -10.57205581665039],
              [142.21136474609375, -10.571971893310547],
              [142.21966552734375, -10.565917015075684],
              [142.224365234375, -10.544249534606934],
              [142.2268829345703, -10.541694641113281],
              [142.2312774658203, -10.540971755981445],
              [142.232421875, -10.536833763122559],
              [142.2290802001953, -10.530166625976562],
              [142.2234649658203, -10.523777961730957],
              [142.21719360351562, -10.523388862609863],
              [142.2132568359375, -10.52572250366211],
              [142.20530700683594, -10.545332908630371],
              [142.20230102539062, -10.548110961914062],
              [142.1971893310547, -10.546333312988281],
              [142.19346618652344, -10.548194885253906],
              [142.1863555908203, -10.555166244506836],
              [142.18154907226562, -10.563471794128418]
            ]
          ],
          [
            [
              [142.18919372558594, -10.195666313171387],
              [142.1941680908203, -10.206194877624512],
              [142.20236206054688, -10.215332984924316],
              [142.2135772705078, -10.224638938903809],
              [142.21527099609375, -10.233611106872559],
              [142.21763610839844, -10.237722396850586],
              [142.2213592529297, -10.238611221313477],
              [142.2268829345703, -10.233055114746094],
              [142.2496337890625, -10.237222671508789],
              [142.25332641601562, -10.239110946655273],
              [142.26458740234375, -10.244889259338379],
              [142.27444458007812, -10.258610725402832],
              [142.2786407470703, -10.261333465576172],
              [142.28396606445312, -10.261055946350098],
              [142.28720092773438, -10.258500099182129],
              [142.29014587402344, -10.24927806854248],
              [142.30116271972656, -10.238361358642578],
              [142.3068389892578, -10.223583221435547],
              [142.31378173828125, -10.22077751159668],
              [142.31605529785156, -10.218222618103027],
              [142.3358917236328, -10.194305419921875],
              [142.34222412109375, -10.186694145202637],
              [142.34767150878906, -10.174444198608398],
              [142.34622192382812, -10.16986083984375],
              [142.33900451660156, -10.166250228881836],
              [142.33474731445312, -10.160555839538574],
              [142.33444213867188, -10.150444030761719],
              [142.3275909423828, -10.13669490814209],
              [142.31533813476562, -10.139333724975586],
              [142.31158447265625, -10.13730525970459],
              [142.30386352539062, -10.128166198730469],
              [142.29922485351562, -10.128222465515137],
              [142.29710388183594, -10.126166343688965],
              [142.2922821044922, -10.130110740661621],
              [142.2803955078125, -10.123555183410645],
              [142.2792510986328, -10.121889114379883],
              [142.277587890625, -10.119444847106934],
              [142.2689666748047, -10.11674976348877],
              [142.2632293701172, -10.123472213745117],
              [142.259521484375, -10.12511157989502],
              [142.24420166015625, -10.122722625732422],
              [142.23052978515625, -10.123555183410645],
              [142.22129821777344, -10.130749702453613],
              [142.2167205810547, -10.135611534118652],
              [142.2098388671875, -10.168805122375488],
              [142.20567321777344, -10.171833038330078],
              [142.1990509033203, -10.183610916137695],
              [142.18960571289062, -10.190138816833496],
              [142.18919372558594, -10.195666313171387]
            ]
          ],
          [
            [
              [142.2106170654297, -10.579667091369629],
              [142.21136474609375, -10.58899974822998],
              [142.2127227783203, -10.590332984924316],
              [142.2322540283203, -10.584166526794434],
              [142.23558044433594, -10.579111099243164],
              [142.2310791015625, -10.572250366210938],
              [142.2264404296875, -10.570444107055664],
              [142.22003173828125, -10.575583457946777],
              [142.2106170654297, -10.579667091369629]
            ]
          ],
          [
            [
              [142.23980712890625, -10.608055114746094],
              [142.24288940429688, -10.616999626159668],
              [142.2491912841797, -10.622471809387207],
              [142.25347900390625, -10.629555702209473],
              [142.26260375976562, -10.639833450317383],
              [142.2691650390625, -10.64436149597168],
              [142.27566528320312, -10.645000457763672],
              [142.2816925048828, -10.642889022827148],
              [142.29864501953125, -10.640666961669922],
              [142.3106689453125, -10.632944107055664],
              [142.31524658203125, -10.627166748046875],
              [142.32652282714844, -10.617388725280762],
              [142.32913208007812, -10.610750198364258],
              [142.32733154296875, -10.603833198547363],
              [142.3207244873047, -10.590777397155762],
              [142.31179809570312, -10.583944320678711],
              [142.30894470214844, -10.574999809265137],
              [142.3052215576172, -10.574110984802246],
              [142.30038452148438, -10.578083038330078],
              [142.2876434326172, -10.582555770874023],
              [142.2820281982422, -10.578694343566895],
              [142.26324462890625, -10.582555770874023],
              [142.25608825683594, -10.586750030517578],
              [142.2508087158203, -10.592082977294922],
              [142.23980712890625, -10.608055114746094]
            ]
          ],
          [
            [
              [142.24586486816406, -10.252888679504395],
              [142.2628631591797, -10.25986099243164],
              [142.26539611816406, -10.258916854858398],
              [142.26492309570312, -10.256860733032227],
              [142.25579833984375, -10.250027656555176],
              [142.24586486816406, -10.252888679504395]
            ]
          ],
          [
            [
              [142.28016662597656, -10.527416229248047],
              [142.28135681152344, -10.528306007385254],
              [142.3032989501953, -10.544221878051758],
              [142.3153839111328, -10.545499801635742],
              [142.31980895996094, -10.544083595275879],
              [142.3255615234375, -10.537138938903809],
              [142.32191467285156, -10.521055221557617],
              [142.3159942626953, -10.510305404663086],
              [142.31300354003906, -10.510110855102539],
              [142.30752563476562, -10.52327823638916],
              [142.3052520751953, -10.525361061096191],
              [142.28016662597656, -10.527416229248047]
            ]
          ],
          [
            [
              [142.28411865234375, -10.72772216796875],
              [142.2901611328125, -10.728833198547363],
              [142.2946319580078, -10.736139297485352],
              [142.3000030517578, -10.736555099487305],
              [142.3015899658203, -10.733333587646484],
              [142.3062286376953, -10.730527877807617],
              [142.30780029296875, -10.725916862487793],
              [142.30674743652344, -10.713972091674805],
              [142.3008575439453, -10.706639289855957],
              [142.2987823486328, -10.705527305603027],
              [142.29600524902344, -10.706472396850586],
              [142.29397583007812, -10.714083671569824],
              [142.2854461669922, -10.72105598449707],
              [142.28411865234375, -10.72772216796875]
            ]
          ],
          [
            [
              [142.3708953857422, -10.371582984924316],
              [142.3758544921875, -10.381194114685059],
              [142.378173828125, -10.38208293914795],
              [142.38018798828125, -10.37469482421875],
              [142.37783813476562, -10.369667053222656],
              [142.37432861328125, -10.367388725280762],
              [142.37130737304688, -10.367888450622559],
              [142.3708953857422, -10.371582984924316]
            ]
          ],
          [
            [
              [142.47808837890625, -10.252333641052246],
              [142.4825897216797, -10.26058292388916],
              [142.4872283935547, -10.261221885681152],
              [142.48953247070312, -10.257749557495117],
              [142.49127197265625, -10.248749732971191],
              [142.48963928222656, -10.247166633605957],
              [142.47874450683594, -10.249805450439453],
              [142.47808837890625, -10.252333641052246]
            ]
          ],
          [
            [
              [142.50686645507812, -10.160277366638184],
              [142.51107788085938, -10.164166450500488],
              [142.51597595214844, -10.16433334350586],
              [142.51708984375, -10.161805152893066],
              [142.51614379882812, -10.1581392288208],
              [142.51333618164062, -10.156777381896973],
              [142.50730895996094, -10.157999992370605],
              [142.50686645507812, -10.160277366638184]
            ]
          ],
          [
            [
              [142.62307739257812, -9.773305892944336],
              [142.62567138671875, -9.778277397155762],
              [142.6453094482422, -9.776583671569824],
              [142.64825439453125, -9.769055366516113],
              [142.6461639404297, -9.763583183288574],
              [142.63658142089844, -9.76319408416748],
              [142.6284942626953, -9.760749816894531],
              [142.62307739257812, -9.773305892944336]
            ]
          ],
          [
            [
              [142.76730346679688, -9.903277397155762],
              [142.77777099609375, -9.907305717468262],
              [142.78074645996094, -9.904722213745117],
              [142.78189086914062, -9.901055335998535],
              [142.78091430664062, -9.898528099060059],
              [142.77142333984375, -9.89816665649414],
              [142.76797485351562, -9.900972366333008],
              [142.76730346679688, -9.903277397155762]
            ]
          ],
          [
            [
              [142.8278350830078, -10.02416706085205],
              [142.82838439941406, -10.029166221618652],
              [142.8360595703125, -10.037583351135254],
              [142.84568786621094, -10.042972564697266],
              [142.85336303710938, -10.052389144897461],
              [142.86146545410156, -10.056305885314941],
              [142.86244201660156, -10.052778244018555],
              [142.85935974121094, -10.046833038330078],
              [142.8673858642578, -10.035499572753906],
              [142.86236572265625, -10.029861450195312],
              [142.86163330078125, -10.021499633789062],
              [142.85455322265625, -10.021888732910156],
              [142.8499755859375, -10.017416954040527],
              [142.8399200439453, -10.020028114318848],
              [142.83436584472656, -10.019583702087402],
              [142.8278350830078, -10.02416706085205]
            ]
          ],
          [
            [
              [142.9001922607422, -9.853416442871094],
              [142.90232849121094, -9.864889144897461],
              [142.9119110107422, -9.867278099060059],
              [142.92855834960938, -9.865083694458008],
              [142.93911743164062, -9.86097240447998],
              [142.9410858154297, -9.85747241973877],
              [142.93850708007812, -9.852999687194824],
              [142.9329376220703, -9.851555824279785],
              [142.92027282714844, -9.845694541931152],
              [142.9011688232422, -9.849888801574707],
              [142.9001922607422, -9.853416442871094]
            ]
          ],
          [
            [
              [143.46783447265625, -10.024527549743652],
              [143.46836853027344, -10.02822208404541],
              [143.4723663330078, -10.03183364868164],
              [143.47666931152344, -10.024639129638672],
              [143.4752197265625, -10.021444320678711],
              [143.47036743164062, -10.022194862365723],
              [143.46783447265625, -10.024527549743652]
            ]
          ],
          [
            [
              [143.56716918945312, -9.998361587524414],
              [143.5673828125, -10],
              [143.56768798828125, -10.002277374267578],
              [143.5700225830078, -10.004528045654297],
              [143.57652282714844, -10.005833625793457],
              [143.5790557861328, -10.002805709838867],
              [143.57858276367188, -10],
              [143.57830810546875, -9.998222351074219],
              [143.57546997070312, -9.996639251708984],
              [143.5685577392578, -9.99697208404541],
              [143.56716918945312, -9.998361587524414]
            ]
          ],
          [
            [
              [143.8176727294922, -9.99161148071289],
              [143.8193359375, -9.994111061096191],
              [143.82371520996094, -9.993139266967773],
              [143.82644653320312, -9.989889144897461],
              [143.82516479492188, -9.982305526733398],
              [143.8187713623047, -9.988389015197754],
              [143.8176727294922, -9.99161148071289]
            ]
          ],
          [
            [
              [144.04249572753906, -9.91580581665039],
              [144.0428009033203, -9.922249794006348],
              [144.0449676513672, -9.926111221313477],
              [144.0468292236328, -9.927249908447266],
              [144.0531463623047, -9.925582885742188],
              [144.05813598632812, -9.92361068725586],
              [144.06227111816406, -9.920805931091309],
              [144.06338500976562, -9.918027877807617],
              [144.06491088867188, -9.913389205932617],
              [144.06324768066406, -9.909972190856934],
              [144.05593872070312, -9.906332969665527],
              [144.0537567138672, -9.909444808959961],
              [144.04385375976562, -9.914416313171387],
              [144.04249572753906, -9.91580581665039]
            ]
          ]
        ]
      }
    },
    {
      "type": "Feature",
      "id": 2,
      "bbox": [144.36991755029717, -22.60077497519755, 149.52081299212384, -15.854468548934522],
      "properties": {
        "gid": 2,
        "geometry": "Polygon",
        "fillColor": "#99d88a",

        "labelShow": true,
        "labelText": "热带雨林气候",
        "labelPosition": [147.270927488864, -20.170498409753716],
        "labelFillColor": "#fff",
        "labelOutlineColor": "#000",
        "labelOutlineWidth": 2,
        "labelFontSize": 16
      },
      "geometry": {
        "coordinates": [
          [
            [149.52081299212384, -22.077224737039195],
            [149.52081299212375, -22.07722473703899],
            [149.46997070558476, -21.912219992804335],
            [149.42996215521492, -21.773195260765625],
            [149.38552857312493, -21.53139114660097],
            [149.3285827545976, -21.43777846477842],
            [149.2399597159698, -21.278614047234306],
            [149.2049560601749, -21.154445649448068],
            [149.21469115893063, -21.08000182104178],
            [149.16052245739104, -21.015277860704916],
            [149.02832030714674, -20.918609625910477],
            [148.92135621118126, -20.883056630715],
            [148.8497009227775, -20.836112985994387],
            [148.7291259736551, -20.71749878079593],
            [148.69165039402696, -20.624443053717112],
            [148.66720580470093, -20.561668393595564],
            [148.74105834723767, -20.475830087298693],
            [148.79025267765653, -20.456943518925875],
            [148.83053589772666, -20.474998483548546],
            [148.86666869369535, -20.444826121476048],
            [148.80331421210673, -20.276668542399463],
            [148.7688903777789, -20.2324619306457],
            [148.5222167897067, -20.088054661648226],
            [148.45298767099564, -20.06361197615797],
            [148.43927001678975, -20.098541258193897],
            [148.47044373440562, -20.125625619310625],
            [148.46635437790647, -20.18451310201627],
            [148.41345214104388, -20.20638846494516],
            [148.33386230658172, -20.14527893685357],
            [148.2746887104672, -20.07666777840693],
            [148.26658629575752, -20.04979325310433],
            [148.2783660934567, -20.02627372103303],
            [148.26971436004033, -19.991107949481925],
            [148.21997071091477, -19.947219857733195],
            [148.09692383795914, -19.913055421031597],
            [147.86357116126953, -19.850831983452547],
            [147.72413635955698, -19.836944577453437],
            [147.6695556638139, -19.82472228279041],
            [147.61856078069763, -19.773195256877294],
            [147.59497070323283, -19.72722244424583],
            [147.5877380310707, -19.67638779374386],
            [147.57608032718844, -19.621387488454126],
            [147.56579588903213, -19.57583236083965],
            [147.55525207394345, -19.535417548467542],
            [147.458862295827, -19.37000083072326],
            [147.4271850550327, -19.325000754016727],
            [147.40148925240985, -19.307950973302876],
            [147.42190551145134, -19.34194565821125],
            [147.43830871228232, -19.363471977680884],
            [147.44650267666077, -19.38270758951296],
            [147.43191527990734, -19.41236113563911],
            [147.25332641899232, -19.425830835927357],
            [147.13943482332536, -19.402778633460635],
            [146.8857879607173, -19.30298804589076],
            [146.5652465787282, -19.143611909390593],
            [146.44802856806064, -19.07111166969226],
            [146.3356628346969, -18.960414896723925],
            [146.27761839945, -18.887014391023836],
            [146.26817322177473, -18.853612895820785],
            [146.28108215964767, -18.747220985285352],
            [146.29080200702322, -18.710556025825937],
            [146.30441283948628, -18.68138884766226],
            [146.32621765702163, -18.64736175615774],
            [146.3321838438129, -18.61750029874712],
            [146.33746338739428, -18.566944125617017],
            [146.33357238161292, -18.535625447460916],
            [146.29330443361684, -18.51444626761475],
            [146.2572021404085, -18.511112216577132],
            [146.2283019959081, -18.50500106924562],
            [146.21191406715118, -18.491664885789007],
            [146.02331543778013, -18.268890376007747],
            [146.0094299356168, -18.238052375000613],
            [146.00137329574153, -18.176109318629216],
            [146.00164794474796, -18.142221455463694],
            [146.03720091924959, -18.05083464739254],
            [146.06315611949867, -18.005418768810934],
            [146.07905577645732, -17.986803062466826],
            [146.09399414119966, -17.95583342776998],
            [146.1007995677781, -17.889720908939235],
            [146.1042633072819, -17.69166565818431],
            [146.08551025574073, -17.5527801544846],
            [146.03192139636207, -17.364444730411357],
            [145.95385742420314, -17.188610078373003],
            [145.8781585748285, -17.04041672150124],
            [145.77345275921056, -16.88513946067916],
            [145.41149901697753, -16.470207224682646],
            [145.40205383930228, -16.440971384267364],
            [145.40885924518687, -16.338195809812994],
            [145.4189910867659, -16.32028007352932],
            [145.44621277238585, -16.287500387650027],
            [145.46232605213635, -16.083057395333643],
            [145.4498291084669, -16.037918090288116],
            [145.39527613969597, -15.854468548934522],
            [145.39527222519203, -15.854470138784645],
            [144.95416197909427, -16.127580088476346],
            [144.70921765467662, -16.622893683478914],
            [144.59202447394154, -17.06867591898181],
            [144.36991755029717, -18.08406878873711],
            [144.5167494275476, -19.12422733824322],
            [144.82363347029428, -19.842432050997225],
            [145.37564496280342, -20.387277005500767],
            [146.45671300577249, -21.080716038504615],
            [147.15270072023753, -21.984663349384515],
            [147.59432698872652, -22.517125464012647],
            [147.63385774477814, -22.60077497519755],
            [149.52081299212375, -22.077224737039245],
            [149.52081299212384, -22.077224737039195]
          ]
        ],
        "type": "Polygon"
      }
    },
    {
      "type": "Feature",
      "id": 3,
      "bbox": [144.56079790180863, -36.6241553026272, 153.62419128323904, -22.0772247370392],
      "properties": {
        "gid": 3,
        "geometry": "Polygon",
        "fillColor": "#d59dd4",

        "labelShow": true,
        "labelText": "亚热带湿润气候",
        "labelPosition": [152.04060029519815, -30.58397113383016],
        "labelFillColor": "#fff",
        "labelOutlineColor": "#000",
        "labelOutlineWidth": 2,
        "labelFontSize": 16
      },
      "geometry": {
        "coordinates": [
          [
            [151.0850982609113, -34.17999648576384],
            [151.19526671944803, -34.05681609597677],
            [151.27276612152008, -33.969444270645795],
            [151.29693604114584, -33.8974990818554],
            [151.34024048306205, -33.62860870273823],
            [151.4546966488159, -33.50069808807632],
            [151.59384155014186, -33.23472595812169],
            [151.6305236855111, -33.1644439768316],
            [151.6689910808098, -33.07000351962434],
            [151.8121337889661, -32.888751978807555],
            [151.83760071741693, -32.87222289718197],
            [151.95275879845474, -32.82708359213644],
            [152.11941528578723, -32.72527313826385],
            [152.28082275299255, -32.60139466155808],
            [152.5296935951977, -32.403610231444134],
            [152.54135131977384, -32.26361847498785],
            [152.5118560817323, -32.13104249003131],
            [152.55746459952434, -32.0291671815787],
            [152.59356689273267, -31.984165201036376],
            [152.6246643120599, -31.948886875541188],
            [152.64999389531366, -31.92250060134298],
            [152.6647033651901, -31.907501210386066],
            [152.6844177296415, -31.889999392835545],
            [152.76025390351936, -31.81055832658521],
            [152.82830810722228, -31.704444893421638],
            [152.8488464393868, -31.656665795891563],
            [152.9541320764718, -31.359443670726307],
            [153.05245971109494, -31.034999839247245],
            [153.07498169529447, -30.94860840657209],
            [153.05706786284657, -30.88763808612563],
            [153.021636961468, -30.883888253906804],
            [153.0055542051717, -30.835277552626575],
            [153.00387572559737, -30.813611984124076],
            [153.00373840109415, -30.784444805960398],
            [153.00524903271108, -30.720832830581337],
            [153.0133056725863, -30.609165184136117],
            [153.0185851954738, -30.56861114342501],
            [153.0326232942144, -30.514030447681925],
            [153.13803100442243, -30.258892053896446],
            [153.17025756392343, -30.204998022057143],
            [153.2049560472577, -30.114723198943793],
            [153.25387572867015, -29.952499379368476],
            [153.2922058201595, -29.7813911445332],
            [153.3466186472513, -29.52916717154482],
            [153.3655090232957, -29.398334500048783],
            [153.35961913479304, -29.378055565510508],
            [153.34127807745534, -29.35652732151122],
            [153.3376159665399, -29.328334803802132],
            [153.34524536083146, -29.300416955793334],
            [153.3560790970006, -29.271945960712387],
            [153.43414306915952, -29.075557704435468],
            [153.44802857132285, -29.04375075448111],
            [153.47593687945883, -29.002361302348273],
            [153.49191283470614, -28.982498169685073],
            [153.51858520161937, -28.950275417855636],
            [153.5327453527891, -28.935276026898723],
            [153.5619201669898, -28.912776950810287],
            [153.57913208415374, -28.897361757978295],
            [153.60600280178474, -28.8621539985705],
            [153.62419128323904, -28.661039345784374],
            [153.6069030677865, -28.63499832806771],
            [153.57691955794672, -28.40694427470509],
            [153.5844116277351, -28.362083426337556],
            [153.59149170331995, -28.273891440965027],
            [153.57760620115664, -28.20791626733136],
            [153.5557403574067, -28.18305397229445],
            [153.5059509334467, -28.150112149965082],
            [153.48912048703207, -28.13916778438151],
            [153.46023559391182, -28.09277724534531],
            [153.45024109752984, -28.07486152975551],
            [153.41024779854018, -27.98194122334411],
            [153.42387390307726, -27.91374969513799],
            [153.43273925928548, -27.848335263225763],
            [153.40332031953258, -27.77722358202131],
            [153.26831054954016, -27.50250053294449],
            [153.25610350625732, -27.4797210756484],
            [153.17468261633744, -27.38888931848519],
            [153.0902404838776, -27.333332058451724],
            [153.06483460233522, -27.3133335051211],
            [153.03456115072112, -27.17666625982963],
            [153.0399780188057, -27.165000919910337],
            [153.05581664954977, -27.1377792342904],
            [153.07052611942623, -27.119861594170942],
            [153.0956573519622, -27.10041809174826],
            [153.1571960501671, -27.08277892900066],
            [153.15582276374727, -26.955276480176806],
            [153.14303589899737, -26.72999954380194],
            [153.0903015100922, -26.3733348850231],
            [153.0762176572111, -26.347639082400256],
            [153.0720520024233, -26.30847357948916],
            [153.09051513288404, -26.218330390065518],
            [153.10052490134004, -26.179164887154425],
            [153.13748168571573, -26.067779546446516],
            [153.1855163525066, -25.973331453202242],
            [153.18191528849957, -25.949443818619926],
            [153.18713497612825, -25.938139091515218],
            [153.19148718966488, -25.937629610720034],
            [153.19381957788033, -25.93340054786391],
            [153.18694556938487, -25.925989841153832],
            [153.1816546021832, -25.92727812798943],
            [153.18006620334612, -25.92936494529889],
            [153.17847780450904, -25.931451762608347],
            [153.17709410918454, -25.935053722557253],
            [153.17946693459174, -25.93500474588135],
            [153.17563619837594, -25.941009897459992],
            [153.17293583717628, -25.944868207057443],
            [153.1664800870214, -25.94681094414822],
            [153.15332253131356, -25.94877151542147],
            [153.13908742705476, -25.944674348467196],
            [153.1296636374691, -25.939507112403007],
            [153.1179933173442, -25.93097609062102],
            [153.10885890866996, -25.922283057666085],
            [153.09970093362693, -25.90972138165897],
            [153.09388990992375, -25.901028925334675],
            [153.08544455737564, -25.886373401724292],
            [153.07944209072568, -25.86805156728039],
            [153.07592369195993, -25.848604747617763],
            [153.0741902789551, -25.830293515663982],
            [153.07341798434027, -25.82130787084731],
            [153.0730790429766, -25.81583768167308],
            [153.07245686595027, -25.8119822837102],
            [153.07185502982793, -25.81082797340966],
            [153.07008848957486, -25.810721873404322],
            [153.06817307160628, -25.810975136841932],
            [153.06201545359806, -25.808453437327493],
            [153.056812822761, -25.808883595263733],
            [153.04291618590173, -25.807414190090142],
            [153.04194464647273, -25.80770741066926],
            [153.04063308501264, -25.808536318690187],
            [153.04005009428272, -25.811495075410743],
            [153.04209858775835, -25.81084321375205],
            [153.04571550249176, -25.81034509893917],
            [153.04839735663356, -25.810153085451184],
            [153.05225721917668, -25.810374180561865],
            [153.05537722756068, -25.810943880178826],
            [153.0573759489863, -25.813019221125803],
            [153.0596469742589, -25.81312324239616],
            [153.06216921927853, -25.813905720427798],
            [153.0631677646964, -25.81398905681216],
            [153.06435472492467, -25.8148073817945],
            [153.06779632929718, -25.81599172980122],
            [153.06935449392938, -25.817955939634228],
            [153.0704168119062, -25.81876806948611],
            [153.07053501101478, -25.819665186458963],
            [153.0709130270615, -25.82162941578116],
            [153.07152688857695, -25.82239907589306],
            [153.0716695779939, -25.824407646031943],
            [153.0719085133881, -25.8256884921783],
            [153.0712536317887, -25.826114508474124],
            [153.0679695374703, -25.826481168484868],
            [153.0677101188055, -25.826216236520914],
            [153.0656498521072, -25.82565728918073],
            [153.0653995230581, -25.825268140254238],
            [153.0651167021676, -25.825010601777308],
            [153.06391128122084, -25.824592753204776],
            [153.0636491594584, -25.824719214611306],
            [153.06346014435, -25.824648259321027],
            [153.06204761714474, -25.823772394569325],
            [153.0611721225294, -25.823424642938047],
            [153.06050782491383, -25.82322312740233],
            [153.05533084326026, -25.82695825118132],
            [153.05410070769778, -25.826984898502374],
            [153.0558049894272, -25.828993779318836],
            [153.055804428268, -25.82962981383276],
            [153.05457597618832, -25.83075705480512],
            [153.05191105657548, -25.827310512442736],
            [153.05128174746238, -25.825316613622267],
            [153.04948869516883, -25.82481930238466],
            [153.0483525853682, -25.82563769130904],
            [153.048534908252, -25.826599511333836],
            [153.048035069513, -25.828298160346186],
            [153.04610393072454, -25.83104019811045],
            [153.03532061014909, -25.833070862865522],
            [153.04516289580465, -25.85111232200044],
            [153.04712929715464, -25.862988578795967],
            [153.04534146397322, -25.88120837400698],
            [153.04712274113, -25.88419918990303],
            [153.04843073400613, -25.884650899961628],
            [153.04983173688987, -25.885812343640605],
            [153.05061645895546, -25.8864201291712],
            [153.05817934329838, -25.892540092449494],
            [153.05297848430553, -25.896865000445942],
            [153.04749911611898, -25.89993719843376],
            [153.03739862553527, -25.902005170835572],
            [153.0285664820255, -25.897114646781052],
            [153.02785878463607, -25.894115475730075],
            [153.029508971855, -25.890483666504913],
            [153.0300097408221, -25.88879291781476],
            [153.02986142491335, -25.88476388502033],
            [153.0305391718411, -25.88214806713526],
            [153.0316572091467, -25.879017138406393],
            [153.03167407597664, -25.87737237862384],
            [153.03095741526147, -25.876030172033115],
            [153.0292351985829, -25.87609591923446],
            [153.02668523587568, -25.876026220506905],
            [153.026732874691, -25.874682064345578],
            [153.02549962892942, -25.872388507549257],
            [153.02363188371382, -25.870217291157054],
            [153.02292461805337, -25.868418026320317],
            [153.0228518518469, -25.86727124307427],
            [153.02216246275788, -25.86620108723096],
            [153.01992434757983, -25.86758055033296],
            [153.01828782149832, -25.86625650873519],
            [153.01712750955534, -25.864887630209488],
            [153.01672207364058, -25.863880331818372],
            [153.01631663772582, -25.862873033427256],
            [153.01440923413378, -25.862834248242674],
            [153.01286694104812, -25.86164291057328],
            [153.01290992262247, -25.86078120057749],
            [153.01278374563344, -25.859139808985013],
            [153.01387734758526, -25.857059281189105],
            [153.01521036363067, -25.854874586528517],
            [153.0189723053321, -25.85359539677146],
            [153.02222369930413, -25.855511647617583],
            [153.02514022785329, -25.85364352984846],
            [153.02616094514468, -25.850689817227988],
            [153.02556338117645, -25.84895232788264],
            [153.02477530142943, -25.84635924740008],
            [153.0226955686154, -25.845849344451235],
            [153.02284478836253, -25.83742839808287],
            [153.01973305268112, -25.825775447316275],
            [152.9914244656555, -25.809030515910592],
            [152.97486280012302, -25.764975049360267],
            [152.9580582214217, -25.757955158816042],
            [152.94086858814714, -25.76140663065044],
            [152.92053223055095, -25.735416420289283],
            [152.92337400094954, -25.712792739288066],
            [152.9192463793675, -25.70693719804556],
            [152.89859008851238, -25.679164881008873],
            [152.8933257963112, -25.562362672216395],
            [152.9342803875172, -25.52472305230239],
            [152.9599052724194, -25.511597953076155],
            [152.96169291539826, -25.507840814192747],
            [152.96176664760142, -25.506017239068445],
            [152.9640905164287, -25.503516488563093],
            [152.96627109684346, -25.50166070628127],
            [152.96619019326835, -25.500236281178502],
            [152.96382381620913, -25.498425029413465],
            [152.9549479229381, -25.49847714976419],
            [152.9550005345439, -25.492662227875137],
            [152.9553390922273, -25.49032878443602],
            [152.95967769016872, -25.489516279264173],
            [152.96156125480644, -25.491044328422742],
            [152.96558785697283, -25.49083163531641],
            [152.97398722661717, -25.469461295473522],
            [152.94662475530325, -25.436386106389627],
            [152.9909871695424, -25.43321712572998],
            [152.99069094149758, -25.48869978828587],
            [152.98919134439305, -25.50669766043479],
            [152.97345815702352, -25.521258250447023],
            [152.9630205891806, -25.540594534018936],
            [152.9443717911611, -25.549466839349627],
            [152.9380619126635, -25.559134305371277],
            [152.91633062680944, -25.573967846309728],
            [152.91707380151257, -25.5931745393111],
            [152.9454413684528, -25.624035474061508],
            [152.95736756952832, -25.63713197894041],
            [152.95789414725584, -25.63749039595635],
            [152.95870781769787, -25.637151967038232],
            [152.95938655944408, -25.635675431599886],
            [152.9605351021757, -25.63224892996419],
            [152.9614601151738, -25.62993998596708],
            [152.9626600925589, -25.62978288583517],
            [152.96403442568203, -25.627909064010606],
            [152.96555625298342, -25.62723209668834],
            [152.9681123326377, -25.627826115232956],
            [152.96973820069474, -25.628486772189163],
            [152.9726761213453, -25.63208394546196],
            [152.97150028584366, -25.633888048124525],
            [152.97022698577734, -25.635534420954304],
            [152.97059927629465, -25.636822614309608],
            [152.97019725440012, -25.637452234450887],
            [152.9699098317974, -25.637874994930705],
            [152.96986394946794, -25.638696981481964],
            [152.97016724120402, -25.640377146167648],
            [152.97111644543025, -25.641712835619742],
            [152.97147695075054, -25.642783163846275],
            [152.97167910212, -25.644084872077354],
            [152.97162776699855, -25.64507354123345],
            [152.97206651553657, -25.645690571894114],
            [152.97262897634846, -25.64757155006146],
            [152.97363018569837, -25.65006955888947],
            [152.97670316606045, -25.65561703961921],
            [152.98001925015586, -25.6630075804185],
            [152.97962837834336, -25.66614038546961],
            [152.97930997684375, -25.66885837541286],
            [152.98351852904818, -25.673235458421715],
            [152.98338509538286, -25.677792432259658],
            [152.9873350890869, -25.683403577697533],
            [152.9905048884042, -25.69059744278423],
            [152.99074005936046, -25.696488760776575],
            [152.9898374421782, -25.69936281808716],
            [152.98866443317897, -25.70676653918519],
            [152.9913834355903, -25.719746463893802],
            [152.9951139850251, -25.730012382680073],
            [153.0072570304382, -25.745420854705948],
            [153.02786225110003, -25.7858826482541],
            [153.03940297786744, -25.792946166596636],
            [153.053664309614, -25.796757190705648],
            [153.06718058695913, -25.79656854064808],
            [153.07770766264514, -25.792313317109915],
            [153.0802898117975, -25.787409453076684],
            [153.08139989859947, -25.777329307410927],
            [153.0837719230678, -25.77130849597198],
            [153.08658410299327, -25.762450261030644],
            [153.08653169146305, -25.757768910453017],
            [153.0872579949717, -25.755367138298485],
            [153.0878539947637, -25.74845936711256],
            [153.08476147398207, -25.74096716116849],
            [153.08144307249478, -25.728520610335963],
            [153.0785483283927, -25.697241951717587],
            [153.07680012948776, -25.676803997751726],
            [153.08398709671383, -25.632797118007588],
            [153.1604510589361, -25.43027104121599],
            [153.32840465311915, -25.065554170374057],
            [153.34666932702743, -25.040014717818593],
            [153.35406083511708, -25.024149297156193],
            [153.3566133057389, -25.014832476610735],
            [153.3576973936528, -25.008639179204316],
            [153.35793246334225, -25.008619101895356],
            [153.35832909382788, -25.00845023282912],
            [153.35850949001002, -25.008325613094723],
            [153.35885508042236, -25.00809091928989],
            [153.35903495851105, -25.00794963861525],
            [153.3591869353986, -25.007811518647298],
            [153.35902851142504, -25.0076939431125],
            [153.35891442293703, -25.007631994660173],
            [153.35891891455333, -25.007563724831684],
            [153.35925240070463, -25.0074405939622],
            [153.35936267724992, -25.007209999814634],
            [153.35994801238743, -25.006892876369083],
            [153.36018521925757, -25.00667339808308],
            [153.36024418479127, -25.00654244237681],
            [153.36027407255426, -25.006482102992997],
            [153.36026832066884, -25.0064379130015],
            [153.36025880653938, -25.006312100622818],
            [153.36022046095724, -25.006157506455295],
            [153.36008342256892, -25.006000838742665],
            [153.3601426062308, -25.00592706069321],
            [153.36024547053452, -25.005923099655377],
            [153.36027809154683, -25.005860641168653],
            [153.36028345528234, -25.005826431600802],
            [153.36022806806196, -25.00576813483472],
            [153.36017804457708, -25.00567562850079],
            [153.36023906671636, -25.005575080671687],
            [153.36017461277834, -25.00549937839341],
            [153.36010776812995, -25.005457294334352],
            [153.35985976435495, -25.00546541644153],
            [153.35962477025237, -25.005537067919345],
            [153.35943308883438, -25.005437200557004],
            [153.35923056606453, -25.005461896432365],
            [153.35915809389627, -25.00551959328609],
            [153.35909040486825, -25.00561019419881],
            [153.35904841132523, -25.005742711628848],
            [153.35893321666202, -25.005847780250154],
            [153.3581868790416, -25.006248553232993],
            [153.35763253964313, -25.0062402279171],
            [153.3566794104218, -25.005801467514623],
            [153.35482851421696, -25.004415148980748],
            [153.35384205859987, -25.00272227268905],
            [153.35283980702044, -25.000682972560547],
            [153.35266441165646, -24.998303038678777],
            [153.35156193346052, -24.994224428222786],
            [153.35029514321272, -24.978629792648],
            [153.3509974241399, -24.96852826022171],
            [153.3519614943238, -24.96695271477659],
            [153.35119385952544, -24.96488797878674],
            [153.3504509871648, -24.96448155720804],
            [153.3505018798973, -24.964246170594492],
            [153.350455643259, -24.964058813811768],
            [153.35029935966116, -24.964069086922393],
            [153.35012983115172, -24.964079360029793],
            [153.35012983826255, -24.96402413691354],
            [153.35013867531617, -24.963963910683404],
            [153.35013183519663, -24.963944478110445],
            [153.35022727061255, -24.963913394705195],
            [153.35037665222956, -24.963870865886435],
            [153.35054853427772, -24.963818841453424],
            [153.35072414994823, -24.963646857481216],
            [153.35063712009145, -24.963449859399837],
            [153.35016385936854, -24.962941240763307],
            [153.3497817580366, -24.962483093364725],
            [153.34961783219075, -24.962465197480864],
            [153.349627346146, -24.96259956616676],
            [153.34911605410636, -24.962989153126216],
            [153.34918005490334, -24.963438179174222],
            [153.3494320638784, -24.963801983774793],
            [153.3492633765719, -24.964348483168777],
            [153.34860445084257, -24.96462538407203],
            [153.34788384644338, -24.96487246332073],
            [153.3463275041327, -24.96533680022614],
            [153.34289021546368, -24.965660354097057],
            [153.34106399725292, -24.96550903297601],
            [153.3394189560969, -24.96546036697439],
            [153.32474961586706, -24.962987136198606],
            [153.30749930680952, -24.954348139860873],
            [153.2921950506053, -24.93947344886555],
            [153.26744832247093, -24.8862151276749],
            [153.2601221635532, -24.84079971833634],
            [153.2609295777233, -24.801856429294553],
            [153.26221469020504, -24.760598221089175],
            [153.26537296406428, -24.721530412552415],
            [153.26635010313606, -24.7143085963112],
            [153.26653418905238, -24.707622660778],
            [153.26663339195667, -24.70553973622256],
            [153.26667945858088, -24.704561585024983],
            [153.2665017231389, -24.704051065924794],
            [153.26632529390784, -24.702918208466066],
            [153.26623838550336, -24.70107372532927],
            [153.26605654506747, -24.699918112394414],
            [153.26552145128198, -24.698884758563985],
            [153.26472688008437, -24.697523775495632],
            [153.2643548268665, -24.697225354750458],
            [153.26394913047247, -24.697232591492643],
            [153.26298887008727, -24.697726461890596],
            [153.26087213115488, -24.69762583598016],
            [153.25767771713157, -24.69756453152715],
            [153.25350181441544, -24.697118476914255],
            [153.25094219946766, -24.697301800326503],
            [153.24055659360153, -24.702113351482055],
            [153.22299247631298, -24.709656429776665],
            [153.21025882034502, -24.71656528243013],
            [153.19595508018875, -24.727650320663685],
            [153.16803101959084, -24.748927568338125],
            [153.1574319050997, -24.767438913699564],
            [153.142116318589, -24.7828769976797],
            [153.12780830787358, -24.798318684827763],
            [153.1211728325954, -24.805425863680934],
            [153.1196348135864, -24.812042503224845],
            [153.118734143212, -24.814516654772103],
            [153.1186175543433, -24.815722980257583],
            [153.1187799561265, -24.816654973551543],
            [153.11886742311435, -24.81711655832295],
            [153.11897304708734, -24.817454541125933],
            [153.11913955283245, -24.81756130569711],
            [153.11989616059446, -24.81775871237746],
            [153.1207639747327, -24.81780487313383],
            [153.1215500824374, -24.817949914432592],
            [153.12707224267564, -24.814996958603302],
            [153.1334810058966, -24.814263171447507],
            [153.14280515966405, -24.8166093403623],
            [153.1535320952488, -24.821137764649684],
            [153.1694713976614, -24.8322573227655],
            [153.19253312789346, -24.85720862241802],
            [153.22701901957842, -24.915798553481075],
            [153.2321642009461, -24.927455588942887],
            [153.23365366207514, -24.941769665600972],
            [153.2328147541191, -24.95020968084438],
            [153.23140819704363, -24.958134970090764],
            [153.2273473679362, -24.971514928459108],
            [153.20652956578908, -25.02135690261504],
            [153.1660928560434, -25.07654966061356],
            [153.0698072986629, -25.154848649313628],
            [152.85412598296816, -25.282222755055006],
            [152.82982372828172, -25.269953705170828],
            [152.82589282409472, -25.259300235368016],
            [152.82753321376669, -25.247768972780968],
            [152.823027900763, -25.247112335948117],
            [152.81823186318098, -25.244615874333725],
            [152.81336752970404, -25.24308928555413],
            [152.810470788384, -25.24611972717868],
            [152.8087513881921, -25.24654105360857],
            [152.80835874019132, -25.246724166413337],
            [152.80762087977018, -25.2469072792181],
            [152.80543442748143, -25.24689698325202],
            [152.80474051123693, -25.247299942260515],
            [152.8044486473117, -25.247758225944928],
            [152.80474437153808, -25.248619535133],
            [152.8053148300715, -25.249163332379112],
            [152.80736379645498, -25.251140305961503],
            [152.8087241631917, -25.253312939709453],
            [152.80766242900506, -25.254959916794007],
            [152.80673758497431, -25.25927282232435],
            [152.80445616912368, -25.262885179114416],
            [152.80044187865164, -25.264923767819703],
            [152.79236533974694, -25.267198805205666],
            [152.77017861890135, -25.26937994883778],
            [152.72247315143056, -25.26111221676658],
            [152.67149354038838, -25.245136261519285],
            [152.5610961869856, -25.087501534643835],
            [152.52609253119067, -25.03555680301985],
            [152.50775147385298, -24.99777603023719],
            [152.4975891088197, -24.97263718235807],
            [152.49356079922902, -24.935832973865793],
            [152.4969024656098, -24.911666861911613],
            [152.49772643332292, -24.877361293035225],
            [152.48759461243776, -24.842084892069693],
            [152.46801757248957, -24.812221530823287],
            [152.44552613243815, -24.784584043328273],
            [152.4183044468182, -24.76028060687088],
            [152.39012146898193, -24.744581225159664],
            [152.34538269373743, -24.737638474078],
            [152.3116455026195, -24.726943966247855],
            [152.27719116553132, -24.7099990827472],
            [152.20356749716657, -24.667221072120483],
            [152.13177490495343, -24.608194361075846],
            [152.05245971949773, -24.503612522416734],
            [152.02468871517107, -24.453887932342912],
            [152.00997924529463, -24.426387790044977],
            [152.0013580353325, -24.407360068803506],
            [151.9877319307954, -24.365001688417312],
            [151.98121642529742, -24.337223048053644],
            [151.94442748887917, -24.23555374704971],
            [151.9334411561328, -24.217914584302115],
            [151.68386839864368, -23.988887795014556],
            [151.6398468107572, -23.977359779598473],
            [151.61607361326088, -23.998264310438216],
            [151.6141357360603, -24.052780151601272],
            [151.56552124780237, -24.09680556785321],
            [151.53796386626755, -24.086318971307538],
            [151.42413329681517, -23.978610992895273],
            [151.27165221203262, -23.827640539729618],
            [151.12023926190312, -23.665138242782437],
            [151.02317809195694, -23.55652809453263],
            [150.94844055549248, -23.546180726325954],
            [150.86718749283614, -23.505001068619514],
            [150.8003997745041, -23.380693442494277],
            [150.75575256962227, -23.13034629979803],
            [150.77136230550047, -22.976108554010573],
            [150.79107666995185, -22.856945030105408],
            [150.8044128327146, -22.781391141270976],
            [150.81912232328492, -22.731941220897443],
            [150.74218749129977, -22.62888716907121],
            [150.68359375804005, -22.553611757608643],
            [150.6758117671712, -22.50489615911522],
            [150.70553587938474, -22.441387177113562],
            [150.63455200350455, -22.343055734818826],
            [150.56192017150425, -22.331109992998012],
            [150.5344238368779, -22.383472451026723],
            [150.53532410287966, -22.458679200237686],
            [150.59301757013762, -22.586112966116072],
            [150.5577392653363, -22.576946265812673],
            [150.4799499421838, -22.538612366651726],
            [150.20037842347472, -22.391666415405187],
            [150.1858062781015, -22.37472153190453],
            [150.18711853830675, -22.342498780075097],
            [150.15524292610078, -22.27222443482203],
            [150.0789947580194, -22.162776950620838],
            [150.0437316839044, -22.149028772960726],
            [149.99955749944064, -22.160278311004944],
            [149.9755249043181, -22.181804651168445],
            [149.9599609432743, -22.208332057541444],
            [149.9213714541587, -22.30333518099979],
            [149.9208068840718, -22.35055541995035],
            [149.9533081132731, -22.410831461149872],
            [149.98635864048725, -22.47555542148674],
            [150.01220703968735, -22.545833595105254],
            [150.03829956443965, -22.641006470356825],
            [149.97689819073793, -22.586112966116072],
            [149.9771728604382, -22.570835118481163],
            [149.96772766206908, -22.54715347065366],
            [149.81465148374542, -22.3839225840276],
            [149.6994781513274, -22.45249939065457],
            [149.5899658125462, -22.233329773245774],
            [149.52081299212384, -22.0772247370392],
            [149.52081299212375, -22.077224737039245],
            [147.63385774477814, -22.60077497519755],
            [147.79328933200145, -22.938142019765372],
            [148.03397177139894, -23.792557971144962],
            [148.27602239410032, -24.461231324398973],
            [148.92190495387007, -25.228967396653626],
            [149.56983871804982, -25.94717210940764],
            [149.95966093491742, -26.380571505035125],
            [150.5096393505865, -26.913033619663267],
            [150.62602496396474, -27.27213597604028],
            [150.7574792955755, -27.792215250793006],
            [150.77283548684426, -28.188466126795575],
            [150.6433205121438, -28.844756640173873],
            [150.28009373120295, -29.52581283330297],
            [149.75472342519885, -30.120189147306174],
            [149.35881654338803, -30.838393860060823],
            [148.97624774081444, -31.383238814563715],
            [148.2531003861658, -32.10144352731772],
            [147.17040626207356, -32.993007998322874],
            [146.14078158412804, -33.78550975032739],
            [145.1266954383735, -34.19414346620472],
            [144.56079790180863, -34.31908030988925],
            [144.95565320677136, -35.09527549386653],
            [145.20725242833447, -35.61135165015376],
            [145.4323229767203, -36.30634156283606],
            [145.44997984337604, -36.6241553026272],
            [146.34606305356246, -36.00845049899866],
            [148.05272936667959, -34.73849310711297],
            [149.0053161896187, -34.26299205591021],
            [150.14385958494393, -34.10449170550918],
            [151.0850982609111, -34.17999648576384],
            [151.0850982609113, -34.17999648576384]
          ]
        ],
        "type": "Polygon"
      }
    },
    {
      "type": "Feature",
      "id": 4,
      "bbox": [113.38407898050812, -32.448740909680744, 146.8735103219205, -18.156526567173596],
      "properties": {
        "gid": 4,
        "geometry": "Polygon",
        "fillColor": "#fabd34",

        "labelShow": true,
        "labelText": "热带沙漠气候",
        "labelPosition": [132.32935055187917, -25.978006302585978],
        "labelFillColor": "#fff",
        "labelOutlineColor": "#000",
        "labelOutlineWidth": 2,
        "labelFontSize": 16
      },
      "geometry": {
        "coordinates": [
          [
            [122.31428527816692, -18.156526567173596],
            [122.31428527816685, -18.156526567173668],
            [121.99275208050717, -18.409999849623063],
            [121.93969726776118, -18.44805527141214],
            [121.88984679689275, -18.473749170199202],
            [121.84886931826955, -18.470275870128717],
            [121.7641525368033, -18.602430341702814],
            [121.50360108260482, -19.095832832554382],
            [121.48858641957385, -19.123054497480453],
            [121.3338775572041, -19.332221982470255],
            [121.32026672474107, -19.347221373427168],
            [121.27665711036421, -19.395000450263378],
            [121.23359679400018, -19.438470836301242],
            [121.20803833657442, -19.459163668878805],
            [121.13066864366243, -19.518058766927602],
            [121.07610321999339, -19.557777396216984],
            [121.02748107500456, -19.592224117962022],
            [120.99359894404027, -19.61124991467384],
            [120.91110230412417, -19.650554666617804],
            [120.87859343888586, -19.665275580202852],
            [120.55941772797343, -19.791946404582692],
            [120.3372116166445, -19.87847137478335],
            [120.23956298919423, -19.90875053790483],
            [120.20387269018941, -19.914722436203476],
            [120.16400910035979, -19.91666602491143],
            [120.02249146090642, -19.933055878198008],
            [119.7855377202098, -19.971664426365376],
            [119.72083281892469, -19.998054508235164],
            [119.69274902679425, -20.01833344277344],
            [119.60137939463293, -20.06611251960965],
            [119.5817947393416, -20.070835108447284],
            [119.55262756117791, -20.066667549823723],
            [119.43414306513952, -20.01694488427956],
            [119.36580657639317, -19.999443046035175],
            [119.1888732869414, -19.959442131702353],
            [119.16886902210341, -19.956943512780327],
            [119.08026885019896, -19.968748101732487],
            [118.97988128594605, -20.041320790660134],
            [118.96219634836406, -20.093612661907585],
            [118.94998168973805, -20.116945266275827],
            [118.82054138440748, -20.273334512055712],
            [118.80108641758233, -20.28583526339673],
            [118.65776061008843, -20.33111191363934],
            [118.23499297235165, -20.374168401637917],
            [118.19219971034477, -20.37347221855519],
            [118.17852019493625, -20.348680489605673],
            [118.13845825438885, -20.364583974929786],
            [118.06915283738914, -20.40999985351139],
            [118.00054931497952, -20.468055732466883],
            [117.93373107319324, -20.529863347476994],
            [117.92192077273371, -20.554584510339115],
            [117.85027314106081, -20.608333581638185],
            [117.83152008951961, -20.61819458188239],
            [117.73776244715684, -20.65638732817468],
            [117.68538666227761, -20.676387785341092],
            [117.48193360248986, -20.716388699673914],
            [117.40623473242134, -20.72985839996216],
            [117.38053895049235, -20.73138809063083],
            [117.34233856816304, -20.730554583044892],
            [117.31720733562707, -20.728054039593207],
            [117.29539490274855, -20.724025730002516],
            [117.26790618346536, -20.717638009134927],
            [117.19755553992366, -20.68819427812904],
            [116.99331665122017, -20.65222167338691],
            [116.7074890039455, -20.649166099721157],
            [116.60630035939667, -20.730066290552767],
            [116.47554015782381, -20.80611037571511],
            [116.30941771712399, -20.861667635748578],
            [116.24887085528349, -20.868888864202106],
            [116.18553162507506, -20.90194319908782],
            [115.95443724942686, -21.05222320137198],
            [115.67998504168489, -21.28750038702392],
            [115.49636839877769, -21.472499856223752],
            [115.46971130393851, -21.50361252693117],
            [115.45192718065069, -21.517780314137937],
            [115.33664702648984, -21.566390994724294],
            [115.15971373703808, -21.630554192645853],
            [114.98108673732565, -21.687778467851196],
            [114.94275664583628, -21.688678733852953],
            [114.69609069380114, -21.813335424131314],
            [114.65109252093039, -21.840000155007523],
            [114.63623047517055, -21.859167104587996],
            [114.46082306871588, -22.190277092918773],
            [114.40833282605676, -22.314167013333147],
            [114.39998626510105, -22.335556028993437],
            [114.3903350799771, -22.364513392036855],
            [114.37248229443767, -22.442497258235576],
            [114.15386963177261, -22.527778630482583],
            [114.13721466935242, -22.521457668030813],
            [114.11026001739575, -22.486526482159093],
            [114.07776642423147, -22.17423439994953],
            [114.12664794615266, -21.91027832862604],
            [114.13594818398157, -21.878612510846466],
            [114.15540313011284, -21.8465290080499],
            [114.17595673435142, -21.82277869797079],
            [114.16297149818985, -21.798818593465292],
            [114.08929443964755, -21.810834880679632],
            [114.03027344011028, -21.8416671701794],
            [114.01304627156617, -21.856805810169178],
            [113.99636840103491, -21.88027954671221],
            [113.93331909190695, -21.976108541719473],
            [113.89498902111144, -22.055278787328835],
            [113.86303711061686, -22.153888706995435],
            [113.83776855357769, -22.231666565745474],
            [113.8202667153333, -22.2805557237037],
            [113.79971313178861, -22.33416747049956],
            [113.733322135586, -22.475276944114874],
            [113.69250488957707, -22.53781890169896],
            [113.65637207291452, -22.604721077810897],
            [113.67109679417115, -22.686111444276552],
            [113.7104034499509, -22.73833084560082],
            [113.73657988833499, -22.767292016315817],
            [113.75304413607441, -22.793890009470076],
            [113.76610564983073, -22.818195349763254],
            [113.80081176920201, -22.913333893889025],
            [113.80747985058339, -22.933330543383857],
            [113.81832885882658, -23.030555732922025],
            [113.76833342741791, -23.441665646082658],
            [113.7630462684934, -23.4727745091185],
            [113.74303436761839, -23.527221688029954],
            [113.6712875295458, -23.58638955194325],
            [113.63540649516634, -23.59902762778748],
            [113.60124205846473, -23.630277643691976],
            [113.53221131116531, -23.757225041607892],
            [113.4880371060077, -23.878055580684933],
            [113.44637298417457, -24.01139067877457],
            [113.38407898050812, -24.230762475266605],
            [113.38970947138453, -24.429443363710735],
            [113.3944396962592, -24.451942439799172],
            [113.40026855854725, -24.472499851709312],
            [113.42567444008964, -24.525278090919233],
            [113.45943451862476, -24.562223431586297],
            [113.48442076992663, -24.58416747746066],
            [113.50444030683866, -24.6063880968711],
            [113.55165100591641, -24.65999984366696],
            [113.57499695782904, -24.691944118124532],
            [113.6041564999557, -24.733329783279654],
            [113.61414338099452, -24.753749849992715],
            [113.61498260008783, -24.81319619127788],
            [113.60276794146182, -24.84458351099172],
            [113.61109925103736, -24.889167785823176],
            [113.6516494840769, -25.015279772317363],
            [113.7010803247048, -25.1224307959859],
            [113.74552917886884, -25.14110947376811],
            [113.79081725212617, -25.167499534944035],
            [113.80664824683323, -25.181249616439935],
            [113.8369293137905, -25.248607637060115],
            [113.86887358824808, -25.325557699731583],
            [113.86887358824816, -25.325557699731768],
            [114.78373142943491, -25.930413999443292],
            [115.67518738664167, -26.58422794484721],
            [116.3211349490382, -27.138979171250163],
            [116.65663154403141, -27.792793116653773],
            [116.97592257137235, -28.109793817455824],
            [117.23392295206655, -28.58529486865827],
            [117.53805322428862, -29.06079591986135],
            [118.00902301648232, -29.49667188346354],
            [118.65527341443854, -29.813672584265596],
            [119.31574801145968, -30.229736004067956],
            [119.76989696335988, -30.368423810668528],
            [122.99615960032368, -30.388236354468674],
            [124.19742148539845, -30.289173635468043],
            [125.33241304510855, -30.130673285067644],
            [127.0296155247236, -29.932547847066356],
            [128.1134778273976, -29.793860040465464],
            [128.81523200130394, -29.774047496665332],
            [129.32051165676816, -29.53629697106379],
            [131.98019538500768, -29.53629697106379],
            [132.98238849292318, -29.55610951486392],
            [134.56617803151843, -29.615547146264298],
            [136.3589447473846, -29.71460986526494],
            [138.72137297447702, -29.57592205866406],
            [140.14824905424345, -29.45704679586329],
            [140.754146180495, -29.476859339663406],
            [141.05417112873474, -29.595734602464173],
            [141.600313351837, -30.130673285067644],
            [141.87148059354988, -30.487299073469305],
            [142.2723541808836, -31.279800825473814],
            [142.79316501358807, -32.03267748987805],
            [143.25406212791552, -32.42892836588063],
            [143.63051353812978, -32.448740909680744],
            [144.0789742841519, -32.40911582208048],
            [144.46019934650363, -32.19117784027908],
            [144.79447452633752, -31.933614770877718],
            [145.10760524628392, -31.497738807275216],
            [145.53862951929028, -30.942987580872284],
            [146.22872533363758, -30.091048197467376],
            [146.61007527813538, -29.377796620663087],
            [146.8735103219205, -28.624919956258523],
            [146.85911265352703, -27.61448022245293],
            [146.53776962548196, -27.23804189025081],
            [146.03315505224194, -26.722915751448106],
            [145.48457430706526, -26.108726893644135],
            [145.0559824019721, -25.217162422638992],
            [144.55568925488907, -24.602973564835644],
            [143.89544045239762, -23.968972163232177],
            [143.5761354648546, -23.75103418143077],
            [142.88713726259712, -23.691596550030386],
            [142.34094523801164, -23.315158217828273],
            [141.5684482530593, -22.78021953522511],
            [141.16357612195156, -22.284905940222544],
            [140.55349437053434, -21.769779801419205],
            [139.64690009901352, -21.254653662616498],
            [138.46663924958386, -20.77915261141373],
            [137.49298553425413, -20.343276647811237],
            [136.88421622083732, -19.986650859408932],
            [136.29839003230083, -19.669650158607507],
            [135.46168814085055, -19.37246200160558],
            [134.60241148838261, -19.095086388403782],
            [133.21915838028087, -18.837523319002756],
            [131.94360867981206, -18.817710775202624],
            [131.39226089175088, -18.956398581803523],
            [130.44965293629312, -19.19414910740442],
            [129.50470846675967, -19.471524720606226],
            [128.600485804765, -19.84796305280867],
            [127.8156016154346, -20.06590103460944],
            [126.35557614379954, -20.026275947009186],
            [125.64847372952575, -20.006463403209057],
            [124.83906372101607, -19.729087790007892],
            [123.93903858982792, -19.451712176806094],
            [123.22489948385422, -19.114898932203918],
            [122.699121921564, -18.6592104248016],
            [122.31428527816692, -18.156526567173596]
          ]
        ],
        "type": "Polygon"
      }
    },
    {
      "type": "Feature",
      "id": 5,
      "bbox": [114.93243471472819, -38.85923386501382, 145.44997984337604, -29.346001161309573],
      "properties": {
        "gid": 5,
        "geometry": "MultiPolygon",
        "fillColor": "#f797a7",

        "labelShow": true,
        "labelText": "地中海气候",
        "labelPosition": [117.31829666897498, -34.17634715951481],
        "labelFillColor": "#fff",
        "labelOutlineColor": "#000",
        "labelOutlineWidth": 2,
        "labelFontSize": 16
      },
      "geometry": {
        "type": "MultiPolygon",
        "coordinates": [
          [
            [
              [114.93243471472819, -29.346001161309573],
              [114.97804260736851, -29.487777719411984],
              [114.97943114516852, -29.50819397845347],
              [114.97344970699706, -29.537639613295145],
              [114.96123504837105, -29.5670833649949],
              [114.94706726116429, -29.629304878044294],
              [114.94193267812317, -29.670555122532],
              [114.93914794579224, -29.736803062030162],
              [114.93719481721149, -30.060277944561996],
              [114.95719910274335, -30.07562637897817],
              [114.98526000745659, -30.145555488443563],
              [115.02361298636315, -30.274169922225223],
              [115.05448912616767, -30.477220527682277],
              [115.04727172607959, -30.50472259450987],
              [115.08110046686632, -30.588890077963285],
              [115.16748047652673, -30.771945958455166],
              [115.20935822115169, -30.8473606189506],
              [115.24693298648567, -30.891944893782053],
              [115.3102493292769, -30.986663828361174],
              [115.36859130094741, -31.102222439200006],
              [115.37525940302265, -31.122222896366416],
              [115.39498901885423, -31.184165952737814],
              [115.43775177810076, -31.279584878071237],
              [115.45110321293755, -31.30166626914268],
              [115.56720733481151, -31.4836082401471],
              [115.6394271933022, -31.595279694263894],
              [115.68166352125922, -31.66055680167291],
              [115.69358825880477, -31.683609004139633],
              [115.70581816881094, -31.716386786183143],
              [115.73998260551254, -31.86805534696118],
              [115.74330902051314, -31.893333443873168],
              [115.74400329976008, -31.934305190295134],
              [115.73776244326851, -32.095275872044],
              [115.73248292038102, -32.32083892182775],
              [115.73647309117433, -32.48756789977729],
              [115.74730682734348, -32.56173705848328],
              [115.71824645022878, -32.77034758872936],
              [115.70025634018614, -32.7811126626469],
              [115.67270659468835, -32.74578094697415],
              [115.63206481198002, -32.64860916830741],
              [115.63372801948032, -32.60778045789601],
              [115.65277099210196, -32.586112985557726],
              [115.66876983476647, -32.570228579979236],
              [115.67077637421866, -32.551124581143],
              [115.61762237576683, -32.60284805393812],
              [115.59436035817986, -32.67069244252077],
              [115.61942290777034, -32.806663504729514],
              [115.63553618752084, -32.86750030834434],
              [115.65305327714542, -32.92444610617782],
              [115.66943359055918, -32.98194122271801],
              [115.71429443892671, -33.24222183558164],
              [115.71263123142641, -33.26402663242313],
              [115.70442963101092, -33.28638840470223],
              [115.42969513822551, -33.605140677702565],
              [115.396942147435, -33.62138366661313],
              [115.36360167844651, -33.63305664256944],
              [115.31553650889529, -33.64597319578554],
              [115.28249359702431, -33.6505508447768],
              [115.2616577077423, -33.65222168831413],
              [115.22053526857886, -33.65326308649067],
              [115.1558227519506, -33.63555908985691],
              [115.10130310311597, -33.61117935511089],
              [115.08186340836485, -33.575695042860886],
              [115.03971099403961, -33.533748635984324],
              [114.99710083137033, -33.52410506620353],
              [114.9537429785827, -33.69235992715016],
              [114.95776367283023, -33.86611176214156],
              [114.97664643353147, -34.018608098304306],
              [115.00894927062724, -34.26243209946554],
              [115.07388306677824, -34.32389069171026],
              [115.12220763395571, -34.36278152492107],
              [115.14665222328175, -34.34395981112827],
              [115.16831208027689, -34.312774649803806],
              [115.20442962486538, -34.30125427042474],
              [115.24102021056582, -34.29792021938712],
              [115.31400298986118, -34.30485916279721],
              [115.38610077522883, -34.333889016457675],
              [115.49567414022462, -34.38361358583763],
              [115.64804076722731, -34.46777343325402],
              [115.78845976926726, -34.58472060258673],
              [115.81414795654696, -34.607780461784344],
              [115.91331481026342, -34.70319365491653],
              [115.94386291088395, -34.7511138846214],
              [116.17886352299982, -34.854446413819495],
              [116.4605407668669, -34.99958800469708],
              [116.60192871785408, -35.03305816215174],
              [116.87303162317825, -35.056663511690616],
              [116.89568329584395, -35.05611038531233],
              [116.91532897734987, -35.04173661135075],
              [116.94837952525788, -35.01576613902762],
              [117.18386840917199, -35.011947623863314],
              [117.33248901162743, -35.01889037494498],
              [117.35512543291294, -35.024723044904626],
              [117.53333282307872, -35.08833313714177],
              [117.6195678721989, -35.09083556373537],
              [117.63276673115232, -35.0694427404035],
              [117.66407775257753, -35.051250451277625],
              [117.83797454810916, -35.0301399129892],
              [118.08167266847579, -34.99388885156907],
              [118.28166198875972, -34.90555573402175],
              [118.38761901767445, -34.840274818941154],
              [118.39971923921445, -34.80110931603006],
              [118.41805268120898, -34.77416991545356],
              [118.44455720016478, -34.743541708872826],
              [118.47706604470923, -34.7237472591551],
              [118.5183334444129, -34.707504270244534],
              [118.58206939675078, -34.690689095903934],
              [118.6121978671308, -34.68555451286281],
              [118.63789366975365, -34.68048476370784],
              [118.69914244687811, -34.650276187367616],
              [118.71914673240997, -34.63972473624192],
              [118.73567962170712, -34.62596894323865],
              [118.75417327562207, -34.606948858034194],
              [118.71943665349043, -34.57500458357662],
              [118.72164917969744, -34.56945037029497],
              [118.73970031595466, -34.54999542416369],
              [118.76485443590782, -34.53305817670006],
              [118.89026641095384, -34.462219240666236],
              [118.91165161894256, -34.45305632734055],
              [118.93525694778756, -34.44944381962493],
              [119.07887267636193, -34.466110225753724],
              [119.1113662695262, -34.474716184335676],
              [119.18525695086034, -34.49500275491098],
              [119.20860290277297, -34.504447932586245],
              [119.3255462644341, -34.446945200702906],
              [119.46748351343412, -34.33180617871685],
              [119.4809494060508, -34.27041626941761],
              [119.56359100650712, -34.14972305484378],
              [119.61608886450938, -34.09999846476996],
              [119.7888641352104, -33.99152756555302],
              [119.81290436636998, -33.97805403689933],
              [119.97998046324912, -33.934440614850885],
              [120.00498962266204, -33.928886422263105],
              [120.02832030250063, -33.92555617889706],
              [120.22998046632189, -33.93749999618822],
              [120.25305174853423, -33.93972015843225],
              [120.28804015294895, -33.94554902072032],
              [120.36914061902802, -33.963615408357725],
              [120.41699218648128, -33.97392273393123],
              [120.48552704663929, -33.94888305106407],
              [120.69386290718508, -33.8958358743551],
              [120.83471679084573, -33.86694336589171],
              [120.9297027590881, -33.86277771110394],
              [121.05165099463032, -33.85694884881587],
              [121.21971131253073, -33.83889007652162],
              [121.33609771944813, -33.81555556831759],
              [121.37081909019959, -33.81527709094573],
              [121.4611129723647, -33.817504889226775],
              [121.5226211471154, -33.82153319881747],
              [121.67249298356151, -33.86028289985349],
              [121.78095245976371, -33.899509428979165],
              [121.8347091670998, -33.89194488926762],
              [121.8616485676763, -33.880554198354744],
              [121.88601683801986, -33.858749380819376],
              [121.91678619746925, -33.83638762923415],
              [121.99386596930077, -33.82472609698644],
              [122.01374054567256, -33.83111191401824],
              [122.0372009346712, -33.85305786372839],
              [122.05220032562812, -33.86860657339201],
              [122.0715179472562, -33.89319610256442],
              [122.0863800137099, -33.927223214762805],
              [122.10092163562891, -33.98020553689175],
              [122.26227569196284, -33.96590042518178],
              [122.29824066066794, -33.931591027939945],
              [122.35442351700287, -33.91291427468739],
              [122.59380340669834, -33.89805603659913],
              [122.73027037674237, -33.89333342706763],
              [122.9149932931, -33.88555907223582],
              [123.01782989376895, -33.85757065813963],
              [123.08026885797562, -33.875831609517114],
              [123.10067748098008, -33.88694382305812],
              [123.1394271820161, -33.94916533610751],
              [123.1680526775101, -34.018608098304306],
              [123.23636627883926, -34.00000000730335],
              [123.54081726849505, -33.90583039143094],
              [123.64888000187395, -33.84694671639687],
              [123.69081115737032, -33.82055663452709],
              [123.7349929778711, -33.779724116444115],
              [123.7358856285297, -33.752407073483795],
              [123.75248718007846, -33.71416472399166],
              [123.7697067332794, -33.69527434794726],
              [123.78997803178066, -33.677223211690034],
              [123.85999297940748, -33.6158370893685],
              [123.91831969969782, -33.58306121116078],
              [123.9391479529428, -33.57333374844207],
              [123.95594787590322, -33.55958176311038],
              [123.96471404640559, -33.53889083436861],
              [124.00248718315123, -33.39361572665939],
              [124.09095764589563, -33.16208268241278],
              [124.10636901036217, -33.139442453455686],
              [124.1410904018075, -33.09638977312869],
              [124.15776061560787, -33.079727174671476],
              [124.19011688426893, -33.04916763034234],
              [124.28193664943113, -32.985557558799066],
              [124.30165099318866, -32.97499847163634],
              [124.3288726788086, -32.96472166951706],
              [124.35276794942793, -32.95750426942898],
              [124.40277099617975, -32.94554900842922],
              [124.45332336163827, -32.94083405562861],
              [124.49748229472183, -32.93694304984726],
              [124.58055114076181, -32.92805480622186],
              [123.52150503001728, -32.77218068721764],
              [121.12489823309684, -32.57405524921637],
              [120.00144759053605, -32.474992530215715],
              [119.48772884683497, -32.326398451714766],
              [118.12892455872738, -32.23971857258953],
              [117.69565017403741, -32.04159313458824],
              [117.30427003108763, -31.608193738960747],
              [116.97932987086504, -31.236708542708975],
              [116.58974981671504, -30.65471506858051],
              [116.20074334057273, -29.9241275159511],
              [115.58681049708224, -29.515493800073795],
              [114.93247158221759, -29.346004122326406],
              [114.93243471472819, -29.346001161309573]
            ]
          ],
          [
            [
              [134.82803344391465, -33.39472197941574],
              [134.82803344391476, -33.39472197941596],
              [134.85800170237437, -33.47193909644456],
              [134.8632812459557, -33.49610901607032],
              [134.86842346503386, -33.541461943907684],
              [134.8625946027458, -33.56805420486071],
              [134.84815978187578, -33.59583282453051],
              [134.84066773278127, -33.63777923140707],
              [134.9308013823321, -33.70249938407236],
              [134.98162841749092, -33.73444365852993],
              [135.03359984420368, -33.76860809523153],
              [135.05746459136878, -33.79055785261326],
              [135.193847647781, -33.919448859930995],
              [135.2610778837708, -34.00652695650994],
              [135.34912110093154, -34.2891693209588],
              [135.39311218605766, -34.495346066169006],
              [135.3965148993469, -34.64402771553289],
              [135.47467040048076, -34.7511138846214],
              [135.60607910646615, -34.89305876965844],
              [135.70565795438608, -34.8881988563176],
              [135.7239837603436, -34.86777496123909],
              [135.75511170312507, -34.85805892153512],
              [135.78665161941618, -34.86028289145072],
              [135.81510924625886, -34.87027740852656],
              [135.8466186597896, -34.89028167336455],
              [135.93011475141327, -34.96673202052916],
              [135.95640564757724, -35.00823593044187],
              [136.0046386650859, -34.99180220615667],
              [136.01998900333786, -34.79514312923878],
              [136.0066680919553, -34.74260330407369],
              [135.95385742545537, -34.76721954902875],
              [135.90220642258342, -34.806945793661285],
              [135.87287903249933, -34.81986617524282],
              [135.8291320729254, -34.82472228091209],
              [135.80378723829148, -34.8152122486568],
              [135.8749694855833, -34.63833617774803],
              [135.9369049059177, -34.536876671170496],
              [135.96719360891197, -34.51556014612726],
              [136.04025268649596, -34.48361206399811],
              [136.2065734779136, -34.332153318340325],
              [136.2413330081563, -34.29722596083405],
              [136.2569274926543, -34.27736282817085],
              [136.31817626977877, -34.1901359633801],
              [136.35134887011594, -34.122154229600376],
              [136.35655211540868, -34.090209955142804],
              [136.41345213840776, -34.040977485926554],
              [136.57995604985683, -33.93194580360044],
              [136.66110229077032, -33.89055633077374],
              [136.9027710049614, -33.773056035062744],
              [137.02027893670942, -33.71726607249181],
              [137.1420593242942, -33.71375275048202],
              [137.16526795170364, -33.70333098782251],
              [137.20996093141986, -33.66610716978358],
              [137.22689819957736, -33.64333344468872],
              [137.279434196377, -33.56180573302599],
              [137.36112975599718, -33.429370880244235],
              [137.37940978712027, -33.38333511686853],
              [137.3753814775296, -33.35166549141738],
              [137.3785705473331, -33.32083893411885],
              [137.38525390078854, -33.30027771453713],
              [137.443023687029, -33.194442758745424],
              [137.48828125752598, -33.12777709284253],
              [137.59552002319174, -33.02972412791966],
              [137.72274780231533, -32.995277406174615],
              [137.77484130215112, -32.992774958887146],
              [137.80761718035882, -32.847915653053],
              [137.80122374798387, -32.740970616139286],
              [137.7919158948118, -32.722358696772886],
              [137.77845763823217, -32.7066650472629],
              [137.75511168631954, -32.69576262814829],
              [137.75442504310962, -32.57611083244486],
              [137.75524903151663, -32.551109309068956],
              [137.762969975477, -32.532501218068],
              [137.81628418584924, -32.56687544919599],
              [137.977737427889, -33.02166748804441],
              [137.95495604606324, -33.14944458587468],
              [137.90191650539128, -33.16750335816893],
              [137.84497070755782, -33.20194244387695],
              [137.8283081091006, -33.223190306668585],
              [137.81434630864865, -33.27805328745511],
              [137.8474731548453, -33.32277679062557],
              [137.91607665656105, -33.441383359787],
              [137.94165038606084, -33.51028441862024],
              [137.94857788576235, -33.559303285738515],
              [137.93218993631154, -33.595275869786775],
              [137.91065978847647, -33.59805298677453],
              [137.89012145631193, -33.605140677702565],
              [137.77775574364208, -33.69736099335965],
              [137.63217163510677, -33.8491668786409],
              [137.60289001985709, -33.88402557389557],
              [137.5033264233173, -34.15055085092235],
              [137.48718262011258, -34.24250030455073],
              [137.48107910881808, -34.47166443903537],
              [137.4985656749884, -34.65860747624929],
              [137.45413207220457, -34.89694977543979],
              [137.4470519966197, -34.917083749437836],
              [137.43414305874677, -34.93888854627933],
              [137.40637207511398, -34.956665033530136],
              [137.38468933070163, -34.960830688317905],
              [137.2986450169561, -34.92888641386034],
              [137.02407837212812, -34.90201186786387],
              [136.9770355210078, -34.95888900344575],
              [136.86836242201375, -35.20236205731193],
              [136.96690367942875, -35.26944350439604],
              [137.00720215087907, -35.240554803604226],
              [137.0276336613007, -35.23068999568844],
              [137.42108154499041, -35.11999512655589],
              [137.45982360998943, -35.113891594567534],
              [137.5321960443635, -35.1288833701813],
              [137.5669097997718, -35.13750077247185],
              [137.59579467219817, -35.149726874806454],
              [137.6310577463132, -35.17256928284679],
              [137.6744079630638, -35.18166732089858],
              [137.74816893523789, -35.132778162940355],
              [137.80969238206262, -34.87361145956418],
              [137.88914489202156, -34.52527999350281],
              [137.92442321751676, -34.4254188605394],
              [138.00692749346987, -34.25715636355576],
              [138.06802367401707, -34.13965226017318],
              [138.0922546405513, -34.13492965064168],
              [138.15191650846407, -34.206947330049125],
              [138.21968079108652, -34.31486510288778],
              [138.23550414975654, -34.356948854961416],
              [138.2424621522184, -34.38305663109389],
              [138.2655334551246, -34.458610540622196],
              [138.27497863279987, -34.4801368807857],
              [138.29011534826, -34.50069807967355],
              [138.4030456517106, -34.61389160911585],
              [138.41998291986812, -34.627494805541865],
              [138.43524170845126, -34.64222716283552],
              [138.49606323999205, -34.72888184219622],
              [138.50453185337693, -34.773262034108654],
              [138.51416015108367, -35.02499771460491],
              [138.4387817462437, -35.34381867055072],
              [138.2855377199626, -35.47902298358934],
              [138.2583313064167, -35.494445791764484],
              [138.2163696274661, -35.51333618850275],
              [138.19412231296687, -35.52111054333456],
              [138.15303039725765, -35.53292084379408],
              [138.12857055655144, -35.553611751841984],
              [138.09315490655302, -35.61916733662287],
              [138.13748168759403, -35.653053275258735],
              [138.15013122784075, -35.660831458455995],
              [138.17497253929622, -35.66958618524976],
              [138.20217895284213, -35.67138671725327],
              [138.53628539245986, -35.65346907713381],
              [138.5910797109948, -35.62277603666691],
              [138.61038208124268, -35.60347366641902],
              [138.62689208312264, -35.58139037151179],
              [138.6505432074959, -35.56305312184568],
              [138.72149658061574, -35.53875351375373],
              [138.77719116515243, -35.535835264591185],
              [138.80789184165636, -35.538337711878654],
              [138.83551024940573, -35.545280462960314],
              [138.90054321056869, -35.55471802529242],
              [138.96551514551706, -35.56055450292365],
              [138.9911346498513, -35.55743026700629],
              [139.03581237818733, -35.50986098459647],
              [139.01692200214293, -35.490280157670576],
              [138.98731994235857, -35.485000614089216],
              [138.95947266043714, -35.475593575211334],
              [138.94955444164995, -35.4488868771723],
              [138.95538330393802, -35.42791747105866],
              [138.96995544931124, -35.4084701609644],
              [138.98982238964604, -35.39749907959818],
              [139.21246338259567, -35.31666564718238],
              [139.23718262092814, -35.32222747580719],
              [139.35661315780268, -35.37444304876601],
              [139.37307738484824, -35.470413217335796],
              [139.36135863405752, -35.60388946829409],
              [139.3358306793921, -35.69138717441968],
              [139.30990600259724, -35.742126467581265],
              [139.30052185113655, -35.73175047975615],
              [139.30761717810162, -35.68037795425608],
              [139.30596924267536, -35.65652084312799],
              [139.26069642079818, -35.62450409874724],
              [139.24510193630016, -35.62521362937436],
              [139.22343444326802, -35.636585240541606],
              [139.22462463035023, -35.6896743844134],
              [139.23883055635437, -35.70479965616492],
              [139.34236145696414, -35.78583145999238],
              [139.43370056567124, -35.852668760830426],
              [139.48855591042073, -35.91944884312546],
              [139.53887940170725, -35.96749878199038],
              [139.56649780945662, -35.99541855452883],
              [139.58856200392438, -36.02083587977982],
              [139.60412598566205, -36.04138946332451],
              [139.64971923138003, -36.1469497701098],
              [139.6632995610827, -36.187217718105885],
              [139.66040039166577, -36.216247551072485],
              [139.64303589861848, -36.185272225562144],
              [139.6121826255373, -36.12583159578435],
              [139.58399962700716, -36.08847045324221],
              [139.47621154263467, -35.95972442715857],
              [139.41989136179654, -35.91592407740707],
              [139.38354492234217, -35.887424462707685],
              [139.25643921634162, -35.79912184792072],
              [139.2433471584372, -35.79239654799635],
              [139.2271270776377, -35.79144667879474],
              [139.29116822313011, -35.833972927832235],
              [139.3948822023836, -35.931236276861654],
              [139.4119262715901, -35.94665527736522],
              [139.41168212534404, -35.95823670365273],
              [139.42123412476215, -35.967586523987606],
              [139.46408081833434, -36.01353835303767],
              [139.64804077249954, -36.20972443023135],
              [139.67358397854514, -36.25472260310209],
              [139.82350158982564, -36.55458450005803],
              [139.85440063774124, -36.63500213059874],
              [139.86079407011619, -36.66083145005322],
              [139.86495972490394, -36.732215876428306],
              [139.86509704940715, -36.76222229437916],
              [139.86175536233253, -36.79472350288659],
              [139.85467528674764, -36.8261108432943],
              [139.84567260603623, -36.84402846271989],
              [139.82289124490435, -36.87458039170587],
              [139.79318236337713, -36.899166113206704],
              [139.7519225997105, -36.92166899696672],
              [139.733718866876, -37.014308922170464],
              [139.75137328100377, -37.19972228940958],
              [139.7977600123684, -37.27361297074371],
              [139.8144226108256, -37.299728403607084],
              [139.84133910329103, -37.33139037232734],
              [139.9938354394538, -37.49250030310907],
              [140.02546692610755, -37.489860531318385],
              [140.0498351964511, -37.49041748606212],
              [140.0805358936489, -37.504447928071805],
              [140.12135313965783, -37.53069687776681],
              [140.23828124993878, -37.67194365519146],
              [140.3352355981421, -37.81930923667852],
              [140.35592650619, -37.861667637758586],
              [140.52996826226186, -38.000282279429584],
              [140.58609009238222, -38.032218938544],
              [140.67164611363566, -38.06763839621398],
              [140.69857787817512, -38.07194518317654],
              [140.77178955233637, -38.07389067572028],
              [140.8223266664147, -38.057361594094694],
              [140.85064696875418, -38.05472182230402],
              [140.93928527945602, -38.05930327896686],
              [140.96804809945323, -38.064216623872994],
              [141.00192261507436, -38.074172981457586],
              [141.02581786499982, -38.082778940039546],
              [141.1035766646981, -38.11389161074697],
              [141.1255188067367, -38.12388610712894],
              [141.14636231136186, -38.135002128341526],
              [141.1930236917329, -38.16055297042414],
              [141.23968505141005, -38.193054199625436],
              [141.2894287212295, -38.22833252512063],
              [141.36746214924034, -38.289443977741875],
              [141.39262390523052, -38.31486130299286],
              [141.45413207998124, -38.37249755170783],
              [141.5713500906488, -38.41722107557216],
              [141.65022277914065, -38.39986039019642],
              [141.63580323034466, -38.36750031386378],
              [141.61975097680875, -38.35298538703355],
              [141.62016297101223, -38.3218765239977],
              [141.67941284472153, -38.282917028535294],
              [141.72161864922435, -38.27055358100361],
              [141.75094603930842, -38.267082205462785],
              [141.82135009372155, -38.2675018357033],
              [141.96469115259563, -38.292087557204134],
              [141.9877471834278, -38.31055832370188],
              [142.06246948920594, -38.3555603042442],
              [142.08828734425796, -38.36972045541394],
              [142.1603851296256, -38.400135039202844],
              [142.2277526901186, -38.4027786186651],
              [142.25038147536708, -38.40166472987151],
              [142.26893615549662, -38.38465118411925],
              [142.37933348820553, -38.36389159312587],
              [142.53524780973157, -38.41277313574094],
              [142.61218262102284, -38.45527649736124],
              [142.7416381777336, -38.53166962598284],
              [142.9716339159684, -38.62930298135906],
              [143.17996216117103, -38.71611023660316],
              [143.3388519297087, -38.75778197377943],
              [143.38748169004072, -38.76833342490514],
              [143.4438629177873, -38.79444502940306],
              [143.48413086578338, -38.83499909080803],
              [143.5054626422068, -38.851249695061746],
              [143.542953493909, -38.85923386501382],
              [143.84233092673827, -38.69652558131182],
              [143.90574645523532, -38.642566674198626],
              [143.99877929489693, -38.53715515631902],
              [144.06164550468728, -38.484584807699704],
              [144.22395347809612, -38.39841617612178],
              [143.89035185015229, -37.59786658973824],
              [144.26459370078692, -37.08112705782298],
              [145.44997984337604, -36.6241553026272],
              [145.4323229767203, -36.30634156283606],
              [145.20725242833447, -35.61135165015376],
              [144.95565320677136, -35.09527549386653],
              [144.56079790180863, -34.31908030988925],
              [144.17320475969476, -34.40465174408108],
              [143.48464774786896, -34.6399257017076],
              [142.91540804856126, -34.813285459958394],
              [142.36136056575592, -34.94949669858429],
              [141.74970332727887, -35.01142937457353],
              [141.4089821497293, -34.97426237833445],
              [141.09850764719423, -34.516097302956794],
              [140.79820815990666, -33.797892590202764],
              [140.57469721051265, -33.017773678073034],
              [140.23201072959094, -32.287186125443625],
              [139.74836982667566, -31.829021050065972],
              [139.54811119737155, -31.68042697156564],
              [138.92476328870458, -31.469918693688957],
              [138.53004810132106, -31.43277017406405],
              [137.76453416403683, -31.494684373439117],
              [137.3291988197365, -31.71757549119057],
              [136.8550270920519, -32.126209207067895],
              [136.03336567889025, -32.6710541615708],
              [135.43796385591662, -33.05492219769828],
              [135.02837043514614, -33.25304763569924],
              [134.82803344391476, -33.39472197941567],
              [134.82803344391465, -33.39472197941574]
            ]
          ],
          [
            [
              [136.5338745117555, -35.88222122199442],
              [136.53851318387026, -35.91749954251293],
              [136.71218872106058, -36.05666351347584],
              [136.74468994101744, -36.061111450515284],
              [137.15011596714555, -36.04417037979063],
              [137.17851257303678, -36.030555725253535],
              [137.18951416011515, -35.99399566638753],
              [137.22607421898115, -35.9840278622205],
              [137.357528686675, -36.00444793703123],
              [137.3939971919932, -36.04014205926991],
              [137.45544433589342, -36.08534240718153],
              [137.49105834978866, -36.07527923547684],
              [137.58636474634687, -36.03305816678913],
              [137.6144714356353, -36.00958251920961],
              [137.61051940946822, -35.975067138992394],
              [137.6014099123314, -35.94069290146929],
              [137.61968994176442, -35.91999816924997],
              [137.76095581092824, -35.866043090762325],
              [137.79275512655195, -35.86611175551884],
              [137.82357788124264, -35.868057251022684],
              [137.9210815427307, -35.87555313123381],
              [137.9563598632492, -35.88999939001997],
              [137.97994995155042, -35.90624999999841],
              [138.04031372096685, -35.92270660424638],
              [138.11273193355697, -35.869720458712095],
              [138.11190795890502, -35.81750488307622],
              [138.06275939962487, -35.7631950380278],
              [138.0284423824626, -35.74819564800844],
              [137.96218872097236, -35.73444366476705],
              [137.91094970707823, -35.72937774653645],
              [137.88984680192712, -35.76902770974078],
              [137.86940002433522, -35.79431152331112],
              [137.85066223120668, -35.80666732748331],
              [137.82968139637438, -35.81194305397327],
              [137.79150390659288, -35.80319595299434],
              [137.59788513147143, -35.74694442724064],
              [137.58386230481128, -35.73166275021558],
              [137.58496093768056, -35.650833130023244],
              [137.52609252966954, -35.60472106951911],
              [137.3376007079381, -35.58874893174782],
              [137.31719970712012, -35.590690612453116],
              [136.91052246103297, -35.68888854948594],
              [136.58114624028832, -35.76944351226969],
              [136.5338745117555, -35.88222122199442]
            ]
          ]
        ]
      }
    },
    {
      "type": "Feature",
      "id": 6,
      "bbox": [143.81761169433594, -43.64805603065614, 151.0850982609113, -34.10449170550918],
      "properties": {
        "gid": 6,
        "geometry": "MultiPolygon",
        "fillColor": "#b76fb1",
        "labelShow": true,
        "labelText": "温带海洋性气候",
        "labelPosition": [147.913054428252, -37.31428082351245],
        "labelFillColor": "#fff",
        "labelOutlineColor": "#000",
        "labelOutlineWidth": 2,
        "labelFontSize": 16
      },
      "geometry": {
        "type": "MultiPolygon",
        "coordinates": [
          [
            [
              [143.81761169433594, -39.676361083984375],
              [143.82374572753906, -39.67774963378906],
              [143.82611083984375, -39.67302703857422],
              [143.8300323486328, -39.67180633544922],
              [143.8356170654297, -39.67269515991211],
              [143.83714294433594, -39.67183303833008],
              [143.83639526367188, -39.66975021362305],
              [143.8267822265625, -39.66686248779297],
              [143.82028198242188, -39.67166519165039],
              [143.81761169433594, -39.676361083984375]
            ]
          ],
          [
            [
              [143.83358764648438, -39.91875076293945],
              [143.83502197265625, -39.92452621459961],
              [143.8415069580078, -39.92569351196289],
              [143.84510803222656, -39.92972183227539],
              [143.83863830566406, -39.9333610534668],
              [143.84072875976562, -39.93825149536133],
              [143.86627197265625, -39.95772171020508],
              [143.8681640625, -39.96580505371094],
              [143.87503051757812, -39.97041702270508],
              [143.88580322265625, -39.983612060546875],
              [143.8882293701172, -39.99789047241211],
              [143.88035583496094, -40],
              [143.8833465576172, -40.005226135253906],
              [143.88662719726562, -40.00656509399414],
              [143.88699340820312, -40.01251220703125],
              [143.88433837890625, -40.014129638671875],
              [143.87979125976562, -40.030853271484375],
              [143.88397216796875, -40.05528259277344],
              [143.88165283203125, -40.06010055541992],
              [143.8745574951172, -40.06358337402344],
              [143.86474609375, -40.063880920410156],
              [143.86264038085938, -40.061378479003906],
              [143.85816955566406, -40.060726165771484],
              [143.85374450683594, -40.06372833251953],
              [143.8609619140625, -40.0700798034668],
              [143.860107421875, -40.07351303100586],
              [143.8667755126953, -40.083526611328125],
              [143.86500549316406, -40.089019775390625],
              [143.86448669433594, -40.09062957763672],
              [143.86573791503906, -40.09542465209961],
              [143.87051391601562, -40.09767532348633],
              [143.87042236328125, -40.11368179321289],
              [143.87257385253906, -40.11869430541992],
              [143.87796020507812, -40.12162399291992],
              [143.88958740234375, -40.123146057128906],
              [143.89820861816406, -40.12239456176758],
              [143.90304565429688, -40.127845764160156],
              [143.89715576171875, -40.1326904296875],
              [143.8942413330078, -40.13819885253906],
              [143.9065399169922, -40.14496994018555],
              [143.90980529785156, -40.14448547363281],
              [143.91741943359375, -40.157005310058594],
              [143.9201202392578, -40.1588134765625],
              [143.9248046875, -40.152835845947266],
              [143.92413330078125, -40.14666748046875],
              [143.922607421875, -40.14439392089844],
              [143.91722106933594, -40.14191818237305],
              [143.9160614013672, -40.139766693115234],
              [143.91539001464844, -40.13850021362305],
              [143.91769409179688, -40.13276672363281],
              [143.92300415039062, -40.12907028198242],
              [143.93605041503906, -40.12462615966797],
              [143.9401092529297, -40.117733001708984],
              [143.94837951660156, -40.1121826171875],
              [143.95608520507812, -40.11006546020508],
              [143.9608612060547, -40.111175537109375],
              [143.96688842773438, -40.1170654296875],
              [143.9737091064453, -40.114952087402344],
              [143.97271728515625, -40.10787582397461],
              [143.97476196289062, -40.10488510131836],
              [143.98538208007812, -40.09907913208008],
              [143.9922332763672, -40.09902572631836],
              [144, -40.101470947265625],
              [144.00555419921875, -40.09480667114258],
              [144.0218963623047, -40.09330368041992],
              [144.0307159423828, -40.08613967895508],
              [144.03131103515625, -40.08566665649414],
              [144.0330352783203, -40.08061218261719],
              [144.04544067382812, -40.07547378540039],
              [144.04208374023438, -40.070472717285156],
              [144.0518035888672, -40.06536102294922],
              [144.05422973632812, -40.0660285949707],
              [144.0631103515625, -40.05647277832031],
              [144.06385803222656, -40.055667877197266],
              [144.0653076171875, -40.05175018310547],
              [144.0848846435547, -40.04975128173828],
              [144.08877563476562, -40.05247116088867],
              [144.09228515625, -40.047637939453125],
              [144.0967559814453, -40.04713821411133],
              [144.09994506835938, -40.042972564697266],
              [144.096923828125, -40.03958511352539],
              [144.0976104736328, -40.027442932128906],
              [144.1105499267578, -40.01911163330078],
              [144.11166381835938, -40.01475143432617],
              [144.108642578125, -40.010223388671875],
              [144.1171112060547, -40.00166702270508],
              [144.11672973632812, -40],
              [144.12802124023438, -39.995609283447266],
              [144.1260528564453, -39.98866653442383],
              [144.13116455078125, -39.982666015625],
              [144.13294982910156, -39.97747039794922],
              [144.13327026367188, -39.97174835205078],
              [144.12991333007812, -39.96272277832031],
              [144.13291931152344, -39.95755386352539],
              [144.13816833496094, -39.938499450683594],
              [144.13858032226562, -39.93075180053711],
              [144.1326446533203, -39.925724029541016],
              [144.11131286621094, -39.914695739746094],
              [144.10888671875, -39.90980529785156],
              [144.1059112548828, -39.889556884765625],
              [144.10552978515625, -39.87052917480469],
              [144.10800170898438, -39.86397171020508],
              [144.11846923828125, -39.85197067260742],
              [144.12594604492188, -39.82547378540039],
              [144.124755859375, -39.82038879394531],
              [144.11917114257812, -39.8142204284668],
              [144.1171875, -39.815303802490234],
              [144.11517333984375, -39.81638717651367],
              [144.1133270263672, -39.822723388671875],
              [144.11180114746094, -39.82266616821289],
              [144.10711669921875, -39.82252883911133],
              [144.10667419433594, -39.81975173950195],
              [144.11288452148438, -39.814945220947266],
              [144.11380004882812, -39.81052780151367],
              [144.1149139404297, -39.80516815185547],
              [144.10482788085938, -39.790164947509766],
              [144.10150146484375, -39.780887603759766],
              [144.0994110107422, -39.74166488647461],
              [144.09909057617188, -39.73524856567383],
              [144.1020050048828, -39.710609436035156],
              [144.10546875, -39.70136260986328],
              [144.1092987060547, -39.68111038208008],
              [144.10919189453125, -39.6730842590332],
              [144.10678100585938, -39.668888092041016],
              [144.0814666748047, -39.6556396484375],
              [144.06480407714844, -39.64177703857422],
              [144.05775451660156, -39.63425064086914],
              [144.05172729492188, -39.627803802490234],
              [144.04685974121094, -39.6248893737793],
              [144.02325439453125, -39.618778228759766],
              [144.01380920410156, -39.61316680908203],
              [144.0057830810547, -39.603721618652344],
              [144.00091552734375, -39.60102844238281],
              [143.99722290039062, -39.603416442871094],
              [143.9796142578125, -39.60097122192383],
              [143.97264099121094, -39.5938606262207],
              [143.9599151611328, -39.589027404785156],
              [143.9565887451172, -39.586692810058594],
              [143.95046997070312, -39.58244323730469],
              [143.94883728027344, -39.58130645751953],
              [143.94345092773438, -39.58250045776367],
              [143.93560791015625, -39.595001220703125],
              [143.9346160888672, -39.59661102294922],
              [143.9326934814453, -39.59600067138672],
              [143.9296875, -39.595054626464844],
              [143.92630004882812, -39.59722137451172],
              [143.92613220214844, -39.59822082519531],
              [143.9244384765625, -39.60763931274414],
              [143.92408752441406, -39.60972213745117],
              [143.92599487304688, -39.6150016784668],
              [143.93218994140625, -39.63202667236328],
              [143.9338836669922, -39.64352798461914],
              [143.9329376220703, -39.64983367919922],
              [143.93141174316406, -39.659915924072266],
              [143.9264373779297, -39.66913986206055],
              [143.9158935546875, -39.68227767944336],
              [143.89694213867188, -39.696693420410156],
              [143.88780212402344, -39.70047378540039],
              [143.87246704101562, -39.704498291015625],
              [143.8665008544922, -39.71022033691406],
              [143.861328125, -39.71211242675781],
              [143.85125732421875, -39.71263885498047],
              [143.84580993652344, -39.714500427246094],
              [143.8433837890625, -39.71991729736328],
              [143.84580993652344, -39.73374938964844],
              [143.84974670410156, -39.73711013793945],
              [143.85150146484375, -39.75227737426758],
              [143.8479461669922, -39.75719451904297],
              [143.8502197265625, -39.77283477783203],
              [143.85641479492188, -39.7783317565918],
              [143.8628387451172, -39.78977966308594],
              [143.8602752685547, -39.79800033569336],
              [143.85989379882812, -39.7993049621582],
              [143.86158752441406, -39.80577850341797],
              [143.85975646972656, -39.816471099853516],
              [143.86241149902344, -39.82594299316406],
              [143.86622619628906, -39.83180618286133],
              [143.8665313720703, -39.836387634277344],
              [143.86227416992188, -39.84791564941406],
              [143.8538818359375, -39.85380554199219],
              [143.8594970703125, -39.85902786254883],
              [143.84368896484375, -39.87997055053711],
              [143.84182739257812, -39.88633346557617],
              [143.84510803222656, -39.890777587890625],
              [143.84225463867188, -39.89891815185547],
              [143.8414764404297, -39.89936065673828],
              [143.83731079101562, -39.9017219543457],
              [143.83592224121094, -39.90510940551758],
              [143.8373260498047, -39.911109924316406],
              [143.83358764648438, -39.91875076293945]
            ]
          ],
          [
            [
              [143.89035185015229, -37.59786658973824],
              [144.22395347809612, -38.39841617612178],
              [144.36328125925183, -38.32444763353678],
              [144.39512634800354, -38.3095817594115],
              [144.5485992484567, -38.28375243995702],
              [144.570388793918, -38.2851409984509],
              [144.59953308466447, -38.29777907429513],
              [144.63388062070368, -38.29972839520431],
              [144.65887450804257, -38.285003653253824],
              [144.71051025953435, -38.22249602679554],
              [144.72120667120026, -38.17805480866853],
              [144.70634460474656, -38.14916610787671],
              [144.67929076708407, -38.13611220946354],
              [144.62074278796487, -38.14390181567553],
              [144.60443115749658, -38.153194417467404],
              [144.59294128087788, -38.15985871187107],
              [144.56669615954831, -38.16919708849735],
              [144.51303100188102, -38.181529991880936],
              [144.39622498541698, -38.170276646165135],
              [144.37454224100463, -38.16277694033975],
              [144.36286926504832, -38.145835885204534],
              [144.3685607821393, -38.12652587891962],
              [144.38594054726067, -38.113056178631375],
              [144.5255584690047, -38.08794402584103],
              [144.66110228562977, -38.0233306949186],
              [144.69122314066664, -38.00389100016749],
              [144.7469177252033, -37.96277617634721],
              [144.82469177628175, -37.90250015584156],
              [144.91767884110897, -37.86854172658864],
              [144.94830321932426, -37.87569046442512],
              [144.97550965356402, -37.89194487635041],
              [145.09925842110974, -38.043060310750164],
              [145.11468505765032, -38.07028197567624],
              [145.13127135781892, -38.13701247546529],
              [145.11912536144453, -38.16763687437446],
              [144.98501587814775, -38.34048461499866],
              [144.94107054716216, -38.36083221178854],
              [144.9107971162419, -38.36972045541394],
              [144.88038636081842, -38.3777770952892],
              [144.83886717883166, -38.383888242620706],
              [144.8138732914928, -38.383056638870556],
              [144.79039001507695, -38.37694168386747],
              [144.76110839982726, -38.3777770952892],
              [144.90136718994682, -38.50583647816292],
              [144.94165038932306, -38.51083373670084],
              [145.03039550107388, -38.497386923829794],
              [145.21301269227348, -38.349166871869244],
              [145.25546264302235, -38.23764037829268],
              [145.44427489518526, -38.22694015895517],
              [145.4855194074717, -38.24819565778383],
              [145.5552520700551, -38.374305719748364],
              [145.52032471254884, -38.42312240778341],
              [145.49552917592774, -38.43000411195662],
              [145.4321899457193, -38.45222473136706],
              [145.41638183842946, -38.52361298610759],
              [145.4160766659688, -38.54583739249574],
              [145.5662078793473, -38.66513824090411],
              [145.60746764301393, -38.68361281507343],
              [145.8235778790854, -38.7286071802726],
              [145.9044189475382, -38.85694884818976],
              [146.00268555594678, -38.863403327473165],
              [146.01609801699817, -38.83222199451414],
              [146.03831482873704, -38.821254720819496],
              [146.06524657258262, -38.82000350752269],
              [146.08914184320196, -38.825279243432476],
              [146.12065123603884, -38.83555221718632],
              [146.1423492525252, -38.84597015148039],
              [146.16580200548685, -38.86277771047783],
              [146.1930236911068, -38.88694763010359],
              [146.2091369708573, -38.90193938502348],
              [146.22662353702762, -38.92166900085505],
              [146.2470550474493, -38.94889068647499],
              [146.26858519528437, -38.981941213689126],
              [146.31954955494638, -39.09756850747343],
              [146.34690856506953, -39.129997246057684],
              [146.3855285569455, -39.14666748055192],
              [146.39413451552747, -39.14722443529565],
              [146.40747069898407, -39.14444731830789],
              [146.42510986173167, -39.13472366326076],
              [146.48371886706545, -39.07625198243019],
              [146.46926879481524, -38.80562590519567],
              [146.4329528788151, -38.79264068972797],
              [146.4191284235602, -38.825279243432476],
              [146.41206359935552, -38.853122717682304],
              [146.29649352411423, -38.916561133596566],
              [146.18469238153125, -38.75743485484983],
              [146.21926879174248, -38.71597289140608],
              [146.23690795449005, -38.706111911855736],
              [146.26110839757004, -38.70222473443983],
              [146.3527374273576, -38.69784545686023],
              [146.50164795089353, -38.70055389090251],
              [146.83572386705703, -38.66013717469461],
              [146.87356566605428, -38.65166473294428],
              [146.9694213768442, -38.58527373674168],
              [146.98814392562502, -38.56958389490327],
              [147.11441039183836, -38.45471954261751],
              [147.1855926598241, -38.38826371252874],
              [147.21301269616183, -38.36305998937573],
              [147.3724670347864, -38.238052372496185],
              [147.42968750232018, -38.19471740712574],
              [147.54107665069967, -38.11333465600324],
              [147.5877380310707, -38.083061225082986],
              [147.6546935973602, -38.042503356006435],
              [147.73413085593896, -37.996391294342104],
              [147.75915526673208, -37.98249817683563],
              [147.84634399272542, -37.945274358796695],
              [147.93692015993398, -37.91110992209509],
              [147.96398924897665, -37.90236283133835],
              [148.20690917646456, -37.839721688048435],
              [148.28137206392262, -37.82611083489153],
              [148.30914306824926, -37.82167053109734],
              [148.49383544045878, -37.81166839867834],
              [148.82621764636164, -37.797782896515024],
              [149.08026123109914, -37.79277802263395],
              [149.25469970930047, -37.793617241727254],
              [149.30941772954677, -37.795280449227555],
              [149.45718384083486, -37.78333282426482],
              [149.5786438045788, -37.735576634845806],
              [149.67282103579439, -37.69638824451751],
              [149.74661255211655, -37.59888457760748],
              [149.78552246507297, -37.56041718230877],
              [149.82357788686207, -37.55833434456795],
              [149.89941406073993, -37.552082065061654],
              [149.9716339192306, -37.522220607651036],
              [149.9777526819053, -37.51267241590449],
              [149.9562225340702, -37.429306033440874],
              [149.94941710749174, -37.39833449490824],
              [149.90664673290206, -37.06916809528541],
              [149.9024658267341, -36.923332204467016],
              [149.93856811994243, -36.85722351400172],
              [149.96636962702942, -36.79472350288659],
              [149.97967528703182, -36.76097106038849],
              [150.02331542486291, -36.628051764173925],
              [150.05163574789626, -36.501667032509104],
              [150.06579589906602, -36.42778015884655],
              [150.07719420532203, -36.38888930494188],
              [150.0984344527705, -36.36055755889379],
              [150.13558960855784, -36.328128820309544],
              [150.14421081851998, -36.258052825774264],
              [150.13748169023015, -36.11167144461461],
              [150.16247557756904, -35.94055176607073],
              [150.27526855651644, -35.735832220912144],
              [150.48579407654591, -35.31083297722274],
              [150.5402526784721, -35.22666168609774],
              [150.55656432963426, -35.21249770656256],
              [150.61718748976338, -35.18833159460838],
              [150.64749146483172, -35.17861174723283],
              [150.70330810179757, -35.12694549298071],
              [150.74864197058318, -35.00986480681637],
              [150.8313445972541, -34.78597640824151],
              [150.87356567383094, -34.661109923536756],
              [150.88134766469977, -34.59916686716536],
              [150.8752441327114, -34.58416747620845],
              [150.84051514661678, -34.558334349082386],
              [150.93414305912566, -34.33167266188522],
              [150.95996093487153, -34.298339849627645],
              [150.9763488843223, -34.27749634500248],
              [151.02380370895227, -34.22194289264059],
              [151.0638732855367, -34.19249725779892],
              [151.08509826091114, -34.17999648576403],
              [151.0850982609113, -34.17999648576384],
              [151.08509826091114, -34.17999648576384],
              [150.14385958494393, -34.10449170550918],
              [149.0053161896187, -34.26299205591021],
              [148.05272936667959, -34.73849310711297],
              [146.34606305356246, -36.00845049899866],
              [145.44997984337604, -36.6241553026272],
              [144.26459370078692, -37.08112705782298],
              [143.89035185015229, -37.59786658973824]
            ]
          ],
          [
            [
              [144.337646484375, -40.46963882446289],
              [144.342529296875, -40.47386169433594],
              [144.34922790527344, -40.47519302368164],
              [144.35543823242188, -40.47416687011719],
              [144.3553924560547, -40.472415924072266],
              [144.34893798828125, -40.47186279296875],
              [144.34088134765625, -40.46641540527344],
              [144.33779907226562, -40.46755599975586],
              [144.337646484375, -40.46963882446289]
            ]
          ],
          [
            [
              [144.61871337899262, -40.93111038235744],
              [144.63720703040076, -41.031944274350195],
              [144.68579101644423, -41.216594695225],
              [144.73162841801798, -41.30610656775795],
              [144.85858154256536, -41.544448852758755],
              [144.9549560550587, -41.71333312912768],
              [145.05496215733712, -41.846664427929916],
              [145.18455505287804, -41.93833160385072],
              [145.24787902881468, -42.034862518194615],
              [145.26277160694505, -42.080001830910746],
              [145.26512145971782, -42.11138916081212],
              [145.2606811520854, -42.139999389736396],
              [145.28027343766146, -42.181114196483946],
              [145.45831298736215, -42.32639312784872],
              [145.49967956479614, -42.32347488327474],
              [145.55204772886194, -42.35110855166113],
              [145.475250243691, -42.520278930737334],
              [145.4694213874702, -42.52305602981426],
              [145.45906066839444, -42.50562667865305],
              [145.44566345232866, -42.45735931372436],
              [145.43975830103918, -42.39874648987375],
              [145.42636108307323, -42.37458038409538],
              [145.22384643560622, -42.239166259560335],
              [145.2052307124682, -42.25695037747052],
              [145.1976165778622, -42.313472748361626],
              [145.25997924771428, -42.612430572363664],
              [145.31051635673373, -42.62361145012674],
              [145.35385131919762, -42.658535002877514],
              [145.39776611240262, -42.775558472066976],
              [145.42315673769212, -42.846664429100514],
              [145.459686279597, -42.90444183410996],
              [145.5115814206975, -42.96565628141976],
              [145.54747009314613, -42.96139144940508],
              [145.57377624595884, -42.96381759724653],
              [145.5952453613423, -42.97916412267493],
              [145.7268981933354, -43.13333129843137],
              [145.7588806160318, -43.18444061286536],
              [145.83691406155393, -43.297225952934156],
              [146.03829956024583, -43.49805450446517],
              [146.11036682146374, -43.51542282071152],
              [146.29608154258545, -43.5347290035803],
              [146.51443481411354, -43.54277801551747],
              [146.59954834016176, -43.5561103811549],
              [146.6863708495265, -43.603332519603846],
              [146.83358764561356, -43.64805603065614],
              [146.9167022701245, -43.61784362809124],
              [146.937469483037, -43.600624084568615],
              [147.0953369145204, -43.28871536267197],
              [147.17816162081056, -43.28222274771424],
              [147.21328735397324, -43.28562545799375],
              [147.24745178295154, -43.269168853757094],
              [147.26332092351998, -43.22486114436863],
              [147.26248168916533, -43.203887939331025],
              [147.24031066941075, -43.15548705993228],
              [147.24191284115122, -43.133613585625156],
              [147.31747436597098, -42.846664429100514],
              [147.59162902835175, -42.826736450542654],
              [147.79368591300724, -42.929889678800826],
              [147.8994140618306, -43.0268745423429],
              [147.86787414559217, -43.04652786283381],
              [147.80886840745825, -43.05472183198121],
              [147.78178405710588, -43.05110931406312],
              [147.75997924874062, -43.03986358587169],
              [147.719894408319, -43.00249862702579],
              [147.73579406729493, -42.97888565099464],
              [147.73078918527494, -42.954719543316116],
              [147.7064971922532, -42.938327789507824],
              [147.67391967866186, -42.945133210066835],
              [147.61897277851736, -43.01770782437079],
              [147.63162231355085, -43.06555175850881],
              [147.6972045889379, -43.163612365037984],
              [147.7897033700865, -43.24694824182784],
              [147.99552917451066, -43.22758865317104],
              [148.00469970609612, -43.170837402774325],
              [148.0047760011648, -42.97686767569019],
              [147.99969482407613, -42.90707778959],
              [147.97419738721058, -42.86951065033219],
              [147.91087341317413, -42.84083175736621],
              [147.88183593794568, -42.85722351117451],
              [147.88317871177304, -42.772220612215825],
              [147.958724976439, -42.5563888554649],
              [148.00401306187885, -42.52249908455354],
              [148.07911682198696, -42.11721801703292],
              [148.19526672290075, -41.94544983001102],
              [148.2388458250241, -41.99819564820633],
              [148.2980346679026, -42.03500366179151],
              [148.26470947327897, -41.81458664019793],
              [148.27096557580393, -41.782642365035834],
              [148.29220580978165, -41.72888183686813],
              [148.314285278114, -41.61291885431225],
              [148.32830810538238, -40.99541854795879],
              [148.31886291572997, -40.97235870357503],
              [148.30741882264013, -40.957477570085],
              [148.27331543047686, -40.901107787431116],
              [148.22106933624076, -40.84902954158607],
              [148.07940673830757, -40.768890381050475],
              [148.01416015590235, -40.74597168026361],
              [147.97183227618416, -40.74478912380031],
              [147.951156616594, -40.761322021205494],
              [147.9441375728829, -40.79527664254521],
              [147.9335937490626, -40.822086334830615],
              [147.92163086014654, -40.840835570538516],
              [147.9017791747572, -40.863193512451325],
              [147.8760833748934, -40.87874603190496],
              [147.83816528249994, -40.891250609728225],
              [147.80316162106715, -40.89278030381366],
              [147.69879150432484, -40.85736084071702],
              [147.54165649371987, -40.92417144732837],
              [147.35607910068154, -40.97638702315696],
              [147.01705932553855, -40.97610855147668],
              [146.73149108847545, -41.06972503676009],
              [146.5819091794618, -41.151527403951015],
              [146.40541076658673, -41.17166900566095],
              [146.36968994062897, -41.17083740233329],
              [146.2291259768637, -41.16055297832624],
              [146.1931762695002, -41.156940460408144],
              [146.16943359451253, -41.14999389625224],
              [145.87219238295384, -41.042778014491134],
              [145.7513732911017, -40.98777771045878],
              [145.53915405226886, -40.89277649020032],
              [144.98599243182443, -40.74868011529884],
              [144.90389011123582, -40.74111143001795],
              [144.9054718017578, -40.73908233642578],
              [144.9088897705078, -40.73466491699219],
              [144.9157257080078, -40.73202896118164],
              [144.92202758789062, -40.731224060058594],
              [144.9344482421875, -40.73491668701172],
              [144.9413299560547, -40.73411178588867],
              [144.94644165039062, -40.729305267333984],
              [144.9609375, -40.715694427490234],
              [144.97792053222656, -40.710140228271484],
              [144.9923553466797, -40.711971282958984],
              [144.99363708496094, -40.7140007019043],
              [145, -40.716278076171875],
              [145.00094604492188, -40.716609954833984],
              [145.00738525390625, -40.71147155761719],
              [145.0181427001953, -40.70899963378906],
              [145.03436279296875, -40.70914077758789],
              [145.0357208251953, -40.710777282714844],
              [145.03318786621094, -40.71380615234375],
              [145.0399169921875, -40.719276428222656],
              [145.04461669921875, -40.716888427734375],
              [145.04635620117188, -40.717498779296875],
              [145.04705810546875, -40.720611572265625],
              [145.056640625, -40.72019577026367],
              [145.06466674804688, -40.71708297729492],
              [145.05450439453125, -40.70991516113281],
              [145.04075622558594, -40.69211196899414],
              [145.0443878173828, -40.684139251708984],
              [145.03219604492188, -40.68769454956055],
              [145.01866149902344, -40.68724822998047],
              [145.00405883789062, -40.681331634521484],
              [145, -40.67927932739258],
              [144.98818969726562, -40.673362731933594],
              [144.97592163085938, -40.66372299194336],
              [144.95130920410156, -40.63577651977539],
              [144.94886779785156, -40.63711166381836],
              [144.96617126464844, -40.66002655029297],
              [144.96444702148438, -40.66233444213867],
              [144.9636688232422, -40.66238784790039],
              [144.95994567871094, -40.66263961791992],
              [144.9550018310547, -40.657470703125],
              [144.94802856445312, -40.6557502746582],
              [144.93814086914062, -40.65569305419922],
              [144.933837890625, -40.652557373046875],
              [144.93191528320312, -40.64938735961914],
              [144.93414306640625, -40.6429443359375],
              [144.92706298828125, -40.63689041137695],
              [144.9264678955078, -40.62705612182617],
              [144.9175262451172, -40.62950134277344],
              [144.90830993652344, -40.652305603027344],
              [144.90072631835938, -40.66044616699219],
              [144.87181091308594, -40.680416107177734],
              [144.86952209472656, -40.68199920654297],
              [144.86972045898438, -40.7003059387207],
              [144.8726043701172, -40.71183395385742],
              [144.87313842773438, -40.71397399902344],
              [144.8671112060547, -40.724361419677734],
              [144.86856079101562, -40.732582092285156],
              [144.88273029618304, -40.73916079111289],
              [144.7622070319722, -40.728050232369874],
              [144.7013549805382, -40.75917053143098],
              [144.61871337899262, -40.93111038235744]
            ]
          ],
          [
            [
              [144.70191955566406, -40.51244354248047],
              [144.715087890625, -40.51808166503906],
              [144.71786499023438, -40.5214729309082],
              [144.7171630859375, -40.528804779052734],
              [144.72149658203125, -40.534000396728516],
              [144.71946716308594, -40.53769302368164],
              [144.72254943847656, -40.54039001464844],
              [144.72860717773438, -40.55424880981445],
              [144.721923828125, -40.57311248779297],
              [144.7229766845703, -40.579498291015625],
              [144.72813415527344, -40.58194351196289],
              [144.7306365966797, -40.592140197753906],
              [144.73182678222656, -40.59697341918945],
              [144.73788452148438, -40.59894561767578],
              [144.75497436523438, -40.60966491699219],
              [144.76199340820312, -40.60361099243164],
              [144.7703857421875, -40.591835021972656],
              [144.7731170654297, -40.5821647644043],
              [144.76683044433594, -40.55986022949219],
              [144.7694091796875, -40.55613708496094],
              [144.77096557617188, -40.5462760925293],
              [144.7689971923828, -40.540611267089844],
              [144.76974487304688, -40.53486251831055],
              [144.77572631835938, -40.533416748046875],
              [144.78147888183594, -40.525081634521484],
              [144.7808074951172, -40.522361755371094],
              [144.7816619873047, -40.520442962646484],
              [144.78392028808594, -40.515445709228516],
              [144.78741455078125, -40.512638092041016],
              [144.78369140625, -40.50788879394531],
              [144.78472900390625, -40.501251220703125],
              [144.7887725830078, -40.4954719543457],
              [144.78599548339844, -40.49252700805664],
              [144.78964233398438, -40.48308181762695],
              [144.78192138671875, -40.47452926635742],
              [144.78330993652344, -40.47105407714844],
              [144.78659057617188, -40.470333099365234],
              [144.7881622314453, -40.46230697631836],
              [144.78564453125, -40.43511199951172],
              [144.7897491455078, -40.42133331298828],
              [144.78656005859375, -40.41405487060547],
              [144.7873077392578, -40.40789031982422],
              [144.78244018554688, -40.40566635131836],
              [144.7796173095703, -40.41166687011719],
              [144.78196716308594, -40.41636276245117],
              [144.782470703125, -40.41733169555664],
              [144.77952575683594, -40.41988754272461],
              [144.77996826171875, -40.42422103881836],
              [144.773193359375, -40.42866516113281],
              [144.76358032226562, -40.449859619140625],
              [144.7628936767578, -40.45744323730469],
              [144.76844787597656, -40.46352767944336],
              [144.7689208984375, -40.46991729736328],
              [144.76475524902344, -40.470664978027344],
              [144.7610626220703, -40.478721618652344],
              [144.75209045410156, -40.490081787109375],
              [144.7458953857422, -40.49338912963867],
              [144.74169921875, -40.49366760253906],
              [144.73863220214844, -40.49119567871094],
              [144.72792053222656, -40.49272155761719],
              [144.71958923339844, -40.483943939208984],
              [144.7076873779297, -40.48755645751953],
              [144.706298828125, -40.49166488647461],
              [144.71371459960938, -40.5004997253418],
              [144.71327209472656, -40.50666809082031],
              [144.71099853515625, -40.510833740234375],
              [144.70216369628906, -40.51119613647461],
              [144.70191955566406, -40.51244354248047]
            ]
          ],
          [
            [
              [144.83267211914062, -40.4478874206543],
              [144.83392333984375, -40.4496955871582],
              [144.8402557373047, -40.451416015625],
              [144.8472442626953, -40.45563888549805],
              [144.85638427734375, -40.47219467163086],
              [144.8702850341797, -40.47600173950195],
              [144.8729705810547, -40.476749420166016],
              [144.87635803222656, -40.4803352355957],
              [144.8915557861328, -40.4874153137207],
              [144.90972900390625, -40.483890533447266],
              [144.9173126220703, -40.47761154174805],
              [144.9365234375, -40.469276428222656],
              [144.93699645996094, -40.46513748168945],
              [144.9423065185547, -40.46208190917969],
              [144.94863891601562, -40.463584899902344],
              [144.94789123535156, -40.457862854003906],
              [144.9445343017578, -40.45586013793945],
              [144.9450225830078, -40.44258499145508],
              [144.94911193847656, -40.43886184692383],
              [144.95361328125, -40.43947219848633],
              [144.95889282226562, -40.435943603515625],
              [144.96583557128906, -40.42805480957031],
              [144.95291137695312, -40.41638946533203],
              [144.95538330078125, -40.40833282470703],
              [144.95863342285156, -40.40688705444336],
              [144.95077514648438, -40.39491653442383],
              [144.94488525390625, -40.397056579589844],
              [144.9431610107422, -40.400081634521484],
              [144.93783569335938, -40.40085983276367],
              [144.92210388183594, -40.39563751220703],
              [144.91058349609375, -40.40016555786133],
              [144.90333557128906, -40.39730453491211],
              [144.89581298828125, -40.396305084228516],
              [144.8927001953125, -40.391998291015625],
              [144.87930297851562, -40.394500732421875],
              [144.87733459472656, -40.397972106933594],
              [144.88014221191406, -40.40158462524414],
              [144.878662109375, -40.403221130371094],
              [144.87428283691406, -40.40416717529297],
              [144.87303161621094, -40.40444564819336],
              [144.87188720703125, -40.4069709777832],
              [144.8812713623047, -40.41116714477539],
              [144.8812255859375, -40.4189453125],
              [144.86074829101562, -40.43574905395508],
              [144.84825134277344, -40.43825149536133],
              [144.83599853515625, -40.4339714050293],
              [144.8348388671875, -40.43585968017578],
              [144.83914184570312, -40.43669509887695],
              [144.8395538330078, -40.438167572021484],
              [144.837890625, -40.441612243652344],
              [144.8348846435547, -40.441444396972656],
              [144.83267211914062, -40.4478874206543]
            ]
          ],
          [
            [
              [144.91680908203125, -40.61463928222656],
              [144.9196319580078, -40.619388580322266],
              [144.9280242919922, -40.62289047241211],
              [144.92855834960938, -40.623111724853516],
              [144.92967224121094, -40.62358474731445],
              [144.9332733154297, -40.634029388427734],
              [144.94149780273438, -40.627723693847656],
              [144.9451141357422, -40.627445220947266],
              [144.946533203125, -40.6251106262207],
              [144.9352569580078, -40.60883331298828],
              [144.93197631835938, -40.59975051879883],
              [144.9351348876953, -40.59466552734375],
              [144.92578125, -40.582000732421875],
              [144.92022705078125, -40.587806701660156],
              [144.92066955566406, -40.59000015258789],
              [144.92100524902344, -40.59152603149414],
              [144.92164611816406, -40.59466552734375],
              [144.9215545654297, -40.595001220703125],
              [144.91680908203125, -40.61463928222656]
            ]
          ],
          [
            [
              [146.38096618652344, -39.23427963256836],
              [146.38177490234375, -39.2400016784668],
              [146.3835906982422, -39.24119567871094],
              [146.39019775390625, -39.24135971069336],
              [146.39230346679688, -39.23986053466797],
              [146.3933868408203, -39.23810958862305],
              [146.3941650390625, -39.23683166503906],
              [146.3937530517578, -39.235084533691406],
              [146.39378356933594, -39.2320556640625],
              [146.3930206298828, -39.2314453125],
              [146.39080810546875, -39.23119354248047],
              [146.38853454589844, -39.231414794921875],
              [146.38491821289062, -39.23149871826172],
              [146.38096618652344, -39.23427963256836]
            ]
          ],
          [
            [
              [146.64219665527344, -39.47572326660156],
              [146.6431884765625, -39.48350143432617],
              [146.6485595703125, -39.48222351074219],
              [146.653076171875, -39.477027893066406],
              [146.66024780273438, -39.473472595214844],
              [146.662109375, -39.46983337402344],
              [146.66038513183594, -39.46727752685547],
              [146.6532745361328, -39.4692497253418],
              [146.64219665527344, -39.47572326660156]
            ]
          ],
          [
            [
              [146.9778594970703, -39.2361946105957],
              [146.98135375976562, -39.23899841308594],
              [146.9899139404297, -39.2368049621582],
              [146.99652099609375, -39.229331970214844],
              [146.99191284179688, -39.22422409057617],
              [146.99404907226562, -39.21991729736328],
              [146.98536682128906, -39.2133903503418],
              [146.98182678222656, -39.213584899902344],
              [146.98228454589844, -39.221832275390625],
              [146.9788818359375, -39.22888946533203],
              [146.9778594970703, -39.2361946105957]
            ]
          ],
          [
            [
              [147.26202392578125, -39.48186111450195],
              [147.26669311523438, -39.48555374145508],
              [147.27200317382812, -39.48516845703125],
              [147.27915954589844, -39.47949981689453],
              [147.2836151123047, -39.47886276245117],
              [147.2888641357422, -39.483028411865234],
              [147.29360961914062, -39.48102951049805],
              [147.29905700683594, -39.47305679321289],
              [147.29644775390625, -39.46961212158203],
              [147.29232788085938, -39.46841812133789],
              [147.28578186035156, -39.47202682495117],
              [147.2816619873047, -39.47105407714844],
              [147.275146484375, -39.47352600097656],
              [147.26202392578125, -39.48186111450195]
            ]
          ],
          [
            [
              [147.27755737304688, -39.44974899291992],
              [147.28314208984375, -39.45255661010742],
              [147.29153442382812, -39.463165283203125],
              [147.29708862304688, -39.465946197509766],
              [147.30064392089844, -39.465972900390625],
              [147.30160522460938, -39.45980453491211],
              [147.30780029296875, -39.45919418334961],
              [147.30377197265625, -39.45183181762695],
              [147.30596923828125, -39.44361114501953],
              [147.29153442382812, -39.44255447387695],
              [147.2879180908203, -39.44916534423828],
              [147.27847290039062, -39.44791793823242],
              [147.27755737304688, -39.44974899291992]
            ]
          ],
          [
            [
              [147.3054656982422, -39.47724914550781],
              [147.3094482421875, -39.48711013793945],
              [147.31536865234375, -39.486026763916016],
              [147.318115234375, -39.5],
              [147.32333374023438, -39.50669479370117],
              [147.32949829101562, -39.50880432128906],
              [147.3321990966797, -39.50541687011719],
              [147.33291625976562, -39.496944427490234],
              [147.3353271484375, -39.49399948120117],
              [147.34181213378906, -39.493831634521484],
              [147.35174560546875, -39.500083923339844],
              [147.3548126220703, -39.494388580322266],
              [147.35516357421875, -39.489139556884766],
              [147.3596649169922, -39.48369598388672],
              [147.3491668701172, -39.47511291503906],
              [147.35214233398438, -39.472862243652344],
              [147.3625030517578, -39.47158432006836],
              [147.36399841308594, -39.46977615356445],
              [147.36314392089844, -39.467918395996094],
              [147.35227966308594, -39.46324920654297],
              [147.34344482421875, -39.46294403076172],
              [147.34063720703125, -39.45286178588867],
              [147.33558654785156, -39.45486068725586],
              [147.32899475097656, -39.46188735961914],
              [147.325439453125, -39.46208190917969],
              [147.3240203857422, -39.458194732666016],
              [147.3209991455078, -39.4599723815918],
              [147.32015991210938, -39.460445404052734],
              [147.31260681152344, -39.47297286987305],
              [147.312255859375, -39.4773063659668],
              [147.3054656982422, -39.47724914550781]
            ]
          ],
          [
            [
              [147.67066955566406, -39.68899917602539],
              [147.6765594482422, -39.692222595214844],
              [147.68215942382812, -39.69158172607422],
              [147.6866455078125, -39.688194274902344],
              [147.6837158203125, -39.68541717529297],
              [147.67453002929688, -39.686279296875],
              [147.67066955566406, -39.68899917602539]
            ]
          ],
          [
            [
              [147.72328186035156, -40.09422302246094],
              [147.72410583496094, -40.10530471801758],
              [147.7291717529297, -40.106361389160156],
              [147.73875427246094, -40.101776123046875],
              [147.74624633789062, -40.10239028930664],
              [147.7537841796875, -40.09794616699219],
              [147.759033203125, -40.0849723815918],
              [147.75625610351562, -40.081275939941406],
              [147.7556610107422, -40.07369613647461],
              [147.7624969482422, -40.06575012207031],
              [147.7665252685547, -40.058555603027344],
              [147.77169799804688, -40.05577850341797],
              [147.7742156982422, -40.05122375488281],
              [147.78375244140625, -40.04569625854492],
              [147.7743682861328, -40.036582946777344],
              [147.77330017089844, -40.02836227416992],
              [147.77072143554688, -40.02688980102539],
              [147.76275634765625, -40.0307502746582],
              [147.76089477539062, -40.044498443603516],
              [147.75595092773438, -40.05555725097656],
              [147.75318908691406, -40.05758285522461],
              [147.75274658203125, -40.06269454956055],
              [147.7490234375, -40.06794357299805],
              [147.7457733154297, -40.068721771240234],
              [147.74435424804688, -40.07197189331055],
              [147.74386596679688, -40.07644271850586],
              [147.74745178222656, -40.079776763916016],
              [147.74716186523438, -40.081695556640625],
              [147.7332000732422, -40.089027404785156],
              [147.72328186035156, -40.09422302246094]
            ]
          ],
          [
            [
              [147.749755859375, -39.87519454956055],
              [147.7544403076172, -39.879581451416016],
              [147.75613403320312, -39.88894271850586],
              [147.7677001953125, -39.89086151123047],
              [147.7696075439453, -39.8922233581543],
              [147.7774200439453, -39.89777755737305],
              [147.79371643066406, -39.90174865722656],
              [147.79930114746094, -39.90680694580078],
              [147.80133056640625, -39.91344451904297],
              [147.8054656982422, -39.915748596191406],
              [147.81080627441406, -39.91577911376953],
              [147.82394409179688, -39.90625],
              [147.83375549316406, -39.90308380126953],
              [147.8524932861328, -39.8974723815918],
              [147.86080932617188, -39.89841842651367],
              [147.8713836669922, -39.90739059448242],
              [147.87997436523438, -39.91177749633789],
              [147.88705444335938, -39.91866683959961],
              [147.8924102783203, -39.92774963378906],
              [147.89466857910156, -39.93152618408203],
              [147.90835571289062, -39.97044372558594],
              [147.90261840820312, -39.98347091674805],
              [147.90402221679688, -39.99147033691406],
              [147.89321899414062, -40],
              [147.8928680419922, -40.00114059448242],
              [147.89186096191406, -40.00164031982422],
              [147.8834228515625, -40.005916595458984],
              [147.8814697265625, -40.011722564697266],
              [147.87757873535156, -40.01555633544922],
              [147.87136840820312, -40.016056060791016],
              [147.86813354492188, -40.012779235839844],
              [147.86300659179688, -40.01552963256836],
              [147.8612823486328, -40.02019500732422],
              [147.85475158691406, -40.02436065673828],
              [147.85728454589844, -40.02630615234375],
              [147.8714141845703, -40.024776458740234],
              [147.87791442871094, -40.027915954589844],
              [147.8887176513672, -40.03705596923828],
              [147.89828491210938, -40.04097366333008],
              [147.9046173095703, -40.034278869628906],
              [147.91525268554688, -40.03333282470703],
              [147.9311065673828, -40.038360595703125],
              [147.9365234375, -40.04291534423828],
              [147.9391632080078, -40.04827880859375],
              [147.94747924804688, -40.06510925292969],
              [147.95164489746094, -40.08460998535156],
              [147.9506072998047, -40.10213851928711],
              [147.96124267578125, -40.09333419799805],
              [147.95919799804688, -40.08952713012695],
              [147.95480346679688, -40.089637756347656],
              [147.9530029296875, -40.087501525878906],
              [147.9531707763672, -40.08430480957031],
              [147.95953369140625, -40.078529357910156],
              [147.96356201171875, -40.08063888549805],
              [147.96685791015625, -40.084835052490234],
              [147.96755981445312, -40.090057373046875],
              [147.97116088867188, -40.09058380126953],
              [147.9784698486328, -40.096221923828125],
              [147.98558044433594, -40.095890045166016],
              [147.9914093017578, -40.101806640625],
              [147.99282836914062, -40.1083869934082],
              [148.0026397705078, -40.1081657409668],
              [148.00596618652344, -40.11283493041992],
              [148.0086669921875, -40.11661148071289],
              [148.0137176513672, -40.13172149658203],
              [148.01516723632812, -40.14263916015625],
              [148.01414489746094, -40.159584045410156],
              [148.0137176513672, -40.16630554199219],
              [148.0153350830078, -40.175140380859375],
              [148.03497314453125, -40.1973876953125],
              [148.0391082763672, -40.204750061035156],
              [148.03994750976562, -40.211360931396484],
              [148.03961181640625, -40.21247100830078],
              [148.0384979248047, -40.215999603271484],
              [148.03179931640625, -40.221805572509766],
              [148.0264129638672, -40.221832275390625],
              [148.02255249023438, -40.21811294555664],
              [148.0224151611328, -40.22774887084961],
              [148.02755737304688, -40.2361946105957],
              [148.0311737060547, -40.23283386230469],
              [148.03721618652344, -40.23369598388672],
              [148.04141235351562, -40.24174880981445],
              [148.04100036621094, -40.25138854980469],
              [148.04425048828125, -40.254695892333984],
              [148.05014038085938, -40.253501892089844],
              [148.0585479736328, -40.254249572753906],
              [148.0640869140625, -40.26361083984375],
              [148.06785583496094, -40.26252746582031],
              [148.083251953125, -40.268001556396484],
              [148.08819580078125, -40.27397155761719],
              [148.09194946289062, -40.272193908691406],
              [148.09307861328125, -40.26777648925781],
              [148.0961456298828, -40.2686653137207],
              [148.10716247558594, -40.27194595336914],
              [148.11241149902344, -40.27763748168945],
              [148.1202850341797, -40.27888870239258],
              [148.12615966796875, -40.27402877807617],
              [148.130859375, -40.27288818359375],
              [148.13394165039062, -40.274112701416016],
              [148.13671875, -40.2714729309082],
              [148.14686584472656, -40.27122116088867],
              [148.1496124267578, -40.26811218261719],
              [148.1544647216797, -40.26927947998047],
              [148.15834045410156, -40.265193939208984],
              [148.16159057617188, -40.264583587646484],
              [148.1647491455078, -40.2593879699707],
              [148.16844177246094, -40.257137298583984],
              [148.17303466796875, -40.258304595947266],
              [148.1781463623047, -40.25508499145508],
              [148.1826629638672, -40.255584716796875],
              [148.1848602294922, -40.25230407714844],
              [148.18215942382812, -40.2507209777832],
              [148.1820526123047, -40.24802780151367],
              [148.1903076171875, -40.239166259765625],
              [148.1878662109375, -40.23102951049805],
              [148.19424438476562, -40.224998474121094],
              [148.20877075195312, -40.21652603149414],
              [148.20997619628906, -40.21644592285156],
              [148.2136993408203, -40.21619415283203],
              [148.23135375976562, -40.21500015258789],
              [148.23974609375, -40.2193603515625],
              [148.24655151367188, -40.21666717529297],
              [148.2528076171875, -40.21772384643555],
              [148.25572204589844, -40.21586227416992],
              [148.26553344726562, -40.22022247314453],
              [148.2669219970703, -40.222442626953125],
              [148.26991271972656, -40.222557067871094],
              [148.26800537109375, -40.23202896118164],
              [148.27000427246094, -40.23466491699219],
              [148.27342224121094, -40.23611068725586],
              [148.28416442871094, -40.23627853393555],
              [148.3136444091797, -40.227779388427734],
              [148.32492065429688, -40.220306396484375],
              [148.3330535888672, -40.21474838256836],
              [148.32850646972656, -40.20314025878906],
              [148.3153839111328, -40.18391799926758],
              [148.3083038330078, -40.15952682495117],
              [148.29168701171875, -40.11750030517578],
              [148.28858947753906, -40.103389739990234],
              [148.28663635253906, -40.09461212158203],
              [148.28457641601562, -40.085304260253906],
              [148.2816925048828, -40.08658218383789],
              [148.28050231933594, -40.09688949584961],
              [148.27996826171875, -40.10155487060547],
              [148.28219604492188, -40.11772155761719],
              [148.275146484375, -40.122859954833984],
              [148.25930786132812, -40.125],
              [148.25656127929688, -40.125362396240234],
              [148.25131225585938, -40.13019561767578],
              [148.24661254882812, -40.13111114501953],
              [148.23883056640625, -40.12736129760742],
              [148.23211669921875, -40.132720947265625],
              [148.22813415527344, -40.131526947021484],
              [148.2211151123047, -40.12591552734375],
              [148.22413635253906, -40.122806549072266],
              [148.23797607421875, -40.10564041137695],
              [148.2514190673828, -40.10247039794922],
              [148.26808166503906, -40.09480667114258],
              [148.2764129638672, -40.087528228759766],
              [148.27761840820312, -40.083805084228516],
              [148.28147888183594, -40.08019256591797],
              [148.28457641601562, -40.07086181640625],
              [148.28411865234375, -40.050498962402344],
              [148.27780151367188, -40.021026611328125],
              [148.27793884277344, -40.01927947998047],
              [148.27932739257812, -40],
              [148.2850799560547, -39.99366760253906],
              [148.2848663330078, -39.992637634277344],
              [148.29441833496094, -39.97319412231445],
              [148.29444885253906, -39.96452713012695],
              [148.28402709960938, -39.96380615234375],
              [148.2736358642578, -39.96769332885742],
              [148.25491333007812, -39.96491622924805],
              [148.2119140625, -39.94722366333008],
              [148.20091247558594, -39.94947052001953],
              [148.1875762939453, -39.94852828979492],
              [148.18222045898438, -39.95194625854492],
              [148.18014526367188, -39.951499938964844],
              [148.1798553466797, -39.944862365722656],
              [148.1792755126953, -39.94075012207031],
              [148.16921997070312, -39.930442810058594],
              [148.15916442871094, -39.9230842590332],
              [148.14227294921875, -39.91205596923828],
              [148.13607788085938, -39.90358352661133],
              [148.12957763671875, -39.900360107421875],
              [148.12155151367188, -39.90080642700195],
              [148.1171417236328, -39.896915435791016],
              [148.12722778320312, -39.89672088623047],
              [148.12489318847656, -39.89052963256836],
              [148.11514282226562, -39.87813949584961],
              [148.07113647460938, -39.838443756103516],
              [148.0572509765625, -39.828582763671875],
              [148.04513549804688, -39.8182487487793],
              [148.02542114257812, -39.793914794921875],
              [148.00802612304688, -39.78036117553711],
              [148.003173828125, -39.77750015258789],
              [147.9909210205078, -39.77024841308594],
              [147.98355102539062, -39.76197052001953],
              [147.9629669189453, -39.73810958862305],
              [147.95941162109375, -39.738304138183594],
              [147.95970153808594, -39.742889404296875],
              [147.9667510986328, -39.748165130615234],
              [147.9725799560547, -39.76077651977539],
              [147.9796905517578, -39.76150131225586],
              [147.98439025878906, -39.77180480957031],
              [147.9897003173828, -39.77641677856445],
              [147.9852294921875, -39.77752685546875],
              [147.98049926757812, -39.77547073364258],
              [147.9770050048828, -39.76766586303711],
              [147.9711151123047, -39.76444625854492],
              [147.97132873535156, -39.77497100830078],
              [147.96897888183594, -39.774723052978516],
              [147.96434020996094, -39.76560974121094],
              [147.9598846435547, -39.75686264038086],
              [147.9611053466797, -39.75114059448242],
              [147.95550537109375, -39.747222900390625],
              [147.9558868408203, -39.73372268676758],
              [147.96063232421875, -39.72916793823242],
              [147.95947265625, -39.72758483886719],
              [147.95208740234375, -39.727779388427734],
              [147.94410705566406, -39.721553802490234],
              [147.939697265625, -39.72200012207031],
              [147.93553161621094, -39.72633361816406],
              [147.9327850341797, -39.73613739013672],
              [147.9289093017578, -39.739112854003906],
              [147.9197235107422, -39.739749908447266],
              [147.91586303710938, -39.74522399902344],
              [147.89566040039062, -39.75313949584961],
              [147.8831329345703, -39.76475143432617],
              [147.8739776611328, -39.76013946533203],
              [147.866943359375, -39.75047302246094],
              [147.86192321777344, -39.749305725097656],
              [147.85836791992188, -39.75180435180664],
              [147.8500518798828, -39.752471923828125],
              [147.84767150878906, -39.75541687011719],
              [147.85264587402344, -39.76344299316406],
              [147.8600311279297, -39.76738739013672],
              [147.8661651611328, -39.774723052978516],
              [147.8667449951172, -39.778167724609375],
              [147.8646697998047, -39.780887603759766],
              [147.8681640625, -39.785945892333984],
              [147.8582763671875, -39.79916763305664],
              [147.84906005859375, -39.80369567871094],
              [147.84222412109375, -39.809139251708984],
              [147.84100341796875, -39.813472747802734],
              [147.84628295898438, -39.81877899169922],
              [147.84652709960938, -39.825164794921875],
              [147.84521484375, -39.82775115966797],
              [147.84080505371094, -39.836360931396484],
              [147.82955932617188, -39.834251403808594],
              [147.82569885253906, -39.83491516113281],
              [147.822998046875, -39.837860107421875],
              [147.81472778320312, -39.835750579833984],
              [147.8031463623047, -39.839359283447266],
              [147.79922485351562, -39.846195220947266],
              [147.7893829345703, -39.85255432128906],
              [147.77989196777344, -39.85272216796875],
              [147.77572631835938, -39.85499954223633],
              [147.76910400390625, -39.86547088623047],
              [147.7548370361328, -39.871334075927734],
              [147.749755859375, -39.87519454956055]
            ]
          ],
          [
            [
              [147.7794952392578, -40.30158233642578],
              [147.78334045410156, -40.301612854003906],
              [147.78453063964844, -40.30430603027344],
              [147.78863525390625, -40.304832458496094],
              [147.7931365966797, -40.31597137451172],
              [147.79885864257812, -40.319637298583984],
              [147.7953643798828, -40.31072235107422],
              [147.79513549804688, -40.299720764160156],
              [147.7929229736328, -40.298526763916016],
              [147.78469848632812, -40.300140380859375],
              [147.78024291992188, -40.298500061035156],
              [147.7794952392578, -40.30158233642578]
            ]
          ],
          [
            [
              [147.83433532714844, -40.308082580566406],
              [147.8500213623047, -40.31013870239258],
              [147.8538360595703, -40.31294631958008],
              [147.84930419921875, -40.316139221191406],
              [147.8516387939453, -40.31947326660156],
              [147.84432983398438, -40.32552719116211],
              [147.84568786621094, -40.327972412109375],
              [147.85769653320312, -40.32447052001953],
              [147.8630828857422, -40.32447052001953],
              [147.8673095703125, -40.32863998413086],
              [147.87167358398438, -40.327056884765625],
              [147.8763885498047, -40.33027648925781],
              [147.88143920898438, -40.329833984375],
              [147.8913116455078, -40.325748443603516],
              [147.892578125, -40.32291793823242],
              [147.8986053466797, -40.32358169555664],
              [147.90086364746094, -40.32164001464844],
              [147.90097045898438, -40.31133270263672],
              [147.9042205810547, -40.30705642700195],
              [147.90428161621094, -40.30577850341797],
              [147.9044189453125, -40.30177688598633],
              [147.9032440185547, -40.29816818237305],
              [147.9007568359375, -40.29666519165039],
              [147.8953857421875, -40.29713821411133],
              [147.89236450195312, -40.30438995361328],
              [147.8860321044922, -40.30741500854492],
              [147.88064575195312, -40.30741500854492],
              [147.87425231933594, -40.309776306152344],
              [147.86883544921875, -40.30955505371094],
              [147.86439514160156, -40.30219268798828],
              [147.85372924804688, -40.30335998535156],
              [147.847412109375, -40.299278259277344],
              [147.84490966796875, -40.29777908325195],
              [147.84120178222656, -40.29977798461914],
              [147.8361358642578, -40.29655456542969],
              [147.8376922607422, -40.30130386352539],
              [147.83433532714844, -40.308082580566406]
            ]
          ],
          [
            [
              [147.8822784423828, -40.09886169433594],
              [147.88458251953125, -40.1037483215332],
              [147.88282775878906, -40.10588836669922],
              [147.8832244873047, -40.110862731933594],
              [147.88633728027344, -40.111305236816406],
              [147.88897705078125, -40.10619354248047],
              [147.88880920410156, -40.09914016723633],
              [147.8822784423828, -40.09886169433594]
            ]
          ],
          [
            [
              [147.88705444335938, -40.194053649902344],
              [147.88983154296875, -40.19541549682617],
              [147.88966369628906, -40.198055267333984],
              [147.8927001953125, -40.19761276245117],
              [147.8934783935547, -40.19347381591797],
              [147.89646911621094, -40.189918518066406],
              [147.9044647216797, -40.189109802246094],
              [147.9082489013672, -40.191444396972656],
              [147.91213989257812, -40.19172286987305],
              [147.9125518798828, -40.18919372558594],
              [147.90663146972656, -40.186248779296875],
              [147.90663146972656, -40.1823616027832],
              [147.9027557373047, -40.18183517456055],
              [147.89144897460938, -40.18647384643555],
              [147.88705444335938, -40.194053649902344]
            ]
          ],
          [
            [
              [147.88755798339844, -39.6870002746582],
              [147.88888549804688, -39.704166412353516],
              [147.8914794921875, -39.7054443359375],
              [147.8930206298828, -39.70622253417969],
              [147.90219116210938, -39.70558166503906],
              [147.909912109375, -39.70083236694336],
              [147.91319274902344, -39.70061111450195],
              [147.9187774658203, -39.70519256591797],
              [147.9261932373047, -39.703861236572266],
              [147.9332733154297, -39.70527648925781],
              [147.94839477539062, -39.70122146606445],
              [147.94546508789062, -39.69847106933594],
              [147.9351348876953, -39.69408416748047],
              [147.92835998535156, -39.68855667114258],
              [147.91650390625, -39.69261169433594],
              [147.909423828125, -39.692359924316406],
              [147.9011993408203, -39.68316650390625],
              [147.89552307128906, -39.68658447265625],
              [147.88755798339844, -39.6870002746582]
            ]
          ],
          [
            [
              [147.90682983398438, -40.28266525268555],
              [147.91085815429688, -40.284305572509766],
              [147.9146728515625, -40.28322219848633],
              [147.91741943359375, -40.28791809082031],
              [147.92416381835938, -40.28647232055664],
              [147.9330291748047, -40.27691650390625],
              [147.9337158203125, -40.27458190917969],
              [147.9292755126953, -40.26333236694336],
              [147.9259796142578, -40.263248443603516],
              [147.9224395751953, -40.268001556396484],
              [147.91741943359375, -40.26822280883789],
              [147.91297912597656, -40.27277755737305],
              [147.91390991210938, -40.277305603027344],
              [147.90682983398438, -40.28266525268555]
            ]
          ],
          [
            [
              [147.9649200439453, -39.66377639770508],
              [147.9663543701172, -39.66583251953125],
              [147.97021484375, -39.666526794433594],
              [147.9850311279297, -39.66225051879883],
              [147.99241638183594, -39.66319274902344],
              [148.0034942626953, -39.6568603515625],
              [148.01466369628906, -39.65047073364258],
              [148.0164794921875, -39.648193359375],
              [148.01177978515625, -39.64130401611328],
              [148.00643920898438, -39.638999938964844],
              [148.00308227539062, -39.63919448852539],
              [148.0014190673828, -39.640140533447266],
              [147.99485778808594, -39.64741516113281],
              [147.9866180419922, -39.64694595336914],
              [147.98338317871094, -39.63936233520508],
              [147.98072814941406, -39.640499114990234],
              [147.9771728515625, -39.643917083740234],
              [147.983642578125, -39.64875030517578],
              [147.98361206054688, -39.65127944946289],
              [147.9815216064453, -39.65491485595703],
              [147.9667205810547, -39.65852737426758],
              [147.9649200439453, -39.66377639770508]
            ]
          ],
          [
            [
              [147.97003173828125, -40.18255615234375],
              [147.97413635253906, -40.190528869628906],
              [147.97071838378906, -40.19633483886719],
              [147.9717254638672, -40.198944091796875],
              [147.97433471679688, -40.19822311401367],
              [147.97653198242188, -40.194557189941406],
              [147.9831085205078, -40.1908073425293],
              [147.97027587890625, -40.176082611083984],
              [147.97003173828125, -40.18255615234375]
            ]
          ],
          [
            [
              [147.9781951904297, -40.37016677856445],
              [147.9798583984375, -40.37239074707031],
              [147.98422241210938, -40.370582580566406],
              [147.99183654785156, -40.37230682373047],
              [147.99729919433594, -40.36952590942383],
              [148.0039520263672, -40.370361328125],
              [148.0133056640625, -40.36741638183594],
              [148.0211639404297, -40.36088943481445],
              [148.02183532714844, -40.357887268066406],
              [148.0187530517578, -40.35663986206055],
              [148.0128936767578, -40.358055114746094],
              [148.00677490234375, -40.35672378540039],
              [148.00205993652344, -40.357418060302734],
              [147.9884796142578, -40.36741638183594],
              [147.98391723632812, -40.366695404052734],
              [147.97950744628906, -40.36780548095703],
              [147.9781951904297, -40.37016677856445]
            ]
          ],
          [
            [
              [147.98110961914062, -40.407833099365234],
              [147.9866943359375, -40.41011047363281],
              [147.98513793945312, -40.424835205078125],
              [147.98785400390625, -40.426387786865234],
              [147.99110412597656, -40.42822265625],
              [147.9949493408203, -40.427581787109375],
              [147.996826171875, -40.42499923706055],
              [148.01133728027344, -40.4188346862793],
              [148.02186584472656, -40.422943115234375],
              [148.02993774414062, -40.43080520629883],
              [148.02590942382812, -40.43283462524414],
              [148.0261688232422, -40.43602752685547],
              [148.0366668701172, -40.436222076416016],
              [148.0416717529297, -40.43852615356445],
              [148.04339599609375, -40.4414176940918],
              [148.03903198242188, -40.44710922241211],
              [148.04458618164062, -40.45305633544922],
              [148.05047607421875, -40.455528259277344],
              [148.05580139160156, -40.454612731933594],
              [148.05813598632812, -40.45769500732422],
              [148.06741333007812, -40.45750045776367],
              [148.07330322265625, -40.45975112915039],
              [148.0792999267578, -40.45994567871094],
              [148.08311462402344, -40.462276458740234],
              [148.0870819091797, -40.456138610839844],
              [148.1102294921875, -40.452999114990234],
              [148.11981201171875, -40.445220947265625],
              [148.12794494628906, -40.445777893066406],
              [148.1335906982422, -40.448944091796875],
              [148.13864135742188, -40.455806732177734],
              [148.1407012939453, -40.45914077758789],
              [148.13922119140625, -40.463111877441406],
              [148.1434783935547, -40.4636116027832],
              [148.14877319335938, -40.45899963378906],
              [148.1466064453125, -40.45427703857422],
              [148.15249633789062, -40.45310974121094],
              [148.15895080566406, -40.45486068725586],
              [148.1715850830078, -40.4515266418457],
              [148.1781463623047, -40.45144271850586],
              [148.1822509765625, -40.446414947509766],
              [148.19102478027344, -40.443084716796875],
              [148.19183349609375, -40.442779541015625],
              [148.19546508789062, -40.44305419921875],
              [148.20355224609375, -40.44680404663086],
              [148.20652770996094, -40.45375061035156],
              [148.21469116210938, -40.46208190917969],
              [148.21461486816406, -40.46849822998047],
              [148.22410583496094, -40.47080612182617],
              [148.2357177734375, -40.46636199951172],
              [148.2384490966797, -40.46277618408203],
              [148.24607849121094, -40.46083450317383],
              [148.25721740722656, -40.45066833496094],
              [148.27088928222656, -40.441749572753906],
              [148.2728271484375, -40.43616485595703],
              [148.28341674804688, -40.433834075927734],
              [148.28988647460938, -40.439693450927734],
              [148.29811096191406, -40.43747329711914],
              [148.30172729492188, -40.43408203125],
              [148.30592346191406, -40.434112548828125],
              [148.3095245361328, -40.4341926574707],
              [148.3130340576172, -40.436527252197266],
              [148.3290252685547, -40.46277618408203],
              [148.3348846435547, -40.47236251831055],
              [148.334228515625, -40.48225021362305],
              [148.33599853515625, -40.48925018310547],
              [148.34164428710938, -40.49563980102539],
              [148.34902954101562, -40.497806549072266],
              [148.35025024414062, -40.4947509765625],
              [148.35760498046875, -40.48958206176758],
              [148.3596954345703, -40.4855842590332],
              [148.3714141845703, -40.482276916503906],
              [148.38516235351562, -40.48527908325195],
              [148.38792419433594, -40.49313735961914],
              [148.3961181640625, -40.494140625],
              [148.4001922607422, -40.48149871826172],
              [148.40371704101562, -40.470611572265625],
              [148.41566467285156, -40.46641540527344],
              [148.42355346679688, -40.467803955078125],
              [148.42724609375, -40.47219467163086],
              [148.43028259277344, -40.46908187866211],
              [148.43405151367188, -40.46063995361328],
              [148.43292236328125, -40.45772171020508],
              [148.428466796875, -40.4549446105957],
              [148.43746948242188, -40.44441604614258],
              [148.4451141357422, -40.44244384765625],
              [148.4481964111328, -40.4426383972168],
              [148.4516143798828, -40.442832946777344],
              [148.4532470703125, -40.44294357299805],
              [148.45460510253906, -40.4449462890625],
              [148.46755981445312, -40.4454460144043],
              [148.4722442626953, -40.447750091552734],
              [148.4784393310547, -40.44330596923828],
              [148.48056030273438, -40.43975067138672],
              [148.4772186279297, -40.43602752685547],
              [148.47047424316406, -40.43752670288086],
              [148.465087890625, -40.434112548828125],
              [148.45736694335938, -40.424415588378906],
              [148.45701599121094, -40.42241668701172],
              [148.45701599121094, -40.420166015625],
              [148.45655822753906, -40.417911529541016],
              [148.4554443359375, -40.41565704345703],
              [148.45362854003906, -40.41408157348633],
              [148.45138549804688, -40.41228103637695],
              [148.4495849609375, -40.411376953125],
              [148.44822692871094, -40.41047668457031],
              [148.44552612304688, -40.4098014831543],
              [148.44259643554688, -40.409576416015625],
              [148.4412384033203, -40.41025161743164],
              [148.43966674804688, -40.410701751708984],
              [148.43853759765625, -40.410701751708984],
              [148.43763732910156, -40.41002655029297],
              [148.43719482421875, -40.40867614746094],
              [148.43673706054688, -40.4068717956543],
              [148.43673706054688, -40.40484619140625],
              [148.43606567382812, -40.40326690673828],
              [148.43470764160156, -40.402591705322266],
              [148.43313598632812, -40.401466369628906],
              [148.43150329589844, -40.40039825439453],
              [148.430419921875, -40.399269104003906],
              [148.42999267578125, -40.3972282409668],
              [148.42994689941406, -40.39545440673828],
              [148.430419921875, -40.39356994628906],
              [148.43133544921875, -40.391258239746094],
              [148.43223571777344, -40.389522552490234],
              [148.4340362548828, -40.387046813964844],
              [148.43470764160156, -40.38591766357422],
              [148.4369659423828, -40.38456726074219],
              [148.4387664794922, -40.38479232788086],
              [148.44012451171875, -40.38479232788086],
              [148.44056701660156, -40.38591766357422],
              [148.44102478027344, -40.38772201538086],
              [148.44102478027344, -40.394256591796875],
              [148.442138671875, -40.39493179321289],
              [148.4437255859375, -40.39515686035156],
              [148.445068359375, -40.39448165893555],
              [148.44529724121094, -40.392452239990234],
              [148.44552612304688, -40.39065170288086],
              [148.4457550048828, -40.38884735107422],
              [148.44642639160156, -40.387271881103516],
              [148.44778442382812, -40.386146545410156],
              [148.44822692871094, -40.38501739501953],
              [148.4486846923828, -40.383216857910156],
              [148.44845581054688, -40.38163757324219],
              [148.44778442382812, -40.380062103271484],
              [148.44688415527344, -40.37803268432617],
              [148.44552612304688, -40.377132415771484],
              [148.4428253173828, -40.377132415771484],
              [148.4407958984375, -40.3778076171875],
              [148.44033813476562, -40.37871170043945],
              [148.43899536132812, -40.37961196899414],
              [148.43763732910156, -40.37983703613281],
              [148.43650817871094, -40.380287170410156],
              [148.4358367919922, -40.380287170410156],
              [148.431396484375, -40.37989044189453],
              [148.42222595214844, -40.37758255004883],
              [148.40879821777344, -40.38188934326172],
              [148.40655517578125, -40.37649917602539],
              [148.38235473632812, -40.35227966308594],
              [148.37380981445312, -40.35016632080078],
              [148.3705596923828, -40.34733200073242],
              [148.364501953125, -40.346500396728516],
              [148.36280822753906, -40.33327865600586],
              [148.36024475097656, -40.32791519165039],
              [148.3477783203125, -40.3253059387207],
              [148.34458923339844, -40.31949996948242],
              [148.3439483642578, -40.311527252197266],
              [148.34022521972656, -40.308555603027344],
              [148.3352813720703, -40.30461120605469],
              [148.3302001953125, -40.297916412353516],
              [148.32803344726562, -40.3072509765625],
              [148.32150268554688, -40.307804107666016],
              [148.31622314453125, -40.3165283203125],
              [148.3070526123047, -40.317665100097656],
              [148.2980499267578, -40.32841491699219],
              [148.28964233398438, -40.32400131225586],
              [148.28250122070312, -40.324806213378906],
              [148.27655029296875, -40.32899856567383],
              [148.2681884765625, -40.33991622924805],
              [148.26327514648438, -40.34199905395508],
              [148.25917053222656, -40.34288787841797],
              [148.2542724609375, -40.34197235107422],
              [148.25013732910156, -40.33897399902344],
              [148.244384765625, -40.337860107421875],
              [148.2402801513672, -40.33163833618164],
              [148.23355102539062, -40.337223052978516],
              [148.22593688964844, -40.335750579833984],
              [148.2234649658203, -40.32716751098633],
              [148.21661376953125, -40.32749938964844],
              [148.21275329589844, -40.32402801513672],
              [148.2091064453125, -40.32350158691406],
              [148.20774841308594, -40.32538986206055],
              [148.20933532714844, -40.33013916015625],
              [148.205810546875, -40.345664978027344],
              [148.1971893310547, -40.35752868652344],
              [148.18994140625, -40.3603630065918],
              [148.18685913085938, -40.355472564697266],
              [148.18014526367188, -40.35008239746094],
              [148.17538452148438, -40.350528717041016],
              [148.17236328125, -40.3536376953125],
              [148.1624755859375, -40.353668212890625],
              [148.1563262939453, -40.34797286987305],
              [148.1492462158203, -40.34947204589844],
              [148.142578125, -40.348388671875],
              [148.14036560058594, -40.3466682434082],
              [148.1397247314453, -40.34236145019531],
              [148.1288604736328, -40.34513854980469],
              [148.1239471435547, -40.34355545043945],
              [148.1159210205078, -40.34780502319336],
              [148.10494995117188, -40.3489990234375],
              [148.10150146484375, -40.347110748291016],
              [148.09161376953125, -40.35077667236328],
              [148.08355712890625, -40.35091781616211],
              [148.0782470703125, -40.34452819824219],
              [148.0743865966797, -40.35272216796875],
              [148.06655883789062, -40.35558319091797],
              [148.06419372558594, -40.35822296142578],
              [148.05886840820312, -40.364192962646484],
              [148.05055236816406, -40.36527633666992],
              [148.04905700683594, -40.36122131347656],
              [148.0375518798828, -40.363582611083984],
              [148.0303955078125, -40.3675537109375],
              [148.02841186523438, -40.37291717529297],
              [148.02349853515625, -40.375221252441406],
              [148.0211639404297, -40.37233352661133],
              [148.004638671875, -40.3829460144043],
              [147.99790954589844, -40.381195068359375],
              [147.986328125, -40.390193939208984],
              [147.98316955566406, -40.39561080932617],
              [147.988525390625, -40.39925003051758],
              [147.9859161376953, -40.40394592285156],
              [147.98110961914062, -40.407833099365234]
            ]
          ],
          [
            [
              [148.0449981689453, -40.477333068847656],
              [148.04730224609375, -40.47997283935547],
              [148.06134033203125, -40.486637115478516],
              [148.0645294189453, -40.4853630065918],
              [148.06842041015625, -40.487220764160156],
              [148.0741424560547, -40.494720458984375],
              [148.0806884765625, -40.49422073364258],
              [148.06863403320312, -40.48036193847656],
              [148.0602569580078, -40.47661209106445],
              [148.05636596679688, -40.473140716552734],
              [148.05152893066406, -40.47633361816406],
              [148.0449981689453, -40.477333068847656]
            ]
          ],
          [
            [
              [148.09344482421875, -40.535804748535156],
              [148.09536743164062, -40.54100036621094],
              [148.1048126220703, -40.54261016845703],
              [148.11183166503906, -40.54069519042969],
              [148.1192169189453, -40.54286193847656],
              [148.11769104003906, -40.54661178588867],
              [148.1151885986328, -40.55266571044922],
              [148.11717224121094, -40.55463790893555],
              [148.1134490966797, -40.5607795715332],
              [148.1114501953125, -40.56936264038086],
              [148.1217803955078, -40.57491683959961],
              [148.12405395507812, -40.57791519165039],
              [148.12693786621094, -40.571834564208984],
              [148.13377380371094, -40.57083511352539],
              [148.13853454589844, -40.57380676269531],
              [148.1464385986328, -40.571388244628906],
              [148.16004943847656, -40.58402633666992],
              [148.1683349609375, -40.58938980102539],
              [148.17625427246094, -40.598167419433594],
              [148.1787567138672, -40.59577941894531],
              [148.18692016601562, -40.5926399230957],
              [148.19627380371094, -40.59355545043945],
              [148.19717407226562, -40.589637756347656],
              [148.1915283203125, -40.586692810058594],
              [148.19052124023438, -40.58313751220703],
              [148.19024658203125, -40.5821647644043],
              [148.1937255859375, -40.573055267333984],
              [148.20533752441406, -40.56083297729492],
              [148.2066650390625, -40.558692932128906],
              [148.2225341796875, -40.55060958862305],
              [148.22283935546875, -40.54716491699219],
              [148.23313903808594, -40.53727722167969],
              [148.2284698486328, -40.535221099853516],
              [148.22630310058594, -40.530723571777344],
              [148.230224609375, -40.52344512939453],
              [148.23402404785156, -40.507694244384766],
              [148.24264526367188, -40.5029182434082],
              [148.24530029296875, -40.49177932739258],
              [148.24441528320312, -40.48472213745117],
              [148.2338409423828, -40.48775100708008],
              [148.224609375, -40.49163818359375],
              [148.2205352783203, -40.49686050415039],
              [148.219970703125, -40.50102615356445],
              [148.2098388671875, -40.50927734375],
              [148.2050323486328, -40.509056091308594],
              [148.19088745117188, -40.49391555786133],
              [148.1811981201172, -40.49644470214844],
              [148.17263793945312, -40.501861572265625],
              [148.16064453125, -40.505638122558594],
              [148.1526336669922, -40.50669479370117],
              [148.14175415039062, -40.50583267211914],
              [148.128173828125, -40.508304595947266],
              [148.12428283691406, -40.516056060791016],
              [148.1192169189453, -40.51675033569336],
              [148.11338806152344, -40.51494598388672],
              [148.11099243164062, -40.52260971069336],
              [148.10447692871094, -40.52361297607422],
              [148.09971618652344, -40.5279426574707],
              [148.1007843017578, -40.529972076416016],
              [148.09344482421875, -40.535804748535156]
            ]
          ],
          [
            [
              [148.09605407714844, -40.31277847290039],
              [148.0972442626953, -40.31638717651367],
              [148.1029510498047, -40.31658172607422],
              [148.10394287109375, -40.31789016723633],
              [148.1074676513672, -40.317054748535156],
              [148.11318969726562, -40.30991744995117],
              [148.1133270263672, -40.30441665649414],
              [148.1099395751953, -40.2993049621582],
              [148.09605407714844, -40.31277847290039]
            ]
          ],
          [
            [
              [148.13113403320312, -40.30241775512695],
              [148.13136291503906, -40.305389404296875],
              [148.1348114013672, -40.30730438232422],
              [148.147216796875, -40.30188751220703],
              [148.15435791015625, -40.301334381103516],
              [148.15895080566406, -40.3025016784668],
              [148.16311645507812, -40.29841613769531],
              [148.1617431640625, -40.296417236328125],
              [148.150634765625, -40.2957763671875],
              [148.14874267578125, -40.29838943481445],
              [148.13955688476562, -40.29561233520508],
              [148.1360321044922, -40.300140380859375],
              [148.13113403320312, -40.30241775512695]
            ]
          ],
          [
            [
              [148.19952392578125, -40.257057189941406],
              [148.2008819580078, -40.26272201538086],
              [148.2030487060547, -40.26374816894531],
              [148.21035766601562, -40.26180648803711],
              [148.21099853515625, -40.25880432128906],
              [148.20852661132812, -40.25388717651367],
              [148.19952392578125, -40.257057189941406]
            ]
          ],
          [
            [
              [148.2266387939453, -40.244998931884766],
              [148.2322540283203, -40.259056091308594],
              [148.23724365234375, -40.254112243652344],
              [148.24374389648438, -40.25702667236328],
              [148.24607849121094, -40.26011276245117],
              [148.255615234375, -40.263084411621094],
              [148.2568817138672, -40.26074981689453],
              [148.26353454589844, -40.26133346557617],
              [148.2642822265625, -40.25947189331055],
              [148.2586669921875, -40.24944305419922],
              [148.2266387939453, -40.244998931884766]
            ]
          ],
          [
            [
              [148.23910522460938, -40.233917236328125],
              [148.2409210205078, -40.236026763916016],
              [148.2592010498047, -40.23636245727539],
              [148.25552368164062, -40.229026794433594],
              [148.25152587890625, -40.228553771972656],
              [148.24945068359375, -40.22999954223633],
              [148.24325561523438, -40.22952651977539],
              [148.23910522460938, -40.233917236328125]
            ]
          ],
          [
            [
              [148.27725219726562, -40.290000915527344],
              [148.27996826171875, -40.29399871826172],
              [148.28602600097656, -40.295082092285156],
              [148.28952026367188, -40.29399871826172],
              [148.2921142578125, -40.296165466308594],
              [148.29835510253906, -40.295860290527344],
              [148.30308532714844, -40.29861068725586],
              [148.31178283691406, -40.295223236083984],
              [148.315673828125, -40.29158401489258],
              [148.32008361816406, -40.290916442871094],
              [148.32080078125, -40.2888069152832],
              [148.31103515625, -40.271888732910156],
              [148.29397583007812, -40.26422119140625],
              [148.28819274902344, -40.27436065673828],
              [148.286865234375, -40.28335952758789],
              [148.2830352783203, -40.28766632080078],
              [148.27838134765625, -40.28561019897461],
              [148.27725219726562, -40.290000915527344]
            ]
          ],
          [
            [
              [148.30224609375, -40.512664794921875],
              [148.3070831298828, -40.51677703857422],
              [148.3026885986328, -40.52524948120117],
              [148.3046417236328, -40.527000427246094],
              [148.3120880126953, -40.52616500854492],
              [148.31114196777344, -40.5186653137207],
              [148.3135223388672, -40.514862060546875],
              [148.31175231933594, -40.51152801513672],
              [148.31581115722656, -40.50605392456055],
              [148.31344604492188, -40.50297164916992],
              [148.30982971191406, -40.5029182434082],
              [148.3064422607422, -40.509029388427734],
              [148.30224609375, -40.512664794921875]
            ]
          ],
          [
            [
              [148.32147216796875, -39.948081970214844],
              [148.32444763183594, -39.95677947998047],
              [148.32977294921875, -39.95747375488281],
              [148.34165954589844, -39.954498291015625],
              [148.34878540039062, -39.955665588378906],
              [148.35325622558594, -39.950416564941406],
              [148.3407745361328, -39.93255615234375],
              [148.33663940429688, -39.929805755615234],
              [148.3321990966797, -39.92958450317383],
              [148.33277893066406, -39.93461227416992],
              [148.32949829101562, -39.94261169433594],
              [148.32235717773438, -39.94511032104492],
              [148.32147216796875, -39.948081970214844]
            ]
          ],
          [
            [
              [148.32569885253906, -40.50602722167969],
              [148.33450317382812, -40.510887145996094],
              [148.33908081054688, -40.522804260253906],
              [148.34510803222656, -40.52641677856445],
              [148.3479766845703, -40.52466583251953],
              [148.3473358154297, -40.51347351074219],
              [148.33782958984375, -40.50063705444336],
              [148.33010864257812, -40.50147247314453],
              [148.32569885253906, -40.50602722167969]
            ]
          ]
        ]
      }
    }
  ]
}
