{
  "type": "FeatureCollection",
  "features": [
    {
      "type": "Feature",
      "properties": {
        "name": "吴淞江"
      },
      "geometry": {
        "coordinates": [
          [
            [120.64134590276905, 31.197178118615867],
            [120.6414255145649, 31.196659576052483],
            [120.6416671486777, 31.19669684845961],
            [120.64192066643665, 31.196723955656054],
            [120.64196027858452, 31.19669007165949],
            [120.64207911503416, 31.196703625260113],
            [120.64219795148188, 31.196727344055418],
            [120.6424073438236, 31.196758780288093],
            [120.64259748214027, 31.196792664259235],
            [120.6428113877493, 31.196823159823325],
            [120.64302925457173, 31.196860432166815],
            [120.64323683143687, 31.19688848331768],
            [120.64346658190345, 31.196925755634553],
            [120.64368444872787, 31.196959639546776],
            [120.64391816040984, 31.197010465392324],
            [120.64413602723226, 31.1970409608862],
            [120.64435389405463, 31.197081621529676],
            [120.64452026508303, 31.197105340230237],
            [120.64481524243877, 31.197157129854546],
            [120.64502122561697, 31.197197790448143],
            [120.6451505557473, 31.197219346233467],
            [120.64526593538761, 31.19721534510441],
            [120.64538211280848, 31.197209344419846],
            [120.64550217000152, 31.19720534329035],
            [120.64556939734001, 31.19719670467059],
            [120.64562912087246, 31.19719670467059],
            [120.64570605288071, 31.197194107032274],
            [120.6457880462064, 31.19718804587542],
            [120.64585080652841, 31.19718804587542],
            [120.64589891615367, 31.197182210941634],
            [120.64593579465975, 31.19718035098043],
            [120.64595529345831, 31.197195056153674],
            [120.64596688861906, 31.197203321470667],
            [120.64598041630796, 31.19721344648285],
            [120.64600123146323, 31.197228163840165],
            [120.64601475915202, 31.197237462318697],
            [120.64603190187904, 31.197250283769023],
            [120.6460449464368, 31.197258962347036],
            [120.64605774942612, 31.19726888072084],
            [120.64608298979397, 31.19728681953096],
            [120.64610771911299, 31.19730450144246],
            [120.646133864854, 31.197322828126914],
            [120.64615710551385, 31.197341154808427],
            [120.64618106633702, 31.19735716115906],
            [120.64620285445329, 31.197373624104003],
            [120.64622919481951, 31.197391888533986],
            [120.6462506198011, 31.197407108986866],
            [120.64627523500502, 31.197425258096075],
            [120.64628721419842, 31.197434158503654],
            [120.64632696238175, 31.19743496289179],
            [120.64636143714029, 31.197437010757767],
            [120.6464021365071, 31.19743946819719],
            [120.64644187824297, 31.197440287344207],
            [120.64649202743857, 31.19744235532852],
            [120.64652793864536, 31.197444403195135],
            [120.64657653175772, 31.197445851857594],
            [120.64661770994178, 31.19744749015068],
            [120.64665622805552, 31.19744937972088],
            [120.6466930968931, 31.19745142758738],
            [120.64672469875529, 31.197452656306922],
            [120.64676252522753, 31.197454294599865],
            [120.64677935301097, 31.197454903039045],
            [120.64679629388661, 31.197453312128744],
            [120.64681535774713, 31.197452317800256],
            [120.64683581652417, 31.19745072687472],
            [120.64685331462863, 31.19744893711237],
            [120.6468712160592, 31.197447743918374],
            [120.64689074489314, 31.197446550724408],
            [120.64691174356335, 31.197444357411456],
            [120.64693220234227, 31.197443164217447],
            [120.64695661338226, 31.197441374426404],
            [120.64697771537209, 31.197439584677852],
            [120.64700073149561, 31.197437198289677],
            [120.64701909790182, 31.197436601693326],
            [120.64704105442303, 31.197434215327647],
            [120.64706197817168, 31.19743341986515],
            [120.64708011208904, 31.197431828939358],
            [120.64710309816292, 31.19742904484822],
            [120.64712216202338, 31.197428448251145],
            [120.64725249790587, 31.197415816952642],
            [120.64742577175537, 31.197384613514245],
            [120.64756074296474, 31.19735341006556],
            [120.64766835514678, 31.197417377124438],
            [120.64776684765059, 31.197476663626915],
            [120.64789087524713, 31.19755467212771],
            [120.64800225734746, 31.197622708495686],
            [120.64810622165857, 31.197683555037756],
            [120.64820471416238, 31.19774128120781],
            [120.64828213154374, 31.19778889692836],
            [120.64833880995536, 31.197822985701407],
            [120.64838486116383, 31.197850256711305],
            [120.64843356917265, 31.19788055782456],
            [120.6484760001419, 31.197893343658947],
            [120.64854773375674, 31.19790925173703],
            [120.64862085522117, 31.197929662447706],
            [120.64870498723707, 31.19795011568317],
            [120.64880906756343, 31.1979781859485],
            [120.64891888198389, 31.19800545691372],
            [120.64901187000152, 31.19802742518526],
            [120.64911703679172, 31.19805535125778],
            [120.64921356721044, 31.198078077044286],
            [120.64932521806753, 31.198108297750423],
            [120.64943193714225, 31.198134533256095],
            [120.64952049715993, 31.19815725902285],
            [120.64957800102542, 31.198172278703495],
            [120.6496270207445, 31.1981844164864],
            [120.64967432047251, 31.19819655426771],
            [120.64972917365878, 31.198211356043572],
            [120.64985476305515, 31.19824315383734],
            [120.64992891815626, 31.198261569228876],
            [120.6499847338223, 31.198277938463576],
            [120.65006686259028, 31.198297717950965],
            [120.65014835703874, 31.19831636389833],
            [120.65021533584019, 31.19833477927564],
            [120.65024723050749, 31.198345010039603],
            [120.65029905934091, 31.198355922853622],
            [120.65035646974138, 31.19837092796979],
            [120.65044367416527, 31.198392097855006],
            [120.65052430951891, 31.198413446877296],
            [120.65062318382337, 31.19843725924335],
            [120.65068966295286, 31.198454259058792],
            [120.65074138769461, 31.198468460905616],
            [120.65080013678454, 31.19848320897539],
            [120.65084228287094, 31.19849467969445],
            [120.65088698326576, 31.19850505796269],
            [120.65093971112663, 31.198518383392113],
            [120.65098760440753, 31.19853040033118],
            [120.65103358195609, 31.198540778596097],
            [120.65107892092715, 31.198552795532308],
            [120.65112945173775, 31.198563891565954],
            [120.65118053790337, 31.198575362275207],
            [120.6512427142249, 31.198591842543124],
            [120.65128677604235, 31.19860058212919],
            [120.6513391393616, 31.198614783954014],
            [120.65139575940151, 31.198627656452302],
            [120.65146025568595, 31.198642404497292],
            [120.6515119804277, 31.198656060091793],
            [120.65156023718538, 31.198666925791642],
            [120.65161196192713, 31.19867894271239],
            [120.65166432524768, 31.19869205207823],
            [120.65171351162661, 31.19870407358748],
            [120.65177545360251, 31.198718275396814],
            [120.65183881101228, 31.19873225390434],
            [120.65188414998335, 31.198743724593214],
            [120.65192629606969, 31.19875301038823],
            [120.65198573008104, 31.19876861005423],
            [120.65203234620702, 31.198780080738658],
            [120.65234389378696, 31.198852220130803],
            [120.65259956169064, 31.19891904261334],
            [120.65291914656973, 31.198998014577953],
            [120.65316771258642, 31.19904661267708],
            [120.65339142200054, 31.199098248130383],
            [120.65364353896075, 31.199089135993418],
            [120.65389987317081, 31.199073949280788],
            [120.65397584544155, 31.199064837141563],
            [120.65405812050864, 31.19902632959453],
            [120.6541534940061, 31.19897210187159],
            [120.65421714075575, 31.198937577831174],
            [120.65424353087195, 31.198989363887733],
            [120.65426060682876, 31.199031854989556],
            [120.654293784218, 31.19911484467798],
            [120.65432327905245, 31.199187876150646],
            [120.65438991992733, 31.199219650090214],
            [120.65445511903602, 31.19925284618401],
            [120.65454826062171, 31.19928205873775],
            [120.6546010408527, 31.199313926966866],
            [120.65468619725772, 31.199352338983118],
            [120.65475605344693, 31.19937756798042],
            [120.65483056671519, 31.199410764019518],
            [120.65491749886121, 31.19944396004624],
            [120.65494544133662, 31.19946786117849],
            [120.65502307563685, 31.19947002021017],
            [120.6551177695817, 31.199480642933935],
            [120.65520625408686, 31.199489937815514],
            [120.65529784331181, 31.19950454405692],
            [120.65541582265303, 31.199513838936127],
            [120.65555863974981, 31.19953110085342],
            [120.65565487561202, 31.199539155751282],
            [120.65575577899648, 31.199548450627788],
            [120.65585513002026, 31.199561729020772],
            [120.6559666171836, 31.199570665925663],
            [120.65603026393325, 31.199578632959287],
            [120.65612961495697, 31.199571993764877],
            [120.65628359514386, 31.19955473175976],
            [120.65645280235543, 31.19954145336574],
            [120.65659406709301, 31.19953083064945],
            [120.6567213605922, 31.199518880092043],
            [120.65683911918313, 31.19950390943525],
            [120.65694933672552, 31.1994972702349],
            [120.6570952585422, 31.199483991832807],
            [120.65722410440213, 31.199472041269473],
            [120.65737759315834, 31.1994551316846],
            [120.6575648923918, 31.199440399730292],
            [120.65774788589755, 31.199423826278746],
            [120.65793949086105, 31.19941277730912],
            [120.65811817863454, 31.199388837871297],
            [120.65819583090791, 31.199385743350675],
            [120.65832930852207, 31.19933786445432],
            [120.65844125749078, 31.199304717512362],
            [120.65853598353942, 31.199267887562883],
            [120.65878804367702, 31.199190503858276],
            [120.65896457858668, 31.19913710036255],
            [120.65897349395601, 31.199099779326374],
            [120.658979876003, 31.19908397042377],
            [120.65912566963368, 31.198735826984702],
            [120.65908314649153, 31.19845523283351],
            [120.65905277281837, 31.198377289866002],
            [120.65922894012056, 31.198169441638314],
            [120.65935650954691, 31.197977181621596],
            [120.65947192950426, 31.197821294834725],
            [120.65963752188793, 31.19729110624742],
            [120.6596876203368, 31.19693970567033],
            [120.6596876203368, 31.196674011685246],
            [120.65994813226825, 31.19664829932441],
            [120.66050923489172, 31.196331179633475],
            [120.66083988465232, 31.19610833813411],
            [120.66146110541422, 31.195739791425495],
            [120.66181179455384, 31.1954483813836],
            [120.66225266090049, 31.19517411228928],
            [120.66258331065978, 31.195105544891618],
            [120.66308429514493, 31.194968409947208],
            [120.6632846889392, 31.195122686745947],
            [120.66356976727815, 31.195410066688893],
            [120.66380665958786, 31.195600040604106],
            [120.66410277497585, 31.1958153439124],
            [120.66440629324751, 31.196030646731515],
            [120.66462097690436, 31.196144630378825],
            [120.66488748075233, 31.19623961664638],
            [120.66518359614037, 31.196334602818496],
            [120.66543529421915, 31.196423256493304],
            [120.66576436562224, 31.196412640526233],
            [120.66594943773902, 31.196520291317057],
            [120.66648167904737, 31.196596744589172],
            [120.66674771462925, 31.196524682149658],
            [120.66691176990486, 31.19647537623723],
            [120.66725318223644, 31.196490547290466],
            [120.66756481163401, 31.196519809635177],
            [120.66790622396564, 31.19655394448381],
            [120.66833188089623, 31.19655015172303],
            [120.66866175634169, 31.19655100005781],
            [120.66910071505288, 31.19654341453682],
            [120.66945986308752, 31.19655479281853],
            [120.66990354391038, 31.196545109206],
            [120.6702715597986, 31.19654890196695],
            [120.67059080249601, 31.19657165852675],
            [120.67090561126878, 31.196583036805094],
            [120.67120303478782, 31.196667362855408],
            [120.67159765423497, 31.19675838894878],
            [120.6729837412708, 31.197097684723843],
            [120.67417635268879, 31.197397727917732],
            [120.67417177636133, 31.197539796165458],
            [120.67458539414122, 31.197643855833178],
            [120.67494548491351, 31.197714616342324],
            [120.675198521673, 31.197660505369655],
            [120.67548075498235, 31.197722941104445],
            [120.67589053238288, 31.1978007288683],
            [120.67628468579704, 31.197896463503426],
            [120.67663017829318, 31.197963061452924],
            [120.67713508142839, 31.198076663943837],
            [120.67759736012385, 31.198168235938056],
            [120.67797204916985, 31.19824732077052],
            [120.67823968420305, 31.198301431407586],
            [120.67855074341327, 31.198366215975255],
            [120.67859090930824, 31.198242934659078],
            [120.67864288870459, 31.198141884280474],
            [120.67869804119698, 31.19801977665476],
            [120.67874529519332, 31.197906599956198],
            [120.67879524806256, 31.197784805952722],
            [120.67883541395753, 31.197697902213392],
            [120.67884959015788, 31.19764737674599],
            [120.67920257471553, 31.19770255410539],
            [120.67946292915553, 31.197753168475572],
            [120.67979034458676, 31.197807157108485],
            [120.67996391421201, 31.197675559762956],
            [120.68018876577406, 31.197732922730907],
            [120.68046095450597, 31.197793659952723],
            [120.68087175868419, 31.19790628207005],
            [120.6811242235948, 31.197960270614743],
            [120.6813056827495, 31.198085119007402],
            [120.68153842384072, 31.198182973036793],
            [120.68181097728126, 31.19830355715618],
            [120.68207922125055, 31.198425030828204],
            [120.68234071095736, 31.198545635480485],
            [120.68258134157401, 31.198653611810315],
            [120.68291980239496, 31.198801674879675],
            [120.68319199112688, 31.19890965091645],
            [120.68350057205714, 31.199062158704365],
            [120.68391185822293, 31.199224475350974],
            [120.68412882025558, 31.199318953967932],
            [120.68440889851689, 31.19944717479646],
            [120.68469292154282, 31.199572021227056],
            [120.6849357513455, 31.199675836456194],
            [120.68523555342813, 31.199804056801938],
            [120.68557994127355, 31.199946539968835],
            [120.68587185382881, 31.200081508361833],
            [120.68620954526403, 31.20023077264152],
            [120.68654879498922, 31.200365740629877],
            [120.68682708283285, 31.200487155443824],
            [120.68715055350145, 31.20062549725489],
            [120.68746218987604, 31.20077058722859],
            [120.68775753853129, 31.201058992064674],
            [120.68797450056582, 31.20126481636784],
            [120.68825457882508, 31.201561742442024],
            [120.68836667594024, 31.20166732280721],
            [120.6886625332582, 31.201815785329146],
            [120.68889527434754, 31.201950751055364],
            [120.68910829161547, 31.20206209763525],
            [120.68941878063129, 31.20223412087398],
            [120.68975408558993, 31.20242982024969],
            [120.68991976568788, 31.202490554456134],
            [120.69026980823406, 31.2025702895088],
            [120.69069161279225, 31.202703295061838],
            [120.6910071443919, 31.202780887467853],
            [120.69123984894765, 31.202807876116324],
            [120.69148438593572, 31.20283149117705],
            [120.69174075536006, 31.20285847981023],
            [120.69215143373492, 31.20288884206944],
            [120.69249457435046, 31.202922577840084],
            [120.69288227793987, 31.202963039351943],
            [120.693176436491, 31.202976713526652],
            [120.69352175305187, 31.203004061870175],
            [120.69380631947519, 31.203028675372295],
            [120.6941000171795, 31.203045214181472],
            [120.69442934686236, 31.203072562504488],
            [120.69470112378542, 31.203102645651697],
            [120.6950050244792, 31.203113649718716],
            [120.69530557778057, 31.203143732852197],
            [120.69559973523775, 31.203160148957707],
            [120.6959162754186, 31.2031847624192],
            [120.69610378905077, 31.203192285986617],
            [120.69618141232013, 31.203194941744044],
            [120.69629474229282, 31.20318697447223],
            [120.69640807226409, 31.203179007199722],
            [120.69660334622216, 31.20316440037955],
            [120.69676169769019, 31.203155105226614],
            [120.69686571287133, 31.203145810072073],
            [120.69702068267219, 31.20313917054112],
            [120.69715419469475, 31.203127219626424],
            [120.69727218206333, 31.20311526871025],
            [120.69740420721229, 31.203108629177905],
            [120.69757342593834, 31.203096678259357],
            [120.69773332987108, 31.203086055219543],
            [120.6978777131198, 31.203072776086813],
            [120.69802985472722, 31.203064808804726],
            [120.69824602204278, 31.203046804986386],
            [120.69842766049163, 31.203033526179055],
            [120.69867164273148, 31.203015116378154],
            [120.698884330488, 31.203000509684983],
            [120.69903491962907, 31.202989886634327],
            [120.6991730890474, 31.2029779357008],
            [120.6993214035287, 31.202959884011875],
            [120.69953098635415, 31.20294793307454],
            [120.69968468042634, 31.202937310018],
            [120.69992200774993, 31.202912681778116],
            [120.7002090593225, 31.202894716451297],
            [120.70040509454333, 31.202878747270177],
            [120.70064780481431, 31.202860781935783],
            [120.70089056695133, 31.20283261405514],
            [120.70109593718132, 31.20281864101183],
            [120.70139109680014, 31.202796105374915],
            [120.70162913956813, 31.202776143876747],
            [120.70180883851992, 31.202758178525002],
            [120.7021133074096, 31.202736221065678],
            [120.70233968141434, 31.202718255706372],
            [120.70251704510508, 31.202696298221923],
            [120.7027177478293, 31.20266835209405],
            [120.70302094854861, 31.20261739790051],
            [120.70320764875788, 31.202591447902435],
            [120.7034110202759, 31.202555206847805],
            [120.70366073180708, 31.20251927605696],
            [120.70384976577043, 31.202491329876793],
            [120.70395711839114, 31.20246737600192],
            [120.7041018110557, 31.20246737600192],
            [120.70426861029534, 31.202460542954753],
            [120.70448098178514, 31.202448566014695],
            [120.70465196560849, 31.20243877482919],
            [120.70486433709829, 31.202428794042902],
            [120.70506037231911, 31.202422805571118],
            [120.70523307001343, 31.20241681709885],
            [120.70547396114233, 31.202403904054094],
            [120.70567233011718, 31.202393923264182],
            [120.70583569280006, 31.20238194631567],
            [120.70596871669892, 31.202375957839834],
            [120.7061623303644, 31.202371989830908],
            [120.70623110487082, 31.202368322947635],
            [120.70629894594202, 31.202365099204428],
            [120.70639090828445, 31.20235994121525],
            [120.70648965473362, 31.20235736222024],
            [120.70655866744994, 31.20235349918687],
            [120.70663781536734, 31.20235027544321],
            [120.70671524628466, 31.20234291423081],
            [120.70679740936112, 31.202334532496153],
            [120.70690218612856, 31.20232615076084],
            [120.7069881812447, 31.202319510137457],
            [120.70707637463784, 31.202310483652013],
            [120.70718256281708, 31.202300970639342],
            [120.70729563127162, 31.202291299402575],
            [120.70733500164465, 31.202286110057372],
            [120.7073841878643, 31.20228298080079],
            [120.70742280514412, 31.202278808458544],
            [120.70748061165784, 31.202273393653613],
            [120.70751963543643, 31.202270612092065],
            [120.70756922815303, 31.202265744358357],
            [120.70761069091759, 31.20226122431987],
            [120.7076563357756, 31.20225850638623],
            [120.70769698554261, 31.20225433404289],
            [120.7077360093212, 31.20225085708975],
            [120.70777991104455, 31.202247032346165],
            [120.707826251781, 31.202241816915645],
            [120.70786364956786, 31.20223868765764],
            [120.70790008450314, 31.202235210533715],
            [120.70793138482514, 31.202229299712727],
            [120.70796349814134, 31.202223388890673],
            [120.70799642434247, 31.202216782561507],
            [120.70803260263642, 31.202209480957322],
            [120.70807487839522, 31.20220183165621],
            [120.70811191017782, 31.202194087117093],
            [120.70814117801092, 31.202188871684328],
            [120.70817125883826, 31.20218296085973],
            [120.70821312809994, 31.20217496386138],
            [120.7088606444783, 31.20205787402216],
            [120.7094294186499, 31.201929615235443],
            [120.70996716877755, 31.201827892625303],
            [120.71055398033417, 31.201686364743082],
            [120.71108655978696, 31.20158464187196],
            [120.71161667587694, 31.20145324226121],
            [120.71233022892886, 31.201285177914087],
            [120.71285278749559, 31.20117672656025],
            [120.71334917222828, 31.201066157620843],
            [120.71389209302953, 31.200964434082806],
            [120.71421778984723, 31.200898729744495],
            [120.71460041974484, 31.200739509963313],
            [120.7149422291962, 31.20059513858456],
            [120.7151852508884, 31.20049783732682],
            [120.71542827257923, 31.200418227132076],
            [120.71572817168959, 31.200307657306695],
            [120.71612827257701, 31.20017503714155],
            [120.71641265966286, 31.200073312645316],
            [120.71666085202986, 31.199993702093394],
            [120.71680526125073, 31.199937257139467],
            [120.71689449004845, 31.19990625084465],
            [120.71704506364432, 31.19984423822396],
            [120.71721236764023, 31.19977507025274],
            [120.71735402869689, 31.199704776928286],
            [120.71752412109299, 31.199657074814695],
            [120.71770815548894, 31.19959267692255],
            [120.71783084508672, 31.199556900297395],
            [120.71799536068232, 31.19953066409633],
            [120.71818725677389, 31.199472828185236],
            [120.71841032876887, 31.199446591961447],
            [120.71854138356599, 31.199413200393153],
            [120.71865849636322, 31.199406045055397],
            [120.7188269526398, 31.19938966852709],
            [120.71905560143392, 31.199363432280222],
            [120.7192507894294, 31.199344351368495],
            [120.7194180934253, 31.199344351368495],
            [120.71962443502036, 31.19935627693873],
            [120.71986909154242, 31.19936581678415],
            [120.7200252419388, 31.199377742351047],
            [120.72016187353637, 31.199394438142917],
            [120.7202678327327, 31.199403978594532],
            [120.7204379251288, 31.19943259994237],
            [120.720581103202, 31.199454085204536],
            [120.72074561879765, 31.199485091648185],
            [120.72095196039271, 31.19953279384849],
            [120.72111089918928, 31.19955664493989],
            [120.72120570478609, 31.199582881133153],
            [120.72132885280581, 31.199630240539477],
            [120.7214168556473, 31.19966150851934],
            [120.7215319362848, 31.19970435721639],
            [120.72160640022628, 31.199739099388196],
            [120.72171690231607, 31.199781056095205],
            [120.72181121514262, 31.199822153146584],
            [120.72188506386544, 31.19985335645147],
            [120.72197265423836, 31.19988710648103],
            [120.7220322670612, 31.199915265542586],
            [120.72209187988597, 31.199939619318016],
            [120.7221639491222, 31.199967778364012],
            [120.72223517415455, 31.19999910292215],
            [120.72231703056963, 31.200032589332494],
            [120.72238020236938, 31.2000599872959],
            [120.72245247778073, 31.200089036135665],
            [120.72252098804012, 31.20011795619078],
            [120.72258415983981, 31.200145354129432],
            [120.72266366918376, 31.20017690492986],
            [120.72273306918743, 31.20020658601109],
            [120.72279001278133, 31.200230178658813],
            [120.72285871667549, 31.200258308299738],
            [120.72293790385976, 31.200289511460795],
            [120.72307188270088, 31.200343368820583],
            [120.72317055152672, 31.20038417638503],
            [120.72326054617116, 31.20041756438023],
            [120.72380522480205, 31.200660662054574],
            [120.72432185051309, 31.200925801733632],
            [120.72444066671602, 31.200978836177214],
            [120.7246319355176, 31.201035158437307],
            [120.72484515319724, 31.201104890712898],
            [120.7251526368409, 31.201192346890025],
            [120.72536585452042, 31.201262079049755],
            [120.72553830999686, 31.201307673126564],
            [120.72568568104066, 31.201422999221847],
            [120.72587694984225, 31.201546371169],
            [120.72599296534463, 31.201629513041837],
            [120.72622711130407, 31.201663451407526],
            [120.72641867004103, 31.2015381545593],
            [120.72645239680179, 31.201516232111487],
            [120.72654463337017, 31.201505648689277],
            [120.72661662288584, 31.201497951654133],
            [120.72665134333039, 31.201495258143467],
            [120.7266685543255, 31.201477592416737],
            [120.72669117449095, 31.201457403009968],
            [120.72671313048681, 31.201435815055632],
            [120.72674115982267, 31.20141057828583],
            [120.72676469893906, 31.201387064111998],
            [120.726794203503, 31.2013601448774],
            [120.72681944737724, 31.201337145948955],
            [120.726846001485, 31.20131232976638],
            [120.72686517945232, 31.201292560938],
            [120.7268892748458, 31.201271109652225],
            [120.72692320509401, 31.20129887013941],
            [120.72697556025685, 31.201340036313866],
            [120.7270162019658, 31.201371686179527],
            [120.72702894041134, 31.201381544333245],
            [120.72693318113284, 31.20158453144822],
            [120.7269254523402, 31.201716560835308],
            [120.72692044975804, 31.20178502403286],
            [120.72699648899055, 31.201809841930398],
            [120.72708053235357, 31.2018389387666],
            [120.72719610862953, 31.201878832271078],
            [120.72732730034494, 31.20192338800804],
            [120.72744016380653, 31.20196299309022],
            [120.72753276972134, 31.201995172206935],
            [120.72766417689576, 31.202040673333315],
            [120.72768443444073, 31.202047274173168],
            [120.72773089248506, 31.202070214529314],
            [120.72777719082177, 31.20209379718878],
            [120.72782036792256, 31.202114265153213],
            [120.72789443300167, 31.20215126190415],
            [120.72795425669716, 31.20218062896447],
            [120.7280104389472, 31.202208216194464],
            [120.72829460617248, 31.202347834646773],
            [120.72849836521942, 31.202481659675342],
            [120.72869120860372, 31.20260614790385],
            [120.72890588331325, 31.202767982355226],
            [120.72912783513232, 31.202939153109398],
            [120.72944510843831, 31.203206420316306],
            [120.72969980724696, 31.203405599876575],
            [120.72993631328336, 31.203598554676546],
            [120.73033342628463, 31.203919986232393],
            [120.7307184903625, 31.204218803927233],
            [120.73085675543035, 31.204333953429426],
            [120.73092588796425, 31.204396196344945],
            [120.73108598435726, 31.20446466350539],
            [120.73121697231721, 31.204530018475637],
            [120.73143164702668, 31.204691849635665],
            [120.73145449648439, 31.204685470558815],
            [120.73152847091097, 31.204680246269845],
            [120.73160312400239, 31.204677924363068],
            [120.73166759712603, 31.204673280550082],
            [120.73168727839521, 31.20472900629214],
            [120.73170424500756, 31.20478647342911],
            [120.73173380122643, 31.204857312489338],
            [120.73168549467874, 31.204888590272503],
            [120.73162405556872, 31.20492601359362],
            [120.7315807151167, 31.204953816047293],
            [120.73159064724894, 31.204993881212644],
            [120.7315992250476, 31.205022069790687],
            [120.73162567006983, 31.205069810559507],
            [120.73164282566705, 31.205104563572945],
            [120.73167042084714, 31.205155205367063],
            [120.73168983375831, 31.20519266135763],
            [120.73172903614369, 31.20526708694426],
            [120.73175431807539, 31.205313424196007],
            [120.73177643976459, 31.2053558999894],
            [120.73180360132346, 31.205407833725815],
            [120.7318568780691, 31.205508485658626],
            [120.73188710495003, 31.205561955356288],
            [120.7319427498885, 31.205645391528236],
            [120.7320073560428, 31.20574583174796],
            [120.73206139016014, 31.205831439602875],
            [120.73210329560737, 31.205891960041555],
            [120.73218718015738, 31.20601379547746],
            [120.73223664232529, 31.206088417616243],
            [120.73229626930652, 31.206171090355426],
            [120.7323408337748, 31.206255893795117],
            [120.7323696867058, 31.206310538218943],
            [120.73240493679816, 31.20637821247591],
            [120.73242554603496, 31.206415817195605],
            [120.73246544732478, 31.206490167803295],
            [120.732484682613, 31.20652659733247],
            [120.73251564991381, 31.20657097695701],
            [120.73255068561548, 31.206613282179333],
            [120.73261823418352, 31.20670141577483],
            [120.73264365224105, 31.206730794362656],
            [120.73268830558817, 31.20677897522745],
            [120.73275808168717, 31.206862039146287],
            [120.73278693461816, 31.206892592826307],
            [120.73282902506867, 31.20694091828952],
            [120.73284717791, 31.206960246763416],
            [120.73287348100712, 31.20698369441422],
            [120.7329064524946, 31.207011261240154],
            [120.73294764640974, 31.207047287039558],
            [120.7330158257376, 31.207106486709804],
            [120.73304345549934, 31.207130375308367],
            [120.73306808202545, 31.207151181503363],
            [120.73308610143664, 31.207167107228514],
            [120.73312848618161, 31.207203191610247],
            [120.73314830753128, 31.207219887926783],
            [120.7331690298538, 31.207238639170228],
            [120.73317803309664, 31.20724521037053],
            [120.73320295994705, 31.207263961609982],
            [120.73323509456105, 31.207287079570236],
            [120.73326484499717, 31.207308920981347],
            [120.73329157378839, 31.207328956537836],
            [120.733320275913, 31.207349392776436],
            [120.73334640405568, 31.207369171458737],
            [120.73336622540779, 31.207383555952745],
            [120.73339236203009, 31.207403352892115],
            [120.7334253976145, 31.20742621395283],
            [120.73345951210143, 31.20745158284221],
            [120.73347993409965, 31.207466737919745],
            [120.73350349256782, 31.207484003256624],
            [120.73352701088982, 31.207501250371067],
            [120.73354292803583, 31.207513323053874],
            [120.73356094744702, 31.207526166332755],
            [120.73359181321041, 31.207549189387237],
            [120.73361613941466, 31.207565885642737],
            [120.73364653606848, 31.20758905820395],
            [120.7336708622704, 31.20760729564431],
            [120.73370289385872, 31.207629702703926],
            [120.73372331585693, 31.207645885214447],
            [120.73376633412215, 31.207676353423764],
            [120.73378975935356, 31.207694077116813],
            [120.73381838358335, 31.20770320626883],
            [120.7338508185216, 31.207714765195462],
            [120.73388735551788, 31.2077202074926],
            [120.73390177104727, 31.207722519277652],
            [120.7342003483617, 31.207593380473867],
            [120.73451007089517, 31.207451330224643],
            [120.73462677793827, 31.20745516942283],
            [120.73478837230317, 31.207397581426036],
            [120.734905079344, 31.20733231498633],
            [120.73505769624552, 31.20740909902858],
            [120.73530457652566, 31.208011851589788],
            [120.73552901314616, 31.20844951664772],
            [120.73601379624091, 31.208487908223148],
            [120.73607502154283, 31.2090823381251],
            [120.73656878210335, 31.209639010713445],
            [120.73683810604564, 31.209934621721843],
            [120.7373972621653, 31.210548520109583],
            [120.7377276871427, 31.210994641734487],
            [120.73790781712609, 31.21124297506239],
            [120.7381487104243, 31.211546143352564],
            [120.73832884040763, 31.211778379667138],
            [120.73854123247696, 31.21206809941826],
            [120.73874032804542, 31.212359580414187],
            [120.73886131086925, 31.212534331042605],
            [120.73908837253049, 31.212860701807557],
            [120.73924161744026, 31.213090635558757],
            [120.73931583950747, 31.213201468921312],
            [120.73943201900215, 31.213250591654685],
            [120.7395514487593, 31.21330058271704],
            [120.73965218008965, 31.213299840045394],
            [120.73976854214266, 31.21329909737439],
            [120.73992051982748, 31.21329352139864],
            [120.7399960683257, 31.21329203605586],
            [120.74008290567798, 31.213283866671404],
            [120.74018864546053, 31.213272534269763],
            [120.74031021775625, 31.213261394197147],
            [120.74042744790432, 31.213250253990566],
            [120.74047347170182, 31.21324505528878],
            [120.74055848185355, 31.2132136410699],
            [120.74064531920754, 31.21318764754885],
            [120.74079501248502, 31.21313583052911],
            [120.74089834893584, 31.213103895604675],
            [120.7409478462261, 31.21308755680178],
            [120.74100493871788, 31.213051196851595],
            [120.74108569745698, 31.213008121796875],
            [120.74116298269979, 31.212964304047404],
            [120.7412346466154, 31.212924778855808],
            [120.7413015113782, 31.212887645138707],
            [120.74135448216464, 31.21285571013044],
            [120.74156033789222, 31.21269140856866],
            [120.74165827323361, 31.212603654778405],
            [120.74172967835193, 31.212537275137933],
            [120.74179332204432, 31.212476205827443],
            [120.74184299516924, 31.212407170907],
            [120.74195240898712, 31.2122811286427],
            [120.74207117550395, 31.212127256973247],
            [120.74214374295923, 31.212005346120563],
            [120.74219167001138, 31.21190871055248],
            [120.74227201258111, 31.211749117748823],
            [120.74274030052283, 31.21182609460594],
            [120.74305839859039, 31.21187416098995],
            [120.74304206421749, 31.21194201566027],
            [120.74306539903523, 31.212101673518006],
            [120.74315873830608, 31.21227530113177],
            [120.74328839988618, 31.212496069702908],
            [120.74333740300244, 31.212587872465917],
            [120.74343774271824, 31.21270561935738],
            [120.7435077471714, 31.21279542621086],
            [120.74359743614042, 31.21286990670727],
            [120.74367910800242, 31.21301359738065],
            [120.74370244282022, 31.21307346843078],
            [120.74368364309993, 31.213225956030612],
            [120.7436504838289, 31.213241711189994],
            [120.74358293716733, 31.21325851669002],
            [120.74356328722962, 31.213262718065067],
            [120.7435018811725, 31.213262718065067],
            [120.74346258129702, 31.213260617377557],
            [120.74346067399819, 31.21325756289413],
            [120.74345430427888, 31.213263010562585],
            [120.74344359156566, 31.213270686821843],
            [120.74342882539224, 31.21328207739863],
            [120.74339988181714, 31.21330327778965],
            [120.74337469246404, 31.213321849375063],
            [120.74334834498148, 31.213341163820957],
            [120.74330867898851, 31.21336964023918],
            [120.74326500651313, 31.213402716306547],
            [120.74321591083816, 31.213438550111107],
            [120.74318522035992, 31.21346157884473],
            [120.74312712364997, 31.21358648041813],
            [120.74312251314058, 31.21378954974854],
            [120.74310415210573, 31.214323142660177],
            [120.74306761760886, 31.215055326002584],
            [120.74301783388461, 31.215838507259818],
            [120.7431115169432, 31.216274582156103],
            [120.74320847421751, 31.21634065862341],
            [120.74335845500173, 31.216585529834845],
            [120.74328160319124, 31.21662513732724],
            [120.74323013382053, 31.216563652794918],
            [120.74319500393267, 31.21652243018748],
            [120.7431124895441, 31.21652033412238],
            [120.74306183714805, 31.216518238057233],
            [120.74298504158031, 31.216588805563035],
            [120.74296855406192, 31.21700112458028],
            [120.74295414771444, 31.217292232984946],
            [120.74293592876626, 31.21750841895053],
            [120.74296683108321, 31.21772102666212],
            [120.74298049529375, 31.21793526403674],
            [120.74305863436831, 31.218110940115608],
            [120.74319755385119, 31.218229744048188],
            [120.74333419596633, 31.218352443034334],
            [120.74368403853737, 31.218658850360995],
            [120.74385969026025, 31.218820193942477],
            [120.74404835322326, 31.218881393160345],
            [120.74421749932606, 31.218814630375363],
            [120.74432037998366, 31.21884728434928],
            [120.7443226855516, 31.218951784826075],
            [120.74423737950389, 31.219046426666637],
            [120.7442558240565, 31.21924951196455],
            [120.74428621397084, 31.219587294260506],
            [120.74431849193326, 31.21993825492008],
            [120.74448237060022, 31.220184867969607],
            [120.74465067712327, 31.22044710108551],
            [120.74486414286116, 31.220764876657014],
            [120.7451839899075, 31.221246803339113],
            [120.74531323367228, 31.22149428438945],
            [120.74551028038718, 31.221851330384425],
            [120.74583411932446, 31.222454300279864],
            [120.74621224794566, 31.22313452589222],
            [120.74646494891488, 31.223215562796696],
            [120.7465028540613, 31.22322636771186],
            [120.74675555503211, 31.22338844129378],
            [120.74702720857454, 31.22357482557004],
            [120.74706476503644, 31.22359262739853],
            [120.74717169130741, 31.22361495530268],
            [120.74732089075638, 31.223568173021008],
            [120.74741041042677, 31.22358943769767],
            [120.74739673380981, 31.223672369890096],
            [120.74728677755354, 31.223752638677666],
            [120.74726586542153, 31.22376407265314],
            [120.74722292545368, 31.223840301660786],
            [120.74728699200222, 31.223950355350482],
            [120.74735642309724, 31.224066240728874],
            [120.74791835434257, 31.22501606355145],
            [120.74820328125668, 31.22551589440522],
            [120.74854874629443, 31.225604519979896],
            [120.74892051741955, 31.225607525514633],
            [120.74933795433924, 31.225457354358852],
            [120.74966326725047, 31.22533918672343],
            [120.74988687821781, 31.225917811761278],
            [120.74962665081733, 31.22618484524402],
            [120.74918426423392, 31.22665771518642],
            [120.74917930438409, 31.227110568031435],
            [120.74919637766942, 31.227179871599716],
            [120.74928714158278, 31.227331909655533],
            [120.74927595137217, 31.22745306125175],
            [120.74933980791178, 31.22762446678898],
            [120.74938208151525, 31.227750987390053],
            [120.74943933603237, 31.22790593916571],
            [120.74948750927967, 31.228033522584496],
            [120.74979178673846, 31.228262244913893],
            [120.75004173095459, 31.22827046527705],
            [120.75018112292156, 31.22827457545891],
            [120.75021476925946, 31.228730804482026],
            [120.75016778613195, 31.228774901532432],
            [120.75011442959584, 31.228952743321983],
            [120.75010390514745, 31.22927072446265],
            [120.75014951109273, 31.229519708949297],
            [120.75021616593654, 31.229672699091253],
            [120.75016705184129, 31.229714696341787],
            [120.7503319348757, 31.230077671800927],
            [120.7504663532327, 31.23041504315448],
            [120.75050494287962, 31.230445040957093],
            [120.75082137268839, 31.2304805606977],
            [120.75125412294341, 31.23050646347957],
            [120.75155679550505, 31.231574251110146],
            [120.75172872065201, 31.232140013345898],
            [120.7520616460967, 31.23263983824897],
            [120.75240549639324, 31.233147682243143],
            [120.75278485350492, 31.233687130556447],
            [120.75314954321163, 31.234221697180914],
            [120.75395151319651, 31.234504189963374],
            [120.75455064628738, 31.23470019638225],
            [120.7553662668908, 31.23522266963782],
            [120.75572053689177, 31.235418674565537],
            [120.75687541971917, 31.235023832537266],
            [120.75791248149392, 31.23463868335145],
            [120.75959901629966, 31.236833117002064],
            [120.76090898271735, 31.238527134218785],
            [120.76196699523473, 31.239700442501587],
            [120.76318554580268, 31.241050646365778],
            [120.76373026511828, 31.24149846371033],
            [120.76397119866289, 31.24205375426868],
            [120.7642854598065, 31.24217018574619],
            [120.76443211500697, 31.242707559935383],
            [120.76464470331246, 31.243198746346152],
            [120.76486468611324, 31.244031665965096],
            [120.76494848908476, 31.244183919295025],
            [120.76534655319983, 31.244604853694057],
            [120.76575509268753, 31.244963094257926],
            [120.76634166600599, 31.245532398299602],
            [120.76663497640698, 31.24566673735079],
            [120.76671877937855, 31.24604288567791],
            [120.76662450103572, 31.246302606267307],
            [120.76699465322099, 31.246989447473837],
            [120.76735081585099, 31.24775068782563],
            [120.76783194968425, 31.248597029728842],
            [120.76872662516007, 31.250305402668502],
            [120.7694760992893, 31.25060367411068],
            [120.76988960225657, 31.25043796787054],
            [120.77019767638598, 31.25225758909143],
            [120.7698583288701, 31.252311426515604],
            [120.7698583288701, 31.25267597262645],
            [120.76991001674179, 31.253239359302555],
            [120.77020784068543, 31.25430722110066],
            [120.7704795704791, 31.25515119426683],
            [120.77042788260741, 31.255836077317312],
            [120.7698411065196, 31.256422543733194],
            [120.7698082011201, 31.256456034728828],
            [120.76982134377357, 31.256578215735544],
            [120.76984762908216, 31.256822577273155],
            [120.76986678526868, 31.257061192609555],
            [120.76991188455355, 31.257479588355636],
            [120.76992502720702, 31.257629855297722],
            [120.7699637484842, 31.258038195607824],
            [120.76996539131528, 31.258069091451844],
            [120.77001094189865, 31.25823074151272],
            [120.7700470841969, 31.258364155038024],
            [120.7701117833372, 31.2585698789495],
            [120.7701756563767, 31.25881410652711],
            [120.77058514816008, 31.2601798871803],
            [120.77077377839231, 31.260923402108574],
            [120.77085761405118, 31.261684826988215],
            [120.77093097025289, 31.26257165527994],
            [120.77108280653181, 31.263719761054332],
            [120.77129239567972, 31.264561782081785],
            [120.77150759047339, 31.2653711497982],
            [120.77149711101623, 31.265657791081694],
            [120.77153902884504, 31.265953388993793],
            [120.77165430287687, 31.266248985979317],
            [120.77203156334264, 31.26662519898555],
            [120.77209127961316, 31.26691203697081],
            [120.77217269135548, 31.267116449723858],
            [120.77246780892165, 31.26739914748282],
            [120.7728341617626, 31.267673146041048],
            [120.77324141958172, 31.26806045285376],
            [120.7735009195107, 31.268221371610394],
            [120.77426110638726, 31.268539730317727],
            [120.77470887097047, 31.26872674303212],
            [120.77526857670011, 31.268944199210623],
            [120.77594083552492, 31.269231956644106],
            [120.77614945311444, 31.269318938710015],
            [120.7773499198139, 31.269525141812892],
            [120.77818827640561, 31.269650541960715],
            [120.77893231787988, 31.2693728699806],
            [120.7796449209813, 31.269041453966693],
            [120.77999903932641, 31.268892225596858],
            [120.78010407339121, 31.26912308019314],
            [120.78023652106566, 31.269405114524417],
            [120.78071417597926, 31.269505578547978],
            [120.78087749562235, 31.269549653269962],
            [120.78124261403838, 31.269581716218326],
            [120.78169676956617, 31.269613144712864],
            [120.78225695124496, 31.269666582918546],
            [120.78254584669577, 31.269690095227034],
            [120.78275091320381, 31.269619556807],
            [120.78299099106573, 31.269557568454246],
            [120.78316104621888, 31.269504130186803],
            [120.78340906678841, 31.269501366101153],
            [120.78371416573867, 31.269492815974928],
            [120.78398925495537, 31.269479990784887],
            [120.78427184660609, 31.26947785325278],
            [120.78602550701436, 31.269435083663893],
            [120.7870997293378, 31.269389174835922],
            [120.78805578720392, 31.269086176013175],
            [120.78954895623241, 31.26951771949713],
            [120.79093916165561, 31.269180667014155],
            [120.79142256170019, 31.26907966729148],
            [120.79208857954035, 31.26902457648788],
            [120.79288903152167, 31.268969733663496],
            [120.79364098714746, 31.26871264267271],
            [120.79428552054156, 31.268492278408658],
            [120.79516249864326, 31.268171282129103],
            [120.79549550756263, 31.268061099429545],
            [120.79620449429626, 31.267996826128552],
            [120.79771667609816, 31.267637980248637],
            [120.79879234856071, 31.267467714663965],
            [120.79911106632682, 31.267365555165213],
            [120.7992159392507, 31.267441999692025],
            [120.79908180819791, 31.267779912050045],
            [120.7990234204064, 31.267938316057553],
            [120.79898329977658, 31.268125608874044],
            [120.79900181699094, 31.268233763710967],
            [120.79910983407115, 31.2683999526095],
            [120.7992022283214, 31.268476824709865],
            [120.79937505565101, 31.268653564819118],
            [120.7995417105754, 31.268796011830602],
            [120.79962011921486, 31.26899221579386],
            [120.79970036047439, 31.269047611680605],
            [120.79990404982738, 31.269132024398274],
            [120.80004292893096, 31.269190058097195],
            [120.80033499559926, 31.269222411633592],
            [120.8004275816694, 31.269240876887693],
            [120.80052325394058, 31.26922768742078],
            [120.8010101530154, 31.269401931417264],
            [120.80132185944859, 31.26951008479115],
            [120.80150703158881, 31.26956548037377],
            [120.80160762189064, 31.269869760124735],
            [120.80170020796078, 31.270154650260295],
            [120.80183371744943, 31.27057004067838],
            [120.80196018071564, 31.270933960064895],
            [120.80212992172437, 31.27150252422932],
            [120.80235499289029, 31.27221939632274],
            [120.80245375136406, 31.27239612942101],
            [120.80268940345474, 31.272914795338522],
            [120.80286562252638, 31.27331566108171],
            [120.80274797491046, 31.27368533534805],
            [120.8026924232675, 31.273925372014332],
            [120.80254255117791, 31.274377481344914],
            [120.80240675824456, 31.27481719400417],
            [120.8023023692071, 31.27516754089511],
            [120.80199518686129, 31.275319299951747],
            [120.80167113561748, 31.275477563212533],
            [120.80145450628038, 31.275940248987325],
            [120.80125719732604, 31.27636794556237],
            [120.80105466053209, 31.276780766610344],
            [120.80098985028422, 31.27691001295743],
            [120.80086043503076, 31.277026871957503],
            [120.80058267682199, 31.27726426245144],
            [120.8003109634775, 31.27750302970128],
            [120.7998996215058, 31.277863316609952],
            [120.79944867781535, 31.278260756587372],
            [120.79923572985598, 31.278450666546064],
            [120.79910628336694, 31.278641541866804],
            [120.79886180961182, 31.279047648684923],
            [120.79858254828326, 31.279504026820973],
            [120.79833453418678, 31.279907948331967],
            [120.79814936204815, 31.280200720912347],
            [120.79789813880751, 31.280390420372385],
            [120.79752319570218, 31.280651823937845],
            [120.79718279287442, 31.28087001361368],
            [120.79680718697136, 31.281143736821804],
            [120.79638281303596, 31.281440961182412],
            [120.7959826225246, 31.281721800362916],
            [120.79596738513504, 31.282138568105864],
            [120.79597026672752, 31.282218241585525],
            [120.79596947804544, 31.282296428227824],
            [120.7959966068629, 31.282406033342482],
            [120.79603851471535, 31.282548629362452],
            [120.79608726742418, 31.2827223210966],
            [120.79614244121149, 31.282910542583437],
            [120.7961875551216, 31.28307514423682],
            [120.79622741475083, 31.2832201786629],
            [120.79626965313076, 31.283370709879833],
            [120.79638019325193, 31.283527584734003],
            [120.79649531464577, 31.283687943127276],
            [120.79782116448814, 31.285628462680023],
            [120.79888689092843, 31.287135888851324],
            [120.79925700200647, 31.287157955442794],
            [120.79989393734809, 31.288092103056613],
            [120.80030927180445, 31.288232731965948],
            [120.80084292033564, 31.288681413080894],
            [120.80099785055336, 31.28879909957685],
            [120.80095713711057, 31.28913321701043],
            [120.8006896690826, 31.28951892264132],
            [120.80068548989635, 31.289704632197214],
            [120.8009905706133, 31.290129619995213],
            [120.80151751712395, 31.29091751983586],
            [120.80205249343771, 31.29169477917722],
            [120.80260310747065, 31.292490082541846],
            [120.80283007291894, 31.29282603391208],
            [120.802919509405, 31.292806347275928],
            [120.80303111420233, 31.29273872197352],
            [120.80311025214837, 31.292667628654144],
            [120.803236061191, 31.292565323538668],
            [120.803549166072, 31.292870060351518],
            [120.80400557784338, 31.293330964278965],
            [120.80477808442822, 31.29313268943072],
            [120.80573263756469, 31.292996741700776],
            [120.80647506778223, 31.293336610657292],
            [120.80676673679608, 31.293381926425425],
            [120.80765500151966, 31.293166676332604],
            [120.80776513244592, 31.293153872246805],
            [120.80800005626708, 31.293013349021066],
            [120.80843231609862, 31.29297721444358],
            [120.80893605576478, 31.29294278854944],
            [120.80921796435064, 31.29289862403101],
            [120.80930600159314, 31.292945057128208],
            [120.80947241559323, 31.29300270760703],
            [120.80963733036862, 31.293021924424835],
            [120.80992717656414, 31.293004339286895],
            [120.81006960296094, 31.29297871685668],
            [120.81044732376387, 31.29290396792375],
            [120.81057325868352, 31.29288218883501],
            [120.81078807219257, 31.292760095294952],
            [120.81097524857574, 31.292645777180965],
            [120.81118963778391, 31.29252791349691],
            [120.8114369340471, 31.292400301012293],
            [120.81215699788316, 31.29246995923313],
            [120.81224321952271, 31.29253162088729],
            [120.81261259614041, 31.29249435757353],
            [120.81278189375706, 31.292468054049635],
            [120.81314459102128, 31.2922366751323],
            [120.81327723636855, 31.291944214785218],
            [120.81385704928755, 31.291806795665778],
            [120.81400582598144, 31.291925162298043],
            [120.8143324312702, 31.291817560627308],
            [120.81488655511214, 31.29163975694749],
            [120.8149404225349, 31.291580573471037],
            [120.81495068299762, 31.291409598773825],
            [120.81498119631237, 31.29136594605626],
            [120.81510823481062, 31.29132656676269],
            [120.81529000259155, 31.291283900507167],
            [120.81536597659544, 31.291359466198443],
            [120.81540458633492, 31.291388202431193],
            [120.81547931486392, 31.291428646003382],
            [120.81561463153952, 31.291475475005555],
            [120.81571426957811, 31.291480796524283],
            [120.81585885317361, 31.291486274960434],
            [120.81604691996978, 31.291464988884854],
            [120.81622712232218, 31.291443559954132],
            [120.81644383505414, 31.291421209564945],
            [120.81677415226403, 31.291382220639917],
            [120.81720434538988, 31.291292142522437],
            [120.817389527861, 31.29126292797926],
            [120.81742941331629, 31.29120693341308],
            [120.81744080916047, 31.291141200618597],
            [120.81785960644078, 31.291024342204977],
            [120.81801914826212, 31.291155807910485],
            [120.81838395520947, 31.29094164662368],
            [120.81832697598713, 31.29082965707643],
            [120.81858338248611, 31.290693321795573],
            [120.81869449196932, 31.29054724806177],
            [120.81890531509015, 31.290301356764886],
            [120.81993976670833, 31.290093033676953],
            [120.82042506388058, 31.29001009163244],
            [120.82046035821986, 31.290123194402867],
            [120.82044271105025, 31.290319238883143],
            [120.82032800444654, 31.290387100339927],
            [120.82033019444708, 31.29058656170254],
            [120.82037540488767, 31.290625196014062],
            [120.82047404585211, 31.290632220432585],
            [120.82058501693643, 31.290593586123904],
            [120.82083778440847, 31.290424999863703],
            [120.82117275268268, 31.290340706620157],
            [120.82158204642673, 31.29024650200897],
            [120.82204430035529, 31.29029740214736],
            [120.82216965658068, 31.29031145103356],
            [120.82273941880635, 31.29030116833364],
            [120.82342717313128, 31.290081165879542],
            [120.8238899193268, 31.289926479582377],
            [120.82435229863415, 31.289775452834462],
            [120.82533143365208, 31.28947449125056],
            [120.82583285855361, 31.28931995202217],
            [120.82644212036541, 31.28922999077423],
            [120.82696302489762, 31.289149593572247],
            [120.82749733011997, 31.288961687238654],
            [120.82822131550824, 31.28872068029517],
            [120.828303436292, 31.288443363556325],
            [120.82835622048327, 31.28825946377775],
            [120.82835217252665, 31.28764326707484],
            [120.82862240789439, 31.287184407275063],
            [120.82882077825457, 31.28684014586854],
            [120.82904081856094, 31.286457190515378],
            [120.8292666555862, 31.28606598125633],
            [120.82948038282859, 31.28570162946481],
            [120.82945837272626, 31.285678546845787],
            [120.82943298552954, 31.285614973641273],
            [120.82935777487683, 31.28543541247214],
            [120.82924989531966, 31.285176155701734],
            [120.8292880711482, 31.285001477015257],
            [120.82931178789573, 31.28490854773183],
            [120.82932379252867, 31.28472003644829],
            [120.82934330005429, 31.28446612271948],
            [120.82935680522115, 31.28426907905215],
            [120.8293688098542, 31.284095955285224],
            [120.82937677588967, 31.28400637730941],
            [120.8295388384389, 31.284029460519193],
            [120.82972641083273, 31.28435518964656],
            [120.82988034040977, 31.284622502490024],
            [120.83005374681642, 31.284923621338294],
            [120.83030734469253, 31.284799229601475],
            [120.8318240942724, 31.28402952090157],
            [120.83315138029735, 31.28340798273058],
            [120.83386047831226, 31.282941826413136],
            [120.83522412833725, 31.28270874739067],
            [120.83749687838201, 31.28225812631355],
            [120.840042473126, 31.28165592278728],
            [120.84098793714355, 31.28151607353638],
            [120.84367887319581, 31.28204439184198],
            [120.8448453602415, 31.282044394575067],
            [120.84493627024392, 31.282324091303465],
            [120.84482717824147, 31.284390713642622],
            [120.84455444823641, 31.284561635266698],
            [120.84452812167297, 31.284879167041325],
            [120.84455712992093, 31.285092363636352],
            [120.84467316291142, 31.285320433879136],
            [120.84486461734696, 31.28565758018324],
            [120.845201113021, 31.28587573303247],
            [120.8458583908747, 31.28617435929695],
            [120.84711734882683, 31.28681393885026],
            [120.84715556630323, 31.289025232819],
            [120.84720572177667, 31.289049138856143],
            [120.84713154207651, 31.28916535536858],
            [120.84708827058495, 31.28946910239472],
            [120.84700650233196, 31.290119169113012],
            [120.84713940762788, 31.290462531770686],
            [120.8475028712175, 31.291395178547518],
            [120.84768435746128, 31.291878112668158],
            [120.848070710066, 31.292345605102128],
            [120.84868232660494, 31.293075657767744],
            [120.84913496208327, 31.29362500531022],
            [120.84973639785079, 31.29437482886098],
            [120.84979203262702, 31.29464686555731],
            [120.84987123545193, 31.29504217518297],
            [120.84991141612238, 31.29531685106322],
            [120.85005527942417, 31.296026767995528],
            [120.85017975314042, 31.296778682075015],
            [120.85031721209396, 31.297515255536453],
            [120.85042491178109, 31.298180061605507],
            [120.85051973973901, 31.298816139453493],
            [120.8505925212645, 31.299360006238416],
            [120.85070255644314, 31.30012011544399],
            [120.8507595631637, 31.30047032740488],
            [120.85101919211331, 31.300668399644394],
            [120.85142630314908, 31.300991783976485],
            [120.85127547019096, 31.30155101820756],
            [120.85122125436249, 31.301748452701858],
            [120.85121321543176, 31.301816508020877],
            [120.85120796339089, 31.30192071922707],
            [120.85120212828645, 31.302009935881642],
            [120.85122021865078, 31.302079742300535],
            [120.8512548501796, 31.302186933042947],
            [120.85128341349537, 31.302296257914463],
            [120.85128808197453, 31.302312213623253],
            [120.8512904162165, 31.30233215825598],
            [120.85131567552139, 31.302658874325104],
            [120.85152191190411, 31.302960042197242],
            [120.8517933259123, 31.303351940626612],
            [120.85204360854107, 31.303721367076378],
            [120.85224333726109, 31.304010786523506],
            [120.85235582983256, 31.304164572287604],
            [120.85245875739525, 31.304317764536805],
            [120.85276248734192, 31.304501986436662],
            [120.85318162725042, 31.304746602471027],
            [120.85355563037433, 31.304992816964514],
            [120.85395147200717, 31.305002753839418],
            [120.85411180744188, 31.304904724113214],
            [120.85426781247838, 31.304822877534093],
            [120.85432417957162, 31.304792272478636],
            [120.85452840617216, 31.304868574882278],
            [120.85448145146131, 31.30500953212787],
            [120.8544706827173, 31.30503876149625],
            [120.8544557264762, 31.305087832107475],
            [120.85443897548635, 31.305132813478252],
            [120.85443478774016, 31.30515428185204],
            [120.85442475136045, 31.305165564357395],
            [120.85440204892478, 31.305201712988065],
            [120.8543770946942, 31.305236651758563],
            [120.85434755782563, 31.305282194369553],
            [120.854322773141, 31.305320823740303],
            [120.85429732998205, 31.30535794464828],
            [120.85426335074249, 31.305409481455783],
            [120.85422358508237, 31.305470135139643],
            [120.85419928025817, 31.305507932896816],
            [120.85404959957481, 31.30573937168505],
            [120.85396902496586, 31.305857602823977],
            [120.8538341500801, 31.305921956419724],
            [120.85380787575144, 31.305936922365973],
            [120.85377744329037, 31.30617742683495],
            [120.85389231725259, 31.30638845614226],
            [120.85409725701481, 31.306584508877776],
            [120.85421018844852, 31.306707854335016],
            [120.85434506333422, 31.306793159484826],
            [120.85459159233994, 31.306965590571906],
            [120.85470544776234, 31.30711674484489],
            [120.85489652149914, 31.307334145010884],
            [120.85501212854456, 31.307440401584458],
            [120.85514174856496, 31.30755264431366],
            [120.85527050396558, 31.3076726340324],
            [120.8553843593898, 31.307771407397738],
            [120.85553874523708, 31.30791092099072],
            [120.8556709776571, 31.30803047116308],
            [120.85581172805303, 31.308160671909107],
            [120.85601140739692, 31.308333620164206],
            [120.8562385957456, 31.308541174795693],
            [120.85635069954685, 31.308644436905382],
            [120.85784665060214, 31.309599383120585],
            [120.85959588096597, 31.310513110193725],
            [120.86106660799328, 31.311231410160943],
            [120.86251563416613, 31.311847871457744],
            [120.86297448611958, 31.31184631827672],
            [120.8634142923101, 31.311565352363388],
            [120.86347372557753, 31.31224914746062],
            [120.86379007759456, 31.31276643123381],
            [120.86452187704958, 31.313144785269202],
            [120.86531615881898, 31.3133372849708],
            [120.86609044253493, 31.31326619638284],
            [120.8664092003425, 31.31323561039798],
            [120.86736871802219, 31.313237538335756],
            [120.86761876438538, 31.313066657076817],
            [120.86777684397879, 31.312561745106137],
            [120.86795307641961, 31.312608379740894],
            [120.86788745178279, 31.313173460693505],
            [120.86826260578249, 31.313211887334433],
            [120.86877631959283, 31.313531907649377],
            [120.86940551565215, 31.313493653213342],
            [120.86983283830205, 31.313470339320247],
            [120.87058200427589, 31.31336366593304],
            [120.8713488797739, 31.31326445709381],
            [120.87238583608058, 31.31326445709381],
            [120.87277673060436, 31.313250542249122],
            [120.87307533058748, 31.31328301021749],
            [120.87351984128958, 31.313024835579],
            [120.8739813139922, 31.312950622860058],
            [120.87430163033866, 31.31283930367205],
            [120.8743616014595, 31.312708509432625],
            [120.8746547723527, 31.3126389347766],
            [120.87464391417171, 31.312759530814077],
            [120.875239373091, 31.312896277239545],
            [120.87555138510959, 31.312788799249716],
            [120.87579026509627, 31.312728501268708],
            [120.8766752068658, 31.312612543504954],
            [120.87691391944458, 31.31229409085789],
            [120.87706593398178, 31.312312644172692],
            [120.87708765034381, 31.31254456029646],
            [120.87769147102438, 31.312680560700187],
            [120.87843930482705, 31.31267067674436],
            [120.8788464866231, 31.31266603843376],
            [120.8799910217158, 31.31248644288455],
            [120.88089944185651, 31.31230303586392],
            [120.88109265462708, 31.312064205567324],
            [120.88117952007804, 31.312425995425286],
            [120.8820392954625, 31.312610034072293],
            [120.88271793178836, 31.31261931069878],
            [120.88284375344642, 31.312532564426988],
            [120.8832329953616, 31.31259745161428],
            [120.88347670557204, 31.31262862106564],
            [120.88388882358487, 31.31272680014507],
            [120.88459379578285, 31.312892768407252],
            [120.88533444782507, 31.313069158884872],
            [120.88619831046839, 31.313194421174643],
            [120.88663111618501, 31.31313774618667],
            [120.8868292498451, 31.313232539270373],
            [120.88697983142748, 31.313286706704673],
            [120.88721852568727, 31.313715828019497],
            [120.8879865680297, 31.314154624216982],
            [120.88801826941688, 31.31442884384414],
            [120.88889227635798, 31.314860340825106],
            [120.88924194035314, 31.314837460989594],
            [120.88952329015171, 31.31487470046872],
            [120.88937270856934, 31.315179386565262],
            [120.88964761754414, 31.31567711172069],
            [120.8900676609062, 31.316015648882015],
            [120.89047581604484, 31.316316944260606],
            [120.89118607594645, 31.316772542736715],
            [120.89160639650828, 31.317027219227015],
            [120.89191548501833, 31.31754178785455],
            [120.8921324393437, 31.318000933463907],
            [120.89249691440199, 31.318780072178768],
            [120.8928015489239, 31.31944713727998],
            [120.89361963161252, 31.320249596354515],
            [120.89431510689752, 31.320925834456204],
            [120.89471026818597, 31.32130883105873],
            [120.89508672213992, 31.3215965705148],
            [120.89545921342221, 31.32190462001546],
            [120.8960099136849, 31.322367699318235],
            [120.89668242477245, 31.322835211517628],
            [120.89711831882505, 31.323129716527816],
            [120.89738302997603, 31.323317268174904],
            [120.89775552125843, 31.3235508399938],
            [120.89833803421965, 31.323916429504294],
            [120.8994183913714, 31.324384590618948],
            [120.90020397509522, 31.32445567656552],
            [120.9007111972673, 31.32450306742291],
            [120.9012057067979, 31.32440775867886],
            [120.90149329139359, 31.324151643469563],
            [120.9017530701201, 31.323929729890125],
            [120.90184849903898, 31.32334097704303],
            [120.90200234419251, 31.32255901217924],
            [120.90201294740422, 31.322078945453427],
            [120.90220910685207, 31.321766447873088],
            [120.90235671295909, 31.32099406084332],
            [120.90275433345806, 31.320930654890716],
            [120.90276493667147, 31.320799313852348],
            [120.90275415565748, 31.320817329360082],
            [120.90266581396412, 31.320796510693043],
            [120.90247694551823, 31.32073925933564],
            [120.90265139915999, 31.320503567876656],
            [120.90283938914445, 31.320249418933358],
            [120.90296428602119, 31.320085470818313],
            [120.90302025729045, 31.319642950783148],
            [120.90306425121884, 31.319329275404456],
            [120.90311481826922, 31.318956780517382],
            [120.90313557122033, 31.318815765038465],
            [120.9032286352986, 31.318627847387532],
            [120.90338819152129, 31.31834012514591],
            [120.90351310658474, 31.31809899074115],
            [120.90365818154106, 31.31784680142441],
            [120.90384330677648, 31.31754271404357],
            [120.90397957413097, 31.317300186975245],
            [120.90407094613619, 31.317133949474808],
            [120.90413212101373, 31.31700224579727],
            [120.90420149605569, 31.316866364301433],
            [120.90432525298058, 31.31660337482576],
            [120.90456313912858, 31.31614244850813],
            [120.9048054759973, 31.315890487113236],
            [120.90511007535844, 31.315575975706082],
            [120.90548364951621, 31.315179400415886],
            [120.90571738967424, 31.314933252449762],
            [120.90584705099616, 31.314783515401658],
            [120.90649317525362, 31.31443999908997],
            [120.90675544674701, 31.314307005073545],
            [120.90722348788154, 31.31425952621703],
            [120.9076546627719, 31.31421015926948],
            [120.90819781857772, 31.314140770940668],
            [120.90863340581376, 31.314074955655116],
            [120.90900904627557, 31.314025805523556],
            [120.90939810965648, 31.313993834669986],
            [120.91001571672575, 31.314293071938025],
            [120.91042570785521, 31.314304018687466],
            [120.91126247713191, 31.31433964681952],
            [120.91173964204404, 31.314342537994804],
            [120.91211697141961, 31.31432374591101],
            [120.91289847190399, 31.314304137386586],
            [120.9133316428896, 31.31425787855342],
            [120.91415485508418, 31.314185856916183],
            [120.91429868138766, 31.314151162749226],
            [120.91472339200146, 31.3142422349094],
            [120.9148353947275, 31.3143307231815],
            [120.91508745800087, 31.31435225767214],
            [120.91514703659305, 31.314258288950313],
            [120.91549075923763, 31.31417802392623],
            [120.91558929306319, 31.31417802392623],
            [120.91606821328094, 31.314256331267586],
            [120.91653108318695, 31.314324561852118],
            [120.91713603504212, 31.314381334593193],
            [120.91765391049466, 31.31443419194143],
            [120.91801596501381, 31.31447334551403],
            [120.91865406600436, 31.314449852284966],
            [120.91922235424317, 31.31444202005352],
            [120.91959357470085, 31.314436147016707],
            [120.92021568487064, 31.314338265408395],
            [120.92072897612968, 31.314261913446742],
            [120.9211597751783, 31.314203182950436],
            [120.92173496656108, 31.314055567888516],
            [120.92213826779931, 31.3139694296258],
            [120.92248431105912, 31.313738140382085],
            [120.92307551400842, 31.313509089965237],
            [120.92357433379652, 31.313308305731667],
            [120.92437691585673, 31.31298395500984],
            [120.9258099391568, 31.312470788546378],
            [120.92605534583231, 31.31243850854156],
            [120.92641324490154, 31.312768417319703],
            [120.92664242588376, 31.31283278962991],
            [120.92684649114176, 31.31278182822126],
            [120.92695951190103, 31.31273623114805],
            [120.92712904303812, 31.31265844785534],
            [120.92729229524411, 31.312583346684278],
            [120.9273761152021, 31.31264866643633],
            [120.92708052235997, 31.312937384899968],
            [120.92716102071427, 31.313142480661313],
            [120.92684100065901, 31.313234540583835],
            [120.926595105768, 31.313338426004435],
            [120.92639757713721, 31.313420107045815],
            [120.92654032481488, 31.31372328387863],
            [120.92670177110585, 31.31406865380127],
            [120.92690580673269, 31.314501944397804],
            [120.9273307467692, 31.31429859019356],
            [120.92700285229591, 31.31361275265124],
            [120.92737597359337, 31.313494421020664],
            [120.92849118337051, 31.31584910015097],
            [120.92817742227987, 31.315940865256422],
            [120.92757534018864, 31.314660975447794],
            [120.92686584439025, 31.314839678088944],
            [120.92731503723701, 31.316230020375585],
            [120.9288022831305, 31.315996180299265],
            [120.9289937905263, 31.315958631051515],
            [120.92964679935415, 31.315725288963776],
            [120.92942655643833, 31.31593948470919],
            [120.92928784081403, 31.316035852776437],
            [120.92917961214033, 31.316116593512803],
            [120.92893361932494, 31.316365970931585],
            [120.92875891289333, 31.316668400571203],
            [120.92895737822641, 31.31715388013228],
            [120.92915933685754, 31.317673820715896],
            [120.92951284824818, 31.31862827977706],
            [120.92969771144863, 31.319143098102458],
            [120.92988585891283, 31.319533187458703],
            [120.92970616751444, 31.319616261835066],
            [120.9294545995561, 31.31922617282295],
            [120.92906145396188, 31.319045126301916],
            [120.92880565797185, 31.3186803186739],
            [120.92860827218584, 31.317757658554584],
            [120.92848988782845, 31.317632642255447],
            [120.92820872363956, 31.317316591383516],
            [120.92786233180749, 31.31681845987572],
            [120.92765264392983, 31.31675443633668],
            [120.92759979351808, 31.31682487104314],
            [120.92747929457948, 31.316980188414888],
            [120.92735879564214, 31.317218582022093],
            [120.92737690136937, 31.3172914666673],
            [120.92740761879799, 31.317397627266317],
            [120.9274550911876, 31.31758370622967],
            [120.92751134152007, 31.31778795519213],
            [120.92753787020752, 31.317897693657727],
            [120.9275097957269, 31.31837771017082],
            [120.92750141824644, 31.31849579755749],
            [120.92764027890695, 31.318786716412532],
            [120.92778246052671, 31.31905267765893],
            [120.92801339082604, 31.319506810514454],
            [120.92811117593817, 31.31947910067072],
            [120.92824454043722, 31.319460553776267],
            [120.9283112226858, 31.31948969889453],
            [120.92838565868527, 31.319573159864277],
            [120.92840736918322, 31.319602304947622],
            [120.92843063043404, 31.319659270311078],
            [120.92840891993416, 31.319867259835107],
            [120.92855779193121, 31.319854012109076],
            [120.92858968434422, 31.319911874990524],
            [120.92858809949871, 31.32011861728182],
            [120.92874343071082, 31.320378806406666],
            [120.92880468095603, 31.32048334338839],
            [120.92873235946337, 31.320601687733117],
            [120.92879749096295, 31.320857366499126],
            [120.92883936617199, 31.320921168999902],
            [120.92899133966904, 31.32098078307935],
            [120.92903010841974, 31.321039072365735],
            [120.92902659979961, 31.321111048762276],
            [120.92875056630339, 31.321247498436477],
            [120.9287009423038, 31.32129121528081],
            [120.92879454176796, 31.32146742264578],
            [120.92879919401696, 31.321541608619796],
            [120.9286503220199, 31.321503190890155],
            [120.92858674127126, 31.321532335376148],
            [120.9285824606439, 31.321534354976535],
            [120.92859511427565, 31.321549668484508],
            [120.92862062653455, 31.321577083189],
            [120.92866543012889, 31.321624494345244],
            [120.92867702929067, 31.321637781052672],
            [120.92868695032962, 31.321663558005994],
            [120.92870753869732, 31.32171648988806],
            [120.92872632370012, 31.32176587265097],
            [120.92882190431061, 31.321879222553733],
            [120.92896311190214, 31.321909379561646],
            [120.92920316480547, 31.321903348160845],
            [120.92942733185578, 31.321818908509826],
            [120.92974218156002, 31.321708790494398],
            [120.92994869766147, 31.321639429213946],
            [120.93032793331315, 31.321447525194287],
            [120.93071641738527, 31.321230534280502],
            [120.93090567885764, 31.32123478900914],
            [120.9315581328766, 31.322387813374434],
            [120.93169145026673, 31.322496124050645],
            [120.9317327704079, 31.32254771331631],
            [120.93163481203487, 31.322770072544685],
            [120.93159984883852, 31.322957422354605],
            [120.93170982038993, 31.32320183750865],
            [120.93189846849901, 31.323378647199192],
            [120.93206503674764, 31.323535785149815],
            [120.9323335345801, 31.323706628509854],
            [120.93268707938273, 31.323927146440468],
            [120.9324112565651, 31.324231798079566],
            [120.93227233236615, 31.3243841704938],
            [120.93205941469324, 31.32446583189642],
            [120.93196412488885, 31.324575293105042],
            [120.93181493767491, 31.324640869558294],
            [120.93165416310626, 31.324637157684748],
            [120.9315875358065, 31.324606225400373],
            [120.93152525375643, 31.324634683100598],
            [120.93152070845542, 31.324634826577295],
            [120.93154525987501, 31.32469774463081],
            [120.93161498078251, 31.324726469158676],
            [120.93171485096485, 31.324728957441437],
            [120.9317689361489, 31.32473146858017],
            [120.93201137347643, 31.324660111164746],
            [120.93206240518401, 31.324639461809596],
            [120.93229607668559, 31.324641756182587],
            [120.93247334472085, 31.32475418039148],
            [120.93238202482303, 31.3248849594044],
            [120.93243037065122, 31.32507768603932],
            [120.93263986923864, 31.325203875884398],
            [120.9328305666723, 31.32526811792205],
            [120.93290718770362, 31.32527544477844],
            [120.93326075359869, 31.325018267808105],
            [120.93345256534315, 31.32478589600322],
            [120.93436788990641, 31.32554255993395],
            [120.93506581331587, 31.326112901644024],
            [120.93483826615181, 31.32629322262406],
            [120.93468830424291, 31.326468988278677],
            [120.93453659858977, 31.32648388365824],
            [120.93407450665796, 31.32621427692581],
            [120.93383861192467, 31.32595929554448],
            [120.93364576301173, 31.325839249788018],
            [120.93360042569196, 31.325807969274976],
            [120.9334417450662, 31.32565901430503],
            [120.9332705442402, 31.325642378174265],
            [120.93323566937715, 31.325712387052306],
            [120.93331413781789, 31.325824103238304],
            [120.93343794358054, 31.32591496563829],
            [120.9337884359528, 31.326032639763937],
            [120.93385920276341, 31.326156031531823],
            [120.9339882397565, 31.326227529569763],
            [120.93405798948044, 31.326330307903262],
            [120.93427072614486, 31.326442023355924],
            [120.93442627669157, 31.326581498868862],
            [120.93462855089706, 31.326666402398217],
            [120.93479071900907, 31.326632143089086],
            [120.93503893178524, 31.32647130775426],
            [120.93505573440376, 31.326419277711835],
            [120.93533087728031, 31.326202186536605],
            [120.93640938950927, 31.327025551786008],
            [120.937281154591, 31.32774549670995],
            [120.93780413308565, 31.32782981883858],
            [120.93788604585075, 31.327845965854237],
            [120.93790494879653, 31.327901583330913],
            [120.93782933701334, 31.328030759279088],
            [120.93788400534618, 31.328143047143982],
            [120.9378398984727, 31.328216605503158],
            [120.93786930305504, 31.328410368710465],
            [120.93771889378706, 31.328562863591998],
            [120.93771469313242, 31.328636421623116],
            [120.93776090033327, 31.3286884504395],
            [120.93775669967857, 31.328756626086587],
            [120.93770839215051, 31.3288032725539],
            [120.93766008462228, 31.32874227332333],
            [120.9375235633483, 31.328692038632695],
            [120.9373807410924, 31.328794302081192],
            [120.93738950653983, 31.32886461730294],
            [120.93730759377462, 31.32897585102016],
            [120.93708705940821, 31.329069143713838],
            [120.93699935160942, 31.32924969756118],
            [120.93691323819093, 31.32925507981888],
            [120.93679982051606, 31.329082847421773],
            [120.93672492969097, 31.328622862740474],
            [120.93657790678049, 31.32860312766165],
            [120.93646448910567, 31.328692832531672],
            [120.93644119862557, 31.32883517193298],
            [120.93663956759781, 31.329136689614074],
            [120.93671097872647, 31.329165395018705],
            [120.93686640294624, 31.32929815740316],
            [120.93695041603871, 31.32932686275855],
            [120.93698822193033, 31.32936992077603],
            [120.93696511832991, 31.32943450776476],
            [120.93702602782065, 31.32950627103365],
            [120.93723878176877, 31.32965630721324],
            [120.93732699551589, 31.329692188770238],
            [120.93737320271674, 31.32950381044445],
            [120.93734379813435, 31.32945537024284],
            [120.9372723870058, 31.329430253091203],
            [120.9373227948613, 31.32938898918519],
            [120.93741310893444, 31.329381812851764],
            [120.93762734231888, 31.32945537024284],
            [120.93772395737517, 31.3293854010185],
            [120.93781847210295, 31.329372842434196],
            [120.93793399010508, 31.329446399832293],
            [120.93784787668534, 31.329625807879566],
            [120.93774286032101, 31.32973704069674],
            [120.9377597633453, 31.329799921909682],
            [120.93787318101874, 31.329882449343884],
            [120.93803477398376, 31.329892027562607],
            [120.93827489530122, 31.329851392816963],
            [120.93832699709702, 31.32984558785185],
            [120.9383904253703, 31.32987558016768],
            [120.93845045569964, 31.330001354289934],
            [120.93862229467112, 31.330166222389707],
            [120.9386687332277, 31.33020975947086],
            [120.93890967672127, 31.330545067640912],
            [120.93891167303457, 31.330683600977324],
            [120.93900115220515, 31.330672958635162],
            [120.93918268314331, 31.33089460064643],
            [120.93911132633662, 31.330922657661702],
            [120.93898900038243, 31.33084332401073],
            [120.93881797057492, 31.330837519107405],
            [120.93868205284792, 31.33077947004854],
            [120.93855964600345, 31.330881863310097],
            [120.93865139046943, 31.331035693069282],
            [120.93866611488937, 31.331069554932483],
            [120.93866305060976, 31.331176466092202],
            [120.9386585200188, 31.331206457983896],
            [120.93863699971251, 31.33126644173805],
            [120.93850926099924, 31.331350351983133],
            [120.9384798121581, 31.331411303123744],
            [120.93869161728418, 31.331479026567024],
            [120.93871653553299, 31.331547717438298],
            [120.93856249544217, 31.33161060340383],
            [120.93846329250897, 31.331711830499174],
            [120.93842251719047, 31.331775683829463],
            [120.93847688428184, 31.331813415321818],
            [120.9384213845434, 31.331860821535102],
            [120.93843411006225, 31.33194215756575],
            [120.93856492745095, 31.332148633735926],
            [120.93862464843352, 31.332236082330894],
            [120.93874693425505, 31.33232353084388],
            [120.93876968510551, 31.33258587589529],
            [120.93918579382392, 31.33332614535601],
            [120.93971974524197, 31.334445759837692],
            [120.93981643635664, 31.334547780699666],
            [120.93988753276443, 31.334596362024],
            [120.94024614407391, 31.335175749962474],
            [120.9405551883288, 31.335644744152688],
            [120.9408310423895, 31.33577834117615],
            [120.94109836488127, 31.335763766964547],
            [120.94174893762732, 31.336202660430715],
            [120.94189283406587, 31.33629272116808],
            [120.94184448850854, 31.336377736892018],
            [120.94201511988564, 31.33647246860825],
            [120.94207768472455, 31.3364360333438],
            [120.9426307115528, 31.336757504441536],
            [120.94272455881111, 31.336798797599144],
            [120.94305160228367, 31.33692753497347],
            [120.94358445659736, 31.33710635733378],
            [120.94466439057834, 31.33748976311449],
            [120.94508642755926, 31.337642620036533],
            [120.94566373038748, 31.337586753320636],
            [120.94622065444958, 31.33753562687268],
            [120.94633782812502, 31.337441317598632],
            [120.9463543979212, 31.337356402078967],
            [120.94625635996118, 31.337212517272974],
            [120.94629778445005, 31.337193647118056],
            [120.94644138935053, 31.337363478375266],
            [120.9464924795547, 31.33742952378097],
            [120.94652009588168, 31.337555717552846],
            [120.94675759629246, 31.337536847466765],
            [120.94709867736759, 31.33750430824965],
            [120.94723508511146, 31.337432610752273],
            [120.94753656643172, 31.33728219566933],
            [120.94792968762721, 31.33708243776121],
            [120.94850021549763, 31.336625866220217],
            [120.9483207471925, 31.336405098304482],
            [120.94913401020955, 31.335540785114034],
            [120.94916035221979, 31.33546185127625],
            [120.94946078992797, 31.33526143773136],
            [120.9495308319162, 31.335204213236935],
            [120.94974400318267, 31.334983118273925],
            [120.94984256074127, 31.33487792816645],
            [120.95007400383076, 31.33452417474956],
            [120.95020190659181, 31.33445914640359],
            [120.95030082820648, 31.334335887162226],
            [120.95034661620184, 31.334188583031406],
            [120.95053542503763, 31.33384263047897],
            [120.95078328144365, 31.333439355231036],
            [120.95098709503446, 31.333127804459735],
            [120.951056330099, 31.3330245737436],
            [120.95115987042936, 31.33281127720099],
            [120.95129861207971, 31.332241427255298],
            [120.95124470857047, 31.331770419132738],
            [120.95133517466957, 31.331733213373553],
            [120.95135862884138, 31.331332535037802],
            [120.95137873241896, 31.33112933323025],
            [120.95130501930322, 31.330774444513068],
            [120.95126750711864, 31.33074091660879],
            [120.95124523305702, 31.330722651592467],
            [120.95115034555869, 31.330726076283554],
            [120.95111069772855, 31.33072873993163],
            [120.95106704057042, 31.330729881494946],
            [120.95100823704803, 31.330732925664364],
            [120.95094276897782, 31.33071305955518],
            [120.95089287508097, 31.330696697140297],
            [120.9508220719872, 31.330674626818293],
            [120.95076415942776, 31.330656742310808],
            [120.9507129290875, 31.330640379886134],
            [120.95064744074392, 31.330619298546594],
            [120.95057170893568, 31.330596467246124],
            [120.95049642261, 31.330571733331723],
            [120.95047444014159, 31.33059244462362],
            [120.95045572993183, 31.330609187578503],
            [120.95044013808933, 31.330623266878547],
            [120.95041768415865, 31.330674564132423],
            [120.95040075587275, 31.330708811052148],
            [120.95038160018044, 31.330753332030028],
            [120.95035509851067, 31.330810236528322],
            [120.95028728028018, 31.330828688184525],
            [120.95024228667643, 31.33077922047039],
            [120.95019328423871, 31.330725801239282],
            [120.95017932653838, 31.330665214481286],
            [120.95011918657474, 31.33065303779435],
            [120.95002646347979, 31.330632086058344],
            [120.94999706179112, 31.330493808167162],
            [120.95022805394319, 31.330502940891776],
            [120.95045249441682, 31.33051207375182],
            [120.95067765793061, 31.330519519908336],
            [120.95108645110497, 31.33053691609223],
            [120.95107717843763, 31.330416599721048],
            [120.95106830242486, 31.330328575243556],
            [120.95104625903923, 31.330081290009716],
            [120.95073250077644, 31.327014723293786],
            [120.95107516782684, 31.326765198902947],
            [120.9511322487242, 31.326805990152934],
            [120.95114388158362, 31.32694845971602],
            [120.95128622629221, 31.326901723672393],
            [120.95136149811134, 31.32690248866291],
            [120.9514945695501, 31.32696902810794],
            [120.95156364694014, 31.32693560072974],
            [120.95161233270022, 31.326891715839565],
            [120.95164396310923, 31.32676454117221],
            [120.95152251017032, 31.326600329144284],
            [120.95144423461733, 31.326596809967796],
            [120.95143959988019, 31.326528186000303],
            [120.95158311415844, 31.326485932419118],
            [120.95164748550144, 31.32667728767295],
            [120.95172251897475, 31.326688850330015],
            [120.95187390526036, 31.326640705869238],
            [120.95205611252675, 31.326513840084914],
            [120.95207098336817, 31.32645276821586],
            [120.95196683715926, 31.32627836869557],
            [120.95190466188171, 31.326234662433976],
            [120.9518955946545, 31.326169932870528],
            [120.95199230307327, 31.32607462037636],
            [120.95201993171446, 31.32595524745959],
            [120.95198630405434, 31.325852656211126],
            [120.95200311788437, 31.325733650222688],
            [120.95223733453031, 31.325426245909227],
            [120.95229496710266, 31.32541878610418],
            [120.95256421873927, 31.325303323002217],
            [120.95266409901393, 31.325261285289926],
            [120.95301583646199, 31.32503426083082],
            [120.95335143925342, 31.324737517806753],
            [120.95377959226329, 31.324355437663414],
            [120.95440338651798, 31.323994966968243],
            [120.95439102671611, 31.323992846167158],
            [120.95441344298683, 31.323879149493067],
            [120.95454389348578, 31.323801285141798],
            [120.95479693490012, 31.32364499454053],
            [120.954850095229, 31.32361359134852],
            [120.9549205705282, 31.32347891273632],
            [120.95517648079874, 31.323294771573288],
            [120.95543484387099, 31.32310692512071],
            [120.95582294612785, 31.32271022209443],
            [120.95615286801615, 31.322601945782267],
            [120.95619617646406, 31.32255530948261],
            [120.95642917214758, 31.3225202788677],
            [120.95746817655436, 31.321733008847758],
            [120.95753459792388, 31.32152769326204],
            [120.95789871096315, 31.321424010370123],
            [120.95782402110854, 31.32119803444067],
            [120.95851801433719, 31.320980033618383],
            [120.95883233414008, 31.3211156195552],
            [120.95919761370504, 31.321115026716072],
            [120.95972355476079, 31.32122402703486],
            [120.96075987648777, 31.321189465971827],
            [120.96127902377697, 31.3211723633423],
            [120.961392489871, 31.320993751793253],
            [120.96276453733543, 31.320849140026013],
            [120.9638490091495, 31.320744182797824],
            [120.96471416662638, 31.320566059353354],
            [120.96487910672005, 31.320579352159427],
            [120.96477018401731, 31.32067771886514],
            [120.96461162544858, 31.32070943625945],
            [120.96453442566457, 31.320825564718447],
            [120.96487175515279, 31.32078255419532],
            [120.9650083413294, 31.32070234563328],
            [120.96513085402921, 31.320785499365186],
            [120.96530874918182, 31.320809871997128],
            [120.96563172524657, 31.320695143321174],
            [120.96563172524657, 31.320552176078635],
            [120.96476198258972, 31.320084397012778],
            [120.96450911839037, 31.319945484248436],
            [120.96438555604442, 31.3192023462355],
            [120.96453620286235, 31.31916386796979],
            [120.96449930968373, 31.318987896271707],
            [120.96503426077032, 31.31888546483364],
            [120.96504216467406, 31.318305686510897],
            [120.96583229357765, 31.31821376019981],
            [120.96578925153591, 31.31862348820694],
            [120.96533423566973, 31.31871541411725],
            [120.96530041692262, 31.31905947887134],
            [120.96537727771147, 31.31914089859083],
            [120.96545721293, 31.319062105315055],
            [120.96541109645858, 31.318786328329423],
            [120.96589685664026, 31.318781075427395],
            [120.96619815093067, 31.318686523126246],
            [120.9665517105555, 31.318652379217255],
            [120.96653940212502, 31.318570959685516],
            [120.96599830217536, 31.318570959685516],
            [120.96600445103843, 31.31813234028884],
            [120.9674801666302, 31.3179511180782],
            [120.96753550639812, 31.318439641090634],
            [120.96704359735332, 31.318492170296267],
            [120.96699748088002, 31.31862349318051],
            [120.96714812802429, 31.318618240269373],
            [120.96747094333546, 31.31873643071583],
            [120.96782450296223, 31.318628746092102],
            [120.9681129516415, 31.31974232719955],
            [120.9681991582807, 31.319850628001134],
            [120.96823972611088, 31.320136541518607],
            [120.96797603521594, 31.320288161970794],
            [120.96656123214609, 31.32045711018722],
            [120.96628232831489, 31.320322818040182],
            [120.96591721784591, 31.320270833931318],
            [120.96559774618436, 31.319776983469183],
            [120.9654912556316, 31.319482404767257],
            [120.96536448116211, 31.319686010733136],
            [120.96541011997118, 31.319867956117278],
            [120.9658715790369, 31.320409458157172],
            [120.96598821154726, 31.320539418182847],
            [120.96638881886923, 31.320773345778065],
            [120.96674885835938, 31.320799337697338],
            [120.96779078610012, 31.321266216367874],
            [120.96826745810216, 31.321192572943716],
            [120.96847536823054, 31.321253220473537],
            [120.96876722985587, 31.321553251593983],
            [120.96925911479428, 31.32173952531285],
            [120.9695988703694, 31.321730861427028],
            [120.9698574902855, 31.3215879071971],
            [120.96989198177772, 31.321564597162492],
            [120.969880897422, 31.321426350279552],
            [120.96980995754473, 31.321305147366502],
            [120.96967694527626, 31.321225607869863],
            [120.96922470356174, 31.321225607869863],
            [120.96921140233474, 31.321087360489187],
            [120.96931781215062, 31.32096994474685],
            [120.97041959711055, 31.32069155522325],
            [120.9705725612207, 31.32104948445948],
            [120.97041959711055, 31.321089254290328],
            [120.97025111490342, 31.321307041163266],
            [120.97036785448961, 31.321572157542533],
            [120.9704631799496, 31.321697147690287],
            [120.97076200498441, 31.32183232600292],
            [120.97091718596454, 31.32187398928842],
            [120.97197708687747, 31.321895087820053],
            [120.97212088753264, 31.32183546132532],
            [120.97225833354338, 31.321924469228748],
            [120.97214970685775, 31.322039989998814],
            [120.97219682006255, 31.322178241740545],
            [120.97326431251804, 31.32204289093437],
            [120.9737552680557, 31.32189310398087],
            [120.97391057031899, 31.321935900277325],
            [120.97363002429637, 31.32205572980513],
            [120.97358493654258, 31.322162720326006],
            [120.97431636010072, 31.322030052061834],
            [120.97441655510931, 31.32200437431227],
            [120.97481733514064, 31.321760435336813],
            [120.97483236436614, 31.321632046153667],
            [120.97499768612886, 31.321546453264375],
            [120.97511792013762, 31.321589249719096],
            [120.97588323592242, 31.321425607873962],
            [120.97666976673378, 31.32138709099864],
            [120.97737188087115, 31.321018824855557],
            [120.97832011417233, 31.32082338021364],
            [120.97825498741673, 31.320459606772502],
            [120.97831009461487, 31.32036766146473],
            [120.97756364180685, 31.319575913638204],
            [120.977795606516, 31.319388140121717],
            [120.97764531400315, 31.319199831174885],
            [120.97736977773104, 31.318883128914976],
            [120.97794088927697, 31.31860066383875],
            [120.97940874614227, 31.320137092432432],
            [120.97924916082752, 31.32023658960449],
            [120.97993629106975, 31.32026734934024],
            [120.98069080631853, 31.319776955565914],
            [120.9813208169856, 31.319349907561033],
            [120.98179228733875, 31.31904065169276],
            [120.98245841359784, 31.31890735769619],
            [120.984451551039, 31.317381785087036],
            [120.98493503166003, 31.316845187443192],
            [120.98475509467369, 31.316588512705422],
            [120.98495313220991, 31.316480849381037],
            [120.98522318339639, 31.31665003454944],
            [120.9854452254828, 31.316583385883177],
            [120.98628709924827, 31.315706045470733],
            [120.98614617121751, 31.315462927282326],
            [120.98619950391503, 31.315417364157085],
            [120.98548108111146, 31.31491884851789],
            [120.98497284381756, 31.31460794498463],
            [120.98515793964822, 31.314412289629814],
            [120.9858104808842, 31.31481700094126],
            [120.98607714410372, 31.314532899200657],
            [120.98542640877764, 31.314121874145727],
            [120.98562698525132, 31.313890876726646],
            [120.9868451082612, 31.31474613279788],
            [120.98695757060813, 31.314634821226974],
            [120.98716055142773, 31.31479651588637],
            [120.99025942770396, 31.311450729207976],
            [120.99053048400077, 31.31130440139873],
            [120.99127741351043, 31.3104223229752],
            [120.99123392333865, 31.310257183050552],
            [120.99117110420161, 31.3101911269991],
            [120.99034543208955, 31.309888767693124],
            [120.99065952777323, 31.309570871279206],
            [120.99140852517036, 31.31002500868452],
            [120.99152933120314, 31.31004977975293],
            [120.99236192475252, 31.309215916902346],
            [120.99264077941882, 31.30873164780182],
            [120.99304421444577, 31.308434686505308],
            [120.99389925263802, 31.306966587842965],
            [120.99424446302305, 31.30679953916274],
            [120.99515611613106, 31.305594825923095],
            [120.9953345950691, 31.30521342840592],
            [120.99537493857196, 31.304929713735135],
            [120.99591669123464, 31.30399514810452],
            [120.99625209984362, 31.302964964560402],
            [120.99721121936824, 31.300984587274655],
            [120.99735223377769, 31.300483663573914],
            [120.99735223377769, 31.299786087276644],
            [120.99722627544355, 31.299072561035956],
            [120.99719828470222, 31.298980878501624],
            [120.9972420618571, 31.298856698729665],
            [120.99755462513286, 31.298693264210243],
            [120.9982823843996, 31.29855773292995],
            [120.99843963856159, 31.29847762532765],
            [120.99843149490766, 31.298333742208783],
            [120.99827265427137, 31.29793192337253],
            [120.99814307375249, 31.297947996158953],
            [120.99801140322398, 31.297674758418125],
            [120.99812694547245, 31.297596577069257],
            [120.99804700413893, 31.297137341505106],
            [120.99629159568428, 31.295225477703397],
            [120.9948198240885, 31.29427320598083],
            [120.99464793756016, 31.294269228593308],
            [120.99451461203626, 31.294345246863045],
            [120.99416374947276, 31.294929233707833],
            [120.99422666814695, 31.295016570726546],
            [120.99401571865832, 31.29514573385083],
            [120.99380574024747, 31.294923066998294],
            [120.99357116913234, 31.29449374826281],
            [120.99336111481443, 31.294106201791507],
            [120.99333782693316, 31.294061554292043],
            [120.99323329620688, 31.293693084208627],
            [120.99324864096627, 31.293556561488998],
            [120.99357248768592, 31.29323474493613],
            [120.9937698896889, 31.292674003982157],
            [120.99388442474998, 31.29255938935995],
            [120.99389811741673, 31.292019323682027],
            [120.99359631506434, 31.29110748070785],
            [120.99361139257337, 31.290118524154494],
            [120.99403525110921, 31.2893256788213],
            [120.99492598390987, 31.288655396125506],
            [120.99609556154871, 31.288093388647425],
            [120.99642960384017, 31.288088643429916],
            [120.99654980555925, 31.28798047794696],
            [120.99655717250607, 31.287707670148137],
            [120.99710479533849, 31.2874797274242],
            [120.99723421020735, 31.287481733896485],
            [120.99732777337397, 31.28753106874096],
            [120.99785132896886, 31.287165309799235],
            [120.99800482254693, 31.287358060762912],
            [120.99876814665134, 31.287622848485782],
            [120.99981396568228, 31.28763349450861],
            [120.99993661395155, 31.28706392422822],
            [121.00012865532267, 31.287090127294178],
            [121.00013944401218, 31.287652781074243],
            [121.00076242976087, 31.28760601856773],
            [121.00132480282349, 31.287449983432623],
            [121.00342770493688, 31.287484462380448],
            [121.0036212489145, 31.287815256439472],
            [121.00335101770048, 31.28822718704083],
            [121.00258414534278, 31.28800249784541],
            [121.0024453779626, 31.288096118408404],
            [121.00177710347816, 31.288074273618463],
            [121.00132793538347, 31.288121083876433],
            [121.00117821268378, 31.28818037683554],
            [121.00116668336995, 31.288187985471325],
            [121.00121318339973, 31.288229870766187],
            [121.00140421054459, 31.288286791777494],
            [121.00205743830048, 31.288366188204606],
            [121.003191037813, 31.288354678452052],
            [121.00394859561243, 31.288448501873376],
            [121.00462929972167, 31.288945764448272],
            [121.00457423701084, 31.288999721401268],
            [121.0046126347217, 31.289085855728857],
            [121.00492461611958, 31.289251971709817],
            [121.00515260252644, 31.289303242014924],
            [121.00533979136549, 31.28941193497033],
            [121.00546624655192, 31.289560344922833],
            [121.00591501979477, 31.289666986778016],
            [121.00613471583574, 31.289901663630417],
            [121.00639870009644, 31.289930374807213],
            [121.00694148836016, 31.290220779180885],
            [121.00734698397895, 31.29050999620185],
            [121.0074699098164, 31.290518181576388],
            [121.00776537138711, 31.29068866971717],
            [121.00800324086549, 31.29071322579206],
            [121.00816927056741, 31.290810085802036],
            [121.00868959522376, 31.290213382281664],
            [121.00900595262715, 31.290338155635638],
            [121.0091357402809, 31.290528781274674],
            [121.00914393442173, 31.290517692267827],
            [121.00929154380316, 31.290633981392304],
            [121.00959416227272, 31.29083333270269],
            [121.01018584149051, 31.29123367904917],
            [121.01072630391423, 31.291442757679235],
            [121.01095955395067, 31.29148017331441],
            [121.0120368270272, 31.291823435595276],
            [121.01231241376712, 31.2917688122552],
            [121.01242033589426, 31.291593588263993],
            [121.01253635218097, 31.291586671520733],
            [121.01266046262549, 31.291632783132002],
            [121.01268474510408, 31.291727311865316],
            [121.01266046262549, 31.291888702167057],
            [121.01279806333605, 31.292040869912],
            [121.01293493200711, 31.29203788465844],
            [121.01312649378116, 31.291950272953613],
            [121.01324520812102, 31.291959495242253],
            [121.01339899715055, 31.292222330086716],
            [121.01434655168407, 31.29249012287606],
            [121.0145543017772, 31.29267456742012],
            [121.01677317406359, 31.293739824409457],
            [121.01694826141795, 31.294133829333575],
            [121.01643168931696, 31.294747072229868],
            [121.01647171443403, 31.29511474001025],
            [121.01711695211259, 31.29617122533608],
            [121.01730206829768, 31.2963636069165],
            [121.01750098115468, 31.29667419278927],
            [121.01803739802995, 31.29698808534286],
            [121.01859274652594, 31.297479722105848],
            [121.01884251228745, 31.29753654384575],
            [121.01963300834308, 31.29787855031023],
            [121.0205862647988, 31.29813488011264],
            [121.0208414249185, 31.29824175658689],
            [121.02134674201818, 31.298506809721857],
            [121.02156071728638, 31.298426830885077],
            [121.02169292189052, 31.298512131158148],
            [121.02148576450935, 31.29872612059647],
            [121.02145338787125, 31.298811420599336],
            [121.02148846256256, 31.29893130155257],
            [121.02237023278212, 31.299628637655843],
            [121.02276424186977, 31.29994701398256],
            [121.02321195455897, 31.30088228900486],
            [121.02344205215951, 31.301364792704618],
            [121.02362098904456, 31.3021666921576],
            [121.0239257965128, 31.303429186160983],
            [121.02442568395605, 31.304585398490246],
            [121.02472333535104, 31.30529493132937],
            [121.02478536458835, 31.305405002249145],
            [121.02491682842003, 31.30622870790492],
            [121.02505728182871, 31.307001852135997],
            [121.02512592872449, 31.307005944107203],
            [121.02512912160336, 31.307179170723074],
            [121.02508921061593, 31.307191446613032],
            [121.02536510313126, 31.308656322946263],
            [121.02566695192792, 31.30936841472844],
            [121.02614813477453, 31.309886564587913],
            [121.02684053959644, 31.310457654844186],
            [121.0271018415396, 31.310673203397087],
            [121.02788009337047, 31.31180964014621],
            [121.0283204690316, 31.312236870071246],
            [121.0315520087367, 31.31286356300498],
            [121.03258696584447, 31.313073525273026],
            [121.03322670508402, 31.313135108913784],
            [121.0355604643172, 31.313196373940514],
            [121.03594340682082, 31.313296447206127],
            [121.03652908358907, 31.313254108530174],
            [121.03679175698943, 31.31314291335387],
            [121.03695844960794, 31.313012048079344],
            [121.03700175349132, 31.31254941321096],
            [121.03697472225565, 31.31199130652321],
            [121.03736796082552, 31.31127517351551],
            [121.03801220526964, 31.310828682389797],
            [121.03824197077125, 31.31083253146032],
            [121.03855823603294, 31.31060958876759],
            [121.03880151715242, 31.31054415439347],
            [121.03945927721571, 31.310224680030657],
            [121.03980167286448, 31.310097659802693],
            [121.04034150486552, 31.309549284981983],
            [121.0402590797047, 31.309473339905892],
            [121.04035928284259, 31.30934630436984],
            [121.0404562536192, 31.309384967377483],
            [121.04086533431058, 31.308746106662937],
            [121.04127675423149, 31.308080270108277],
            [121.04166096753175, 31.3074434212119],
            [121.0421483500736, 31.306648943365076],
            [121.04240024991987, 31.306179628799114],
            [121.04278171624236, 31.305129540527673],
            [121.04363425474594, 31.30293092764208],
            [121.0438878632836, 31.30204008136137],
            [121.04420157226008, 31.29929249124477],
            [121.04417503786391, 31.299054468981396],
            [121.04421879076602, 31.29832859874135],
            [121.04425491728176, 31.29777494755811],
            [121.04422325700261, 31.296881791118295],
            [121.0440155035763, 31.295865903895987],
            [121.0439008627045, 31.29530009858361],
            [121.04381270233921, 31.29501016525566],
            [121.0437183687203, 31.294682272698566],
            [121.04331978945197, 31.293953148176954],
            [121.04290749411666, 31.293172325610186],
            [121.04236339185911, 31.29240458344752],
            [121.04219932065433, 31.292243816758614],
            [121.04191476402713, 31.292024381172965],
            [121.04177628442005, 31.29193098278273],
            [121.04156189804661, 31.291815080661323],
            [121.04100681905282, 31.29150781100904],
            [121.04054062250663, 31.291250047341507],
            [121.04021036231751, 31.29106554272896],
            [121.04019708864689, 31.29105894753448],
            [121.04014686983714, 31.291067614888505],
            [121.04009271880602, 31.291118198004057],
            [121.04002851294257, 31.291186553760596],
            [121.03988248337458, 31.291335409748385],
            [121.0397279719246, 31.29149389033887],
            [121.039591384022, 31.291395632061565],
            [121.03984432130255, 31.291135574046308],
            [121.03990824329577, 31.291069373475835],
            [121.03992431336485, 31.2910321165475],
            [121.03992354643754, 31.29098853444509],
            [121.03973083126425, 31.290881910739913],
            [121.03948486325658, 31.290743828668028],
            [121.0392916506595, 31.290636959607497],
            [121.03905364857832, 31.29058853502748],
            [121.0389581239341, 31.290589918587244],
            [121.03849345320526, 31.290906753239042],
            [121.03833802327603, 31.29076839762699],
            [121.03863395474781, 31.290537275530966],
            [121.03864366911853, 31.29049715226688],
            [121.03858862101981, 31.290432124872382],
            [121.03835113166275, 31.290359706936073],
            [121.03806617679089, 31.290261473902618],
            [121.03791436661794, 31.29020528534467],
            [121.03773303169822, 31.290089065779526],
            [121.03755007783809, 31.289963161147938],
            [121.03723754613111, 31.289632285848597],
            [121.0366224155195, 31.28898544797306],
            [121.03656307422983, 31.288879416631502],
            [121.03651632048746, 31.288734967944947],
            [121.03651452226768, 31.288636619776668],
            [121.03662421373923, 31.28861510610099],
            [121.03644743311747, 31.288082848364652],
            [121.03642261634747, 31.287976447350687],
            [121.03625770833958, 31.287661621608976],
            [121.03606872098305, 31.287257950797823],
            [121.03601064848374, 31.2870967336287],
            [121.03591179215357, 31.286682760828427],
            [121.03579086230627, 31.286146409855675],
            [121.03564899902415, 31.285361234472006],
            [121.03563100250301, 31.285279892673685],
            [121.03558658242241, 31.285042466676146],
            [121.0355809672518, 31.285016755013118],
            [121.03558353492622, 31.284852849196383],
            [121.0355913076225, 31.284203423320605],
            [121.03559130752654, 31.284118463728035],
            [121.03560904868834, 31.28381989543469],
            [121.03564974139084, 31.283672829604257],
            [121.03579167069176, 31.283384756507175],
            [121.03586752161073, 31.28324488801131],
            [121.0358644233944, 31.283245743832325],
            [121.0358763256965, 31.28322081566958],
            [121.03590921623987, 31.283158122743927],
            [121.03593916547987, 31.283098243151983],
            [121.03597266857764, 31.283030025264168],
            [121.03602244971376, 31.282935012932157],
            [121.036039333909, 31.282899046956132],
            [121.03607960663567, 31.282814248695587],
            [121.03614256377602, 31.28267869826243],
            [121.03620202855586, 31.28254980230811],
            [121.03648071162394, 31.28195641858106],
            [121.03656344802698, 31.2813980645293],
            [121.0363665924491, 31.280883595642905],
            [121.036352258038, 31.280811644846352],
            [121.03633729125215, 31.280753018927285],
            [121.0363410329478, 31.28070292038636],
            [121.03637096651954, 31.28065175589093],
            [121.03642584473437, 31.280587800233207],
            [121.03649818419939, 31.280559020172788],
            [121.03659047937737, 31.28057500909634],
            [121.03672642768151, 31.2805771409526],
            [121.03679866243641, 31.28054725036364],
            [121.03685478788418, 31.280496085783753],
            [121.03688777945786, 31.280411784255406],
            [121.0368815432978, 31.28036701518586],
            [121.03691771302954, 31.28028174070829],
            [121.03704588833602, 31.280189300890726],
            [121.03716936431869, 31.280076311978206],
            [121.03733524619446, 31.27995905918995],
            [121.0372865036839, 31.27993097726943],
            [121.0372009298215, 31.27993690712691],
            [121.03685863436795, 31.27956332538055],
            [121.03799157680209, 31.278783778184106],
            [121.03868085943833, 31.278314749746215],
            [121.03951377664532, 31.277560395604823],
            [121.04071360424024, 31.276477434830426],
            [121.04069561314344, 31.27639996503008],
            [121.04109171886489, 31.276254365070585],
            [121.0415224414811, 31.27617227088608],
            [121.0416662699675, 31.276149964982935],
            [121.04171176883608, 31.276151693282742],
            [121.04172187969448, 31.276038489580714],
            [121.04217282354011, 31.275774058961403],
            [121.04321068898702, 31.27512410453285],
            [121.04389690568087, 31.274681825833312],
            [121.0444551736278, 31.274321008792484],
            [121.04543512096473, 31.273649850691655],
            [121.04545291408931, 31.273623187320595],
            [121.04545506870795, 31.273602469902784],
            [121.04554879461705, 31.273533872199906],
            [121.04555802079068, 31.27351214538001],
            [121.04555448467289, 31.273484566741814],
            [121.04550764438261, 31.27342499420746],
            [121.04547158574712, 31.273379545979097],
            [121.0454636294815, 31.273368967857436],
            [121.04543931867289, 31.273346678240344],
            [121.04539865332566, 31.273309277007655],
            [121.04538583489824, 31.273297187716665],
            [121.04533263573768, 31.27326389073349],
            [121.04527778950268, 31.27324238239504],
            [121.04520998397726, 31.27322775233283],
            [121.04495754625378, 31.273175069695753],
            [121.04498432301654, 31.273058641583347],
            [121.04534355755834, 31.27311416566154],
            [121.04547139361387, 31.273174877329865],
            [121.04562528415954, 31.2732477892407],
            [121.04658790130952, 31.272654103513872],
            [121.04664809463469, 31.272705551137406],
            [121.04701677874863, 31.272407583263742],
            [121.04699484745248, 31.2721148524181],
            [121.04716589243924, 31.271936795297066],
            [121.04716448657808, 31.271831705584816],
            [121.04733991733366, 31.27183357987414],
            [121.04733443512322, 31.272156894224764],
            [121.04748842101338, 31.27213817283142],
            [121.04757175062304, 31.27209600144853],
            [121.0475673648541, 31.27205945290204],
            [121.04785218166887, 31.271995511325144],
            [121.04802541954012, 31.271901796974234],
            [121.04807146834827, 31.271844630984972],
            [121.04853794972655, 31.271697023616497],
            [121.0486199192004, 31.27157143003258],
            [121.04920035217128, 31.27145076863907],
            [121.05004821781927, 31.27127745801404],
            [121.05056167977494, 31.271170501387815],
            [121.05103667933503, 31.27103278812821],
            [121.05114078434798, 31.27100141062523],
            [121.05125310861018, 31.270936575395297],
            [121.0512729074556, 31.270891445573014],
            [121.05144016033563, 31.27041436871005],
            [121.05157850695207, 31.270453784896972],
            [121.0514824757434, 31.270686218211225],
            [121.05148037627117, 31.270689876043548],
            [121.05148423194606, 31.27071881947893],
            [121.05150699401418, 31.270760300351654],
            [121.05157183736662, 31.27079201012795],
            [121.05163788676316, 31.270808057958206],
            [121.05166375372556, 31.270814173484126],
            [121.05183216298065, 31.270811199339008],
            [121.05199540667945, 31.270808613744308],
            [121.05211372684045, 31.270808690268765],
            [121.05219108494259, 31.270655663139777],
            [121.05255408384113, 31.270556480844604],
            [121.05264123766403, 31.27051642989727],
            [121.05269802656204, 31.27048049845895],
            [121.05275112787047, 31.270434480981976],
            [121.05295940791876, 31.27047734693052],
            [121.05302578455348, 31.27048238994044],
            [121.05312093635507, 31.27046155452271],
            [121.05325663969711, 31.270426253440462],
            [121.05332301633354, 31.2704048206336],
            [121.05339160450836, 31.270402299615725],
            [121.05361010640439, 31.270359229419142],
            [121.05385073986787, 31.270316027279918],
            [121.05479045050163, 31.270127699495433],
            [121.05499120765074, 31.270070021133932],
            [121.05573540670389, 31.26995442794079],
            [121.0557452149639, 31.269995413564317],
            [121.0560722436071, 31.269950504872412],
            [121.05639845639399, 31.269900586180142],
            [121.05733714403988, 31.269757676858774],
            [121.05740314220924, 31.269735528257314],
            [121.05741948634449, 31.2697291096663],
            [121.05750047469496, 31.26967756272211],
            [121.05754111416485, 31.269645092179815],
            [121.05761079453532, 31.26955767855803],
            [121.05762846387051, 31.26953313683832],
            [121.05778395402018, 31.26953313683832],
            [121.05779737732013, 31.26951817574556],
            [121.05786138281093, 31.26944788035948],
            [121.05793947215403, 31.269360613718945],
            [121.05864483688526, 31.269288203597654],
            [121.0581779351939, 31.269350387365208],
            [121.0583176977193, 31.269853545352404],
            [121.05844069418129, 31.27029934107668],
            [121.05807395057735, 31.270323292512018],
            [121.05789349850357, 31.270352705221796],
            [121.05754479092434, 31.270411991530224],
            [121.05701352595787, 31.27050800393627],
            [121.05580234570215, 31.27074100668193],
            [121.0550016966921, 31.27090052195109],
            [121.05382431791912, 31.271137036515398],
            [121.0533333202169, 31.271243208163384],
            [121.05328757158395, 31.27127814936776],
            [121.0532765260212, 31.27128329479602],
            [121.05326422832223, 31.271299370559717],
            [121.05323770387724, 31.271328224487746],
            [121.05321626831199, 31.271382806326088],
            [121.05321433979373, 31.271438451920034],
            [121.05329043063972, 31.271669398609447],
            [121.05317918462418, 31.271702449089418],
            [121.05317531778383, 31.27169660169777],
            [121.05313544827737, 31.271608899754355],
            [121.05308242676159, 31.271492573152273],
            [121.05304500168637, 31.271410456752577],
            [121.05300865280077, 31.271404151220224],
            [121.05296535898361, 31.271410019756274],
            [121.05291386560674, 31.27141678671792],
            [121.05282097243429, 31.271435344200768],
            [121.05271673785069, 31.271457624659888],
            [121.05259776149444, 31.271481325867484],
            [121.05252776225484, 31.271495063222957],
            [121.05240682172393, 31.271535670634123],
            [121.0522907672406, 31.271573698240687],
            [121.05216695027832, 31.271614250803978],
            [121.05195877130308, 31.271681991754747],
            [121.05177874018574, 31.271741009814463],
            [121.05165067192098, 31.271783512792425],
            [121.05142231872503, 31.271858113163148],
            [121.05134377781042, 31.27188397231592],
            [121.05131169204373, 31.271893364145825],
            [121.05124534289541, 31.271912588536566],
            [121.05116053269774, 31.2719385522156],
            [121.05106795028803, 31.271965307921732],
            [121.05093173439849, 31.27200587424312],
            [121.05085833902149, 31.272027467526456],
            [121.05082295677141, 31.2720361079964],
            [121.05079636514154, 31.27204268226653],
            [121.05077812460365, 31.272047002500443],
            [121.05073537231107, 31.27205798479963],
            [121.05071339575954, 31.272062868542363],
            [121.05066330314725, 31.272074368617865],
            [121.05061451519856, 31.272086390135357],
            [121.0505538385126, 31.272100829575038],
            [121.05050541790689, 31.272112559990845],
            [121.0504717937821, 31.2721208247805],
            [121.0504273421655, 31.272129646302915],
            [121.05037877398411, 31.272139977287992],
            [121.05032530591325, 31.272152009816025],
            [121.05024534258047, 31.27216914217641],
            [121.05017252726049, 31.272184186117528],
            [121.05012176142344, 31.272194704933185],
            [121.05007868737886, 31.272204096732125],
            [121.05000899824489, 31.27221852485185],
            [121.04997295669938, 31.272227353140764],
            [121.04990942383256, 31.272240339150926],
            [121.04983500178605, 31.272256721143165],
            [121.04884300527681, 31.27247087158179],
            [121.04854554456409, 31.2725620996045],
            [121.0483878837087, 31.272655088275613],
            [121.04777493477872, 31.27301902369655],
            [121.04715517640119, 31.27337855704603],
            [121.04699703990673, 31.273514350933866],
            [121.04668733081269, 31.273744661585738],
            [121.04620869058027, 31.274090511041408],
            [121.04590073125411, 31.27433577541305],
            [121.04565783166862, 31.274526205614663],
            [121.0453288751155, 31.27473258569934],
            [121.04535031018838, 31.274792653739837],
            [121.04540240971403, 31.274846302885763],
            [121.04544697677812, 31.274914973747386],
            [121.04525247221653, 31.275063727707987],
            [121.04517149825557, 31.27502134498323],
            [121.04511814332045, 31.274961258049913],
            [121.04506280858118, 31.274950493692643],
            [121.04494240440255, 31.275021341032016],
            [121.04477467414222, 31.275122026249846],
            [121.04458780229186, 31.27523169376937],
            [121.04445041045739, 31.275311937449686],
            [121.04433966784796, 31.27537826123975],
            [121.04430300728552, 31.275400204826497],
            [121.04419813126395, 31.2754612003052],
            [121.04403280621261, 31.275557863978975],
            [121.0439218555614, 31.275625370177963],
            [121.04376914110861, 31.275714022228783],
            [121.0437128195988, 31.27574654491164],
            [121.04366755999024, 31.275790618854302],
            [121.04362397670332, 31.275883352299346],
            [121.0435546000461, 31.275884173754207],
            [121.04342072031324, 31.275975776419628],
            [121.04328628392472, 31.27606727349057],
            [121.04317664838288, 31.276141607425274],
            [121.04300826575223, 31.27625818939231],
            [121.04271193556133, 31.276471378479016],
            [121.04118559471601, 31.27770150865385],
            [121.04108279613536, 31.277878947054162],
            [121.04108537667742, 31.27792158269989],
            [121.04110101571615, 31.27795048225002],
            [121.04128586639433, 31.278083448815337],
            [121.04119748356692, 31.27820572052397],
            [121.0410825155019, 31.278119744567633],
            [121.0409785370299, 31.27806519675572],
            [121.04085675468514, 31.278039187175892],
            [121.04065467485043, 31.278090781354464],
            [121.04040983969986, 31.27815467129517],
            [121.04022191214688, 31.27824926740813],
            [121.04016825346554, 31.278276879670756],
            [121.04002181178163, 31.278417611732323],
            [121.03978864755658, 31.278633748153],
            [121.03972144251469, 31.278696856159158],
            [121.0397311365503, 31.278800383065118],
            [121.03973920273273, 31.2788993354864],
            [121.0397634958963, 31.278956431394306],
            [121.0397968989962, 31.279024557147935],
            [121.03987554171903, 31.279113663786816],
            [121.0400205415367, 31.279253807907153],
            [121.04023137879182, 31.279453329336377],
            [121.04042280735933, 31.279637779020305],
            [121.04053516323893, 31.279746779414822],
            [121.04068109163012, 31.279883621194315],
            [121.04085163051684, 31.28004716425788],
            [121.04107819598875, 31.28026305374118],
            [121.04117085542583, 31.2803517849607],
            [121.04124974977367, 31.280429275776257],
            [121.04150560117722, 31.280671326377274],
            [121.0417075864184, 31.280867868794147],
            [121.04201702538018, 31.281161692656028],
            [121.04143097895985, 31.28162352552691],
            [121.04110305266022, 31.28187922863978],
            [121.04088890152644, 31.281675936626584],
            [121.04058525467025, 31.2813858395387],
            [121.0402712764207, 31.281085814924296],
            [121.03995327116877, 31.28078554785081],
            [121.03963584777551, 31.28047869957136],
            [121.03951931153733, 31.280372748085853],
            [121.03933921703947, 31.280200586595953],
            [121.03898407704895, 31.27986094038748],
            [121.03889693518596, 31.279843302197122],
            [121.03879520756448, 31.27985238554841],
            [121.03875478583751, 31.279875426401247],
            [121.03869101628322, 31.279927980046196],
            [121.03868217456352, 31.2799357013229],
            [121.03865501719764, 31.2799712323541],
            [121.03859753580917, 31.280043372315788],
            [121.03855261794718, 31.280100958981492],
            [121.03851280370537, 31.28015078836752],
            [121.03843291436539, 31.280252982247717],
            [121.03840097469237, 31.280294139000276],
            [121.0383629962572, 31.280341055251057],
            [121.03824209544973, 31.28049569742967],
            [121.03813322825192, 31.280632699738106],
            [121.03810250024526, 31.28068610735251],
            [121.03771488033419, 31.281377374389137],
            [121.03767849431017, 31.28159222270226],
            [121.03786042442829, 31.281674204165924],
            [121.03776118981727, 31.281835339939278],
            [121.0375595172327, 31.281731525091445],
            [121.03752257713728, 31.281735642905545],
            [121.0375086245175, 31.281748393853533],
            [121.03746816513842, 31.28183699882908],
            [121.03733394148787, 31.28211142553927],
            [121.03722423859648, 31.28237807522602],
            [121.03709291356694, 31.282697555131108],
            [121.03703313692739, 31.282838165627624],
            [121.03698675787388, 31.282952671295845],
            [121.03697463336636, 31.282980590493324],
            [121.03693591533613, 31.2830875069952],
            [121.03687866419364, 31.28324573807913],
            [121.03688285514573, 31.28324573807913],
            [121.03688019971713, 31.28325121948201],
            [121.03686595048151, 31.28328961456809],
            [121.03654610695463, 31.284172906004358],
            [121.03649585666147, 31.284316581520486],
            [121.03648892432295, 31.284463950441747],
            [121.03647736194898, 31.2847412915756],
            [121.03652165014768, 31.285067439815094],
            [121.0365572581486, 31.285344361104762],
            [121.03659074878163, 31.28563026044492],
            [121.03658393240897, 31.285861552106624],
            [121.03658979666761, 31.285888614302593],
            [121.03663201932335, 31.285946747883827],
            [121.03667137506284, 31.286034237921683],
            [121.03669248639142, 31.286103396725792],
            [121.03669952350094, 31.286182578483434],
            [121.03670656061047, 31.286268776269935],
            [121.03671359694943, 31.286329897109056],
            [121.03670304128445, 31.286429124631724],
            [121.03670186843357, 31.286569446202336],
            [121.03672631869745, 31.286627605977074],
            [121.03677205991005, 31.286698768935622],
            [121.03681455089776, 31.286760312858803],
            [121.03687788488338, 31.28681744360898],
            [121.03691819528575, 31.286874417770633],
            [121.0369439980206, 31.28696161721666],
            [121.03696393649687, 31.287046811999843],
            [121.0369732509476, 31.287102151034958],
            [121.03704831344771, 31.287259510516094],
            [121.037161047491, 31.28749166831257],
            [121.03723316752325, 31.287643252856597],
            [121.03726131596142, 31.287713412764504],
            [121.03728099193711, 31.2877830763926],
            [121.03729870154609, 31.287834424194543],
            [121.03732273601622, 31.287899284536437],
            [121.0373599756714, 31.287994284929198],
            [121.03739951355772, 31.2880944147294],
            [121.03743809520631, 31.288161977397934],
            [121.03750506965764, 31.288292490017724],
            [121.03756953832601, 31.288401678759598],
            [121.03761306694304, 31.288491211800164],
            [121.03763077655202, 31.28853228973564],
            [121.03764595621692, 31.288585799124533],
            [121.03767422483452, 31.288667159757154],
            [121.03770681822652, 31.28876294833495],
            [121.03771187811486, 31.28877592027912],
            [121.03774350241741, 31.288813755106176],
            [121.03782219320402, 31.288909635732807],
            [121.03790092041476, 31.289010328193896],
            [121.03800288417472, 31.28908462594103],
            [121.03818275875244, 31.289213406290628],
            [121.038331410745, 31.289317729205223],
            [121.0383867134471, 31.289408077704095],
            [121.03863069595423, 31.289484526366152],
            [121.03869575795665, 31.289515105813976],
            [121.03892022186307, 31.289637423505155],
            [121.03930246112645, 31.289848699144002],
            [121.03937196833738, 31.28987770171419],
            [121.03953299679245, 31.289919400784015],
            [121.04020017222706, 31.290250352289675],
            [121.0412943293012, 31.29079339844388],
            [121.04166095947471, 31.290977146987558],
            [121.04183662688126, 31.291073053703926],
            [121.0420399456359, 31.291200929173115],
            [121.04245215719124, 31.291462989239804],
            [121.04272379105043, 31.291654801584656],
            [121.04305220190787, 31.291963657802896],
            [121.04340470908744, 31.292261222968094],
            [121.04363427559599, 31.292627346609393],
            [121.04383078276402, 31.292937618347437],
            [121.04390235096469, 31.293114138556064],
            [121.04405535261793, 31.293447475445248],
            [121.04414489878639, 31.293626146227624],
            [121.04421646698705, 31.29384019274781],
            [121.04425111226641, 31.293931177561504],
            [121.04434707872099, 31.294135494043672],
            [121.04446197118784, 31.294373304822713],
            [121.04466324063014, 31.294794677363754],
            [121.04470173124741, 31.294905406668335],
            [121.0447594534312, 31.29506342568247],
            [121.0448389367047, 31.295360492056957],
            [121.04489429769166, 31.295571581197677],
            [121.0449220898542, 31.295724118709828],
            [121.04495996324863, 31.295951164052937],
            [121.04499763863066, 31.296199863206226],
            [121.04503111116048, 31.296455736158507],
            [121.04508650589918, 31.29685017741589],
            [121.04512397304893, 31.29715811167759],
            [121.0451509519915, 31.29746022404015],
            [121.04519245434977, 31.297816256408098],
            [121.04522605182018, 31.298103688775853],
            [121.04522605159536, 31.29819270504551],
            [121.0452310758447, 31.298343517127066],
            [121.04522439226281, 31.298437167638525],
            [121.04522011654552, 31.298552252345303],
            [121.04518793349183, 31.298770820303048],
            [121.0451466022123, 31.299005829479725],
            [121.04508479177713, 31.299359161094102],
            [121.0450719847617, 31.29945148512502],
            [121.04505808868112, 31.299598536197735],
            [121.04504271582232, 31.299803916973858],
            [121.04502372727751, 31.29999539308149],
            [121.04500950971146, 31.30025492435506],
            [121.0449956101894, 31.300562653702954],
            [121.0449856552226, 31.30075389323052],
            [121.04498137950526, 31.300800474007062],
            [121.0449738970006, 31.300891808796706],
            [121.04496188184243, 31.300978228681046],
            [121.0449372964685, 31.30107413002696],
            [121.0449064178876, 31.301249451590948],
            [121.044880945248, 31.3013229123313],
            [121.04484711598343, 31.30153870297478],
            [121.04480423351197, 31.30178360800302],
            [121.04475923941044, 31.302043734727206],
            [121.04465878970313, 31.30244080970418],
            [121.04461595453978, 31.30264515912161],
            [121.04458025857036, 31.30284188314205],
            [121.04451264209052, 31.302999996463726],
            [121.04444491683358, 31.303128088142884],
            [121.04434853771602, 31.303329386103968],
            [121.04427098899237, 31.30354231582669],
            [121.04410181835726, 31.30400196611349],
            [121.04391936474303, 31.30449596967398],
            [121.04375516291395, 31.30500958821908],
            [121.04363144029548, 31.30534434860195],
            [121.04351363368579, 31.305726245989547],
            [121.04339817494161, 31.306092520690314],
            [121.04328414565418, 31.306456919250195],
            [121.04320918411833, 31.306606362497178],
            [121.04309495701824, 31.306769529852474],
            [121.04291735539789, 31.307039530825094],
            [121.04261453622689, 31.307506451950175],
            [121.04252529630537, 31.307629970009387],
            [121.04236466444291, 31.3077763615737],
            [121.04233495072185, 31.307824211496182],
            [121.04231528018255, 31.30785722380753],
            [121.04224012590078, 31.307992899418835],
            [121.0421672599357, 31.30812126201981],
            [121.04204150898818, 31.308236504581856],
            [121.0419858835146, 31.308291457477722],
            [121.04186852843316, 31.30847902820966],
            [121.04175391020033, 31.30866994605448],
            [121.0416575495858, 31.308829466521686],
            [121.04149821322125, 31.30911603534777],
            [121.0413610164444, 31.309363850673222],
            [121.0412203704172, 31.30961251710272],
            [121.04112419351821, 31.309791248958803],
            [121.04096103263612, 31.31008511167441],
            [121.04091357605989, 31.31017075163153],
            [121.04072811097478, 31.31026858564495],
            [121.04037947513729, 31.310455655318464],
            [121.04000124564675, 31.310656557423968],
            [121.03958716199958, 31.31087440638518],
            [121.0394796765521, 31.310917621099733],
            [121.03940942462754, 31.310946430897644],
            [121.03919670551755, 31.310942231841395],
            [121.0389978925669, 31.31101965813474],
            [121.03838986437108, 31.311250395448766],
            [121.03822661839246, 31.31139700698688],
            [121.0380267924973, 31.311574902988383],
            [121.03788563006691, 31.31169896351315],
            [121.03776760683093, 31.311940843500096],
            [121.03766492345738, 31.312152179181382],
            [121.03760052861207, 31.312280818867734],
            [121.03755549898557, 31.312573531568702],
            [121.03750822790539, 31.312846476310924],
            [121.0374878813085, 31.312983126883424],
            [121.03747991776288, 31.31342593499727],
            [121.03748192433414, 31.313521935032227],
            [121.03701640007017, 31.313967648200176],
            [121.03690071414348, 31.31390537711377],
            [121.03678124573958, 31.313848268870643],
            [121.03663173754319, 31.313812024411078],
            [121.03639242388903, 31.31374398047565],
            [121.03616415390422, 31.31368747967005],
            [121.03606744138847, 31.313661963165927],
            [121.03561648040392, 31.313681217771062],
            [121.03523679992071, 31.313697935998007],
            [121.03501790121322, 31.313704817454663],
            [121.03486358785943, 31.313702994848157],
            [121.0346609558822, 31.3136999083806],
            [121.03443055253348, 31.31369808577402],
            [121.03419262645554, 31.313695551912403],
            [121.03403120188813, 31.313695551912403],
            [121.03377725288686, 31.31369372938684],
            [121.0335966280407, 31.313690691708018],
            [121.03349564879358, 31.313690691708018],
            [121.03317465370503, 31.313658901670223],
            [121.03286724898209, 31.313629959943654],
            [121.03260271179187, 31.313604443412103],
            [121.03234187881606, 31.313582166578627],
            [121.03206454145237, 31.313556042509745],
            [121.03185832032096, 31.313534170069772],
            [121.0316876511742, 31.31351169120886],
            [121.03146293885584, 31.31347888358387],
            [121.03129369195108, 31.313457012246573],
            [121.0311694005577, 31.31344055028815],
            [121.03103216374569, 31.31342127283486],
            [121.03086718357054, 31.313396971334555],
            [121.03070078188199, 31.313377529940595],
            [121.03057278095702, 31.313357480926413],
            [121.03043269003052, 31.313339254788843],
            [121.03035091106398, 31.313328319104627],
            [121.03029160009567, 31.313319108403718],
            [121.03022902140793, 31.313310602869834],
            [121.0301657316, 31.31330148979734],
            [121.03007859736107, 31.31328284146069],
            [121.02996197344288, 31.31326036253978],
            [121.02988019447633, 31.313245781615024],
            [121.02982653255606, 31.313233975517818],
            [121.02978922698543, 31.313227070005254],
            [121.02975378669441, 31.313220430088364],
            [121.02968542882616, 31.313206478125622],
            [121.02966180196557, 31.313202494174277],
            [121.0296322683883, 31.31319744783646],
            [121.02960739800932, 31.31319187030516],
            [121.0295648500483, 31.31318363669476],
            [121.02949676738217, 31.31317141924228],
            [121.02943685979056, 31.313158551232846],
            [121.02940235213867, 31.313151645714058],
            [121.02934622169658, 31.313142021967906],
            [121.02930891612755, 31.313133788463816],
            [121.02927720688893, 31.313128476334896],
            [121.02925078210956, 31.313122367605317],
            [121.02917019628381, 31.313096857244005],
            [121.0290163812399, 31.313047029455987],
            [121.02891565667989, 31.313013829738438],
            [121.02883323483815, 31.31298799712721],
            [121.02877509505777, 31.312969405243265],
            [121.02872473253859, 31.312953469398792],
            [121.02864077665032, 31.312925818018584],
            [121.02860160580155, 31.312914131727467],
            [121.02856202753986, 31.31290062162033],
            [121.02853933331829, 31.312893450485575],
            [121.02850451478577, 31.31288202978824],
            [121.02847677296006, 31.312872705848463],
            [121.0284385349396, 31.31286075388168],
            [121.02840900136385, 31.312850661169165],
            [121.02837418308582, 31.31283950601754],
            [121.02834682566731, 31.312831006889112],
            [121.0283194682504, 31.312821976564578],
            [121.02829209208812, 31.31281296536217],
            [121.02826691082845, 31.312803403839908],
            [121.02823218514754, 31.312789335545688],
            [121.02821415412285, 31.312780836412685],
            [121.02817995735018, 31.312768087712413],
            [121.02816379160214, 31.31276065096941],
            [121.02810681416565, 31.312737717447988],
            [121.02808669759708, 31.312729553881724],
            [121.02803847056049, 31.312710046945483],
            [121.02798976924845, 31.31269009688856],
            [121.02795446674929, 31.31267533001899],
            [121.02790853392025, 31.312656997786263],
            [121.02786756761907, 31.312640108775298],
            [121.02780103963738, 31.3126137454488],
            [121.02774639528292, 31.312590653921987],
            [121.0277106883774, 31.312576618294358],
            [121.02762723273696, 31.312542901797613],
            [121.02760222429839, 31.312514465106972],
            [121.02755792507543, 31.31246471478771],
            [121.02719735992565, 31.312073152747175],
            [121.02681939754007, 31.311547058832346],
            [121.0264117077756, 31.311028218508],
            [121.02594456325465, 31.310661763129744],
            [121.02537947717644, 31.310200608634617],
            [121.02484438436113, 31.30976521212142],
            [121.02464231464478, 31.309748351914138],
            [121.024283528144, 31.309808249846526],
            [121.02407939099686, 31.309820581769188],
            [121.0240505231173, 31.309665551768177],
            [121.02437013178269, 31.309602130330717],
            [121.02454333905882, 31.309542232266736],
            [121.02464418611112, 31.30941361529149],
            [121.02456457857795, 31.30900037852095],
            [121.02446347325957, 31.308471254329817],
            [121.02436069228435, 31.307909537271044],
            [121.02419386560825, 31.30704055192861],
            [121.02412572836994, 31.306668576595797],
            [121.02410717044734, 31.30663334134789],
            [121.02405768265373, 31.306441309016876],
            [121.02398345096469, 31.30619818495326],
            [121.0238197622619, 31.305582860025524],
            [121.02374759255156, 31.305359113391077],
            [121.02354300177842, 31.30478582765936],
            [121.02336635078785, 31.304264636062797],
            [121.02332917547972, 31.30418889270146],
            [121.02321897887634, 31.303940863883327],
            [121.02308743547854, 31.30367698261516],
            [121.02288008640755, 31.303244824012594],
            [121.02291002496787, 31.303037099856326],
            [121.02280135868449, 31.302719461858672],
            [121.02266557872787, 31.302275452790226],
            [121.02251654557637, 31.301792384743635],
            [121.02241493309702, 31.301459539181906],
            [121.02234381894925, 31.301237567606634],
            [121.02231442168073, 31.301165003237614],
            [121.02224909441742, 31.30103382904491],
            [121.02209440193286, 31.30081355786183],
            [121.02186249015006, 31.300442360948935],
            [121.02147270776129, 31.300139835646874],
            [121.02123752961523, 31.29994725861006],
            [121.02119506689417, 31.299894230082145],
            [121.02089628380077, 31.299484842175517],
            [121.02040306296652, 31.299275517835852],
            [121.02028547389261, 31.299228070921544],
            [121.0199815592402, 31.29901114070354],
            [121.01933808570232, 31.29857853438193],
            [121.01869680335136, 31.298441607731107],
            [121.01811006513344, 31.29804490728357],
            [121.01778342881875, 31.298083981706],
            [121.01769462362807, 31.298016849770292],
            [121.01727652914673, 31.29760935828068],
            [121.01649920394311, 31.296849973436238],
            [121.01609519201025, 31.296457426008303],
            [121.01566860932911, 31.295657155009508],
            [121.01507695785068, 31.294575678589666],
            [121.01483248842067, 31.294355610380336],
            [121.0143849966708, 31.293950894212927],
            [121.01409243676773, 31.293818629615473],
            [121.01406957222554, 31.2935143931322],
            [121.01371027227918, 31.293293890847494],
            [121.01321280195828, 31.292985369806658],
            [121.01290903018577, 31.292868140150176],
            [121.01147344549003, 31.292490271671895],
            [121.01094616636288, 31.292364529948983],
            [121.00939650063441, 31.29188358906255],
            [121.00892440188153, 31.291731650148208],
            [121.0086812319172, 31.291730364028638],
            [121.00804208776674, 31.29146272623545],
            [121.00709843799507, 31.291079773374193],
            [121.00693493691438, 31.291008769034875],
            [121.00683885581486, 31.290973269571793],
            [121.0065466981477, 31.290815227402902],
            [121.00562061562835, 31.290355404619376],
            [121.00525596499193, 31.290165471133733],
            [121.00519418438688, 31.29016878706166],
            [121.00509817775526, 31.290310332412204],
            [121.00485130355935, 31.29021116053319],
            [121.00487446902503, 31.290053286856363],
            [121.00478162744787, 31.289975752275396],
            [121.00456082901303, 31.289798656194137],
            [121.00427326797796, 31.28956959971039],
            [121.00411501528868, 31.289490261591823],
            [121.00380140178066, 31.28932470593689],
            [121.00357084620424, 31.28920400971343],
            [121.00350109691152, 31.289167110957337],
            [121.00338082486797, 31.289126540163394],
            [121.00309510747826, 31.289021068949367],
            [121.00303391643791, 31.28901295477938],
            [121.00277543704527, 31.288991316989893],
            [121.00235041615946, 31.288953193493185],
            [121.0021544521731, 31.28893504419007],
            [121.00182634159671, 31.28892152056075],
            [121.00157946740075, 31.288913406382207],
            [121.00114688729388, 31.28887981995112],
            [121.00088286209365, 31.28889311493633],
            [121.00045198997242, 31.288906750796357],
            [120.99982150934994, 31.288933540170333],
            [120.99942903829492, 31.2889452606465],
            [120.99925150414174, 31.28892376626608],
            [120.99902045521429, 31.2888976205778],
            [120.99882000180884, 31.288866967003003],
            [120.99863505240882, 31.28884939909146],
            [120.99827542777444, 31.288837533220516],
            [120.99786892228997, 31.288822623495136],
            [120.99738044898845, 31.288864095995265],
            [120.99724071238438, 31.28892430326823],
            [120.99709855565152, 31.28884806613287],
            [120.9966998737824, 31.28887071603232],
            [120.99631196401862, 31.288881923651104],
            [120.99603027423137, 31.288991014251096],
            [120.99585194994063, 31.289052457059555],
            [120.99549640888256, 31.28924539372558],
            [120.99531194851227, 31.289341950612894],
            [120.99506929438809, 31.28959709495274],
            [120.99473795258257, 31.289937486143828],
            [120.99459929826907, 31.29007853785224],
            [120.9945434485432, 31.290321399204274],
            [120.99447478737284, 31.290612029071653],
            [120.99446460224539, 31.290971194840694],
            [120.9944627920562, 31.291137765072847],
            [120.99450414848042, 31.29140566987516],
            [120.99457769646597, 31.291823269222476],
            [120.99466574562382, 31.292078631959896],
            [120.9948366259697, 31.292564313413237],
            [120.99497128548262, 31.29295611200743],
            [120.99523810111583, 31.29319893170897],
            [120.99563576434002, 31.29323944684907],
            [120.9960979326749, 31.293616495909347],
            [120.99674092826598, 31.294130906994212],
            [120.99699707127382, 31.294342944124608],
            [120.99738701485194, 31.294652111803202],
            [120.99793120701474, 31.295089024241662],
            [120.99817757063681, 31.29528653149748],
            [120.99831396241575, 31.295486161276315],
            [120.99853421397859, 31.29579197130508],
            [120.99879329864069, 31.29617402870079],
            [120.99904805834888, 31.29653933330499],
            [120.9992328126832, 31.296810286683638],
            [120.99931420312913, 31.297235397009047],
            [120.99940611734581, 31.29774672413417],
            [120.99951072359124, 31.298293533698995],
            [120.9995962511224, 31.298736719088296],
            [120.99948085852901, 31.299461752601772],
            [120.99938001284613, 31.300073429096955],
            [120.99951640462501, 31.300129968806175],
            [120.99949344759358, 31.300316895767622],
            [120.99927321567907, 31.30038761167758],
            [120.99879409883914, 31.30107968108355],
            [120.99810634761769, 31.30206532279142],
            [120.99767683892316, 31.30268907425301],
            [120.99763015454079, 31.303013353882605],
            [120.99762880412794, 31.303031815256375],
            [120.99740193463293, 31.30311835289733],
            [120.99720132027915, 31.30345073340804],
            [120.99684585314589, 31.30404162068912],
            [120.99664869275296, 31.304483534006764],
            [120.99641365794673, 31.30501982734141],
            [120.9961552144394, 31.305437138959945],
            [120.99583616127961, 31.30595137392237],
            [120.99550918686072, 31.30647394295758],
            [120.99517693009915, 31.30702117591079],
            [120.99485295633929, 31.30753046708412],
            [120.99473112332709, 31.30773595534933],
            [120.99454752166383, 31.307954097445844],
            [120.99419641411532, 31.308377532089125],
            [120.99385425308861, 31.308792386033076],
            [120.99379213406024, 31.30885584309725],
            [120.99359227284015, 31.309076211843518],
            [120.99301438352614, 31.309691702590314],
            [120.99243864823632, 31.31031748843334],
            [120.99211657417942, 31.310659302254365],
            [120.99204635266909, 31.310734295475754],
            [120.99170124606275, 31.31110858310899],
            [120.99123495945099, 31.311605565185687],
            [120.99089591636346, 31.311970811391674],
            [120.99074049347047, 31.312137740478917],
            [120.99072563892099, 31.312218501139625],
            [120.99081746704832, 31.312307337786464],
            [120.99104973819635, 31.312293493119626],
            [120.99113346384331, 31.312352332939597],
            [120.99114302158011, 31.312579357251252],
            [120.99110362439092, 31.312626520235042],
            [120.99048378452477, 31.312677283823277],
            [120.99025961585869, 31.312714202779887],
            [120.99015809840466, 31.31279047315637],
            [120.98984750326593, 31.313138894815978],
            [120.98925551484479, 31.313806353536464],
            [120.98870134341132, 31.314430336716768],
            [120.988246393991, 31.31493716846191],
            [120.98765808941539, 31.315546735791642],
            [120.98717740273412, 31.316043821852702],
            [120.98664877619319, 31.316569031285397],
            [120.98666596153419, 31.317046521075625],
            [120.98517883231841, 31.318334602803006],
            [120.98340651420085, 31.319501053742727],
            [120.98214961512952, 31.320296704041056],
            [120.98188950399708, 31.320294886359292],
            [120.98056917934201, 31.32104457871968],
            [120.97963952069728, 31.322105619620558],
            [120.97884399095403, 31.322929458744184],
            [120.97668356258521, 31.32314167242464],
            [120.97617988103133, 31.323081527216303],
            [120.97563828796234, 31.323086153772138],
            [120.97552455341719, 31.323063020990602],
            [120.9747175797462, 31.32328509545735],
            [120.97346402691335, 31.323582056457283],
            [120.97340986760616, 31.324021575908745],
            [120.97310115955662, 31.3240770940089],
            [120.97279245150708, 31.323808756220103],
            [120.97130592607391, 31.32371159870523],
            [120.97036292887213, 31.32365223056472],
            [120.96952345961512, 31.32374013455346],
            [120.96935556576437, 31.323874303641617],
            [120.96935556576437, 31.32409174968852],
            [120.96916600819077, 31.324175026764777],
            [120.96892229130987, 31.324147267747307],
            [120.96868940629048, 31.32381878542118],
            [120.96869550611711, 31.323221100539698],
            [120.96861389008575, 31.323003309641322],
            [120.96845682809476, 31.32286913931192],
            [120.96812104039435, 31.322730342218392],
            [120.96785024385991, 31.322647063864267],
            [120.96696858987531, 31.322396908994733],
            [120.96596037276743, 31.32227091879058],
            [120.96521297433264, 31.32218764003005],
            [120.96432476170082, 31.32218301343002],
            [120.96257161571549, 31.322268867036968],
            [120.96250434473296, 31.322348374296766],
            [120.96247119730799, 31.32240702965896],
            [120.9626297276705, 31.32319204648637],
            [120.96269165972882, 31.323497209658925],
            [120.96271060111457, 31.32360440605474],
            [120.96278399898432, 31.323944197596518],
            [120.96291294160307, 31.32459512432733],
            [120.96210082969384, 31.32473670279539],
            [120.96187863947688, 31.32374086516191],
            [120.96159843624014, 31.322455979551506],
            [120.96155401826712, 31.322404928301424],
            [120.96143445896473, 31.322349932944178],
            [120.9612058804085, 31.322374452369388],
            [120.9609081317634, 31.32242748359343],
            [120.9586935181033, 31.32278597064753],
            [120.95811907780086, 31.32297262711458],
            [120.9578293760132, 31.323063957940363],
            [120.95743050946083, 31.323305618766412],
            [120.95730290289839, 31.323304636716713],
            [120.95674999572782, 31.32364325121185],
            [120.9559238495255, 31.324144434589456],
            [120.95536318662363, 31.32451337746089],
            [120.95489631442678, 31.324812652020057],
            [120.95481758197059, 31.324916770065215],
            [120.95478881676712, 31.325150205492477],
            [120.95486312687603, 31.325139967108584],
            [120.95520111801375, 31.3253877356846],
            [120.95487990657807, 31.325670313925315],
            [120.95457068064235, 31.325389783356087],
            [120.9547121095593, 31.325258732292497],
            [120.95465457915242, 31.325201397395162],
            [120.95457068064235, 31.325275113685493],
            [120.95445561982996, 31.3251829683134],
            [120.95441966332567, 31.32523620787248],
            [120.9543189851135, 31.325408212396752],
            [120.95419433590001, 31.32565598026676],
            [120.954026077158, 31.325956791857834],
            [120.95414353507061, 31.326028459899106],
            [120.95410038726538, 31.326204558283393],
            [120.95404285685999, 31.326247559001928],
            [120.9543214535604, 31.326466652299658],
            [120.95434575265296, 31.326484166143175],
            [120.95434812075632, 31.326538783832348],
            [120.95408526128091, 31.326552943968792],
            [120.95404737162659, 31.326605538742115],
            [120.95438127420391, 31.32679164308962],
            [120.95424866041373, 31.326892786602457],
            [120.95405447593674, 31.327093050437327],
            [120.95400450721138, 31.327144388834853],
            [120.95382689945671, 31.327203051866093],
            [120.95368007704764, 31.32725766913751],
            [120.95357824860304, 31.327261714860114],
            [120.95339827274506, 31.327478160763718],
            [120.95300043137746, 31.32739320074866],
            [120.95285412802423, 31.32760691268264],
            [120.95284939181744, 31.327754580895657],
            [120.95292990733287, 31.327768740849265],
            [120.9530364719842, 31.327756603746295],
            [120.95315961336081, 31.32767973539194],
            [120.953325380597, 31.327645346897057],
            [120.95343926813666, 31.327731835008876],
            [120.9535979310628, 31.327770269172305],
            [120.95317978856599, 31.328628366759517],
            [120.95274433647825, 31.329510131554713],
            [120.9525762603754, 31.32947025123535],
            [120.95243619695464, 31.32937453840063],
            [120.95258871045723, 31.329511460898416],
            [120.95303917225243, 31.329902687310522],
            [120.95340608958332, 31.330216027617183],
            [120.95370022276398, 31.330340984903984],
            [120.95370333528444, 31.330477905995878],
            [120.95330239454154, 31.330807383792717],
            [120.95317166868222, 31.3309057538184],
            [120.95295830197256, 31.331427630351698],
            [120.95281331542793, 31.33176820368618],
            [120.95286227178468, 31.332098911637686],
            [120.95283892788024, 31.332243806003135],
            [120.9527439960072, 31.33236876059773],
            [120.95263184409652, 31.332426394500715],
            [120.95253068718256, 31.332631106863815],
            [120.95254936230532, 31.33266965654407],
            [120.95225439604457, 31.333142993126458],
            [120.95230974904973, 31.33318014186362],
            [120.952274164975, 31.33338277108541],
            [120.95212787488987, 31.33370697693242],
            [120.95212440412269, 31.33368737295322],
            [120.95206132393133, 31.33369707137956],
            [120.95198310449382, 31.333665820891056],
            [120.95189100741504, 31.333889962094787],
            [120.95175596408842, 31.334137763029574],
            [120.95161174282111, 31.334397790200768],
            [120.95146665838155, 31.334443049172876],
            [120.95142502545434, 31.33451632555888],
            [120.95143890309726, 31.33473399919049],
            [120.95079170400538, 31.33554553318058],
            [120.95051565979912, 31.335883789388618],
            [120.95046008392757, 31.33587960092916],
            [120.95022950852348, 31.33612543220677],
            [120.95000678770214, 31.33636216948723],
            [120.9497191492211, 31.336668546639373],
            [120.94962270873788, 31.336722996137112],
            [120.9494903603121, 31.336884310743883],
            [120.94940427219689, 31.336992744079694],
            [120.94914701312354, 31.337306852212038],
            [120.94909089239007, 31.337473922514718],
            [120.94911983922083, 31.337602340448697],
            [120.94903173074891, 31.337805009566154],
            [120.94896791162074, 31.33795310677459],
            [120.94869983976753, 31.337990802069427],
            [120.9487000129954, 31.338148040799922],
            [120.94861882863398, 31.33816898258877],
            [120.94838235677673, 31.338146644454866],
            [120.94821601378163, 31.338184910815343],
            [120.94807747203015, 31.338216116095523],
            [120.94775654861314, 31.338214254604267],
            [120.947480490359, 31.338292741491415],
            [120.94728728450968, 31.33834659410452],
            [120.94712055689479, 31.33834519798829],
            [120.94688816231121, 31.338396582575086],
            [120.94673015247895, 31.338378433068456],
            [120.9464580049792, 31.33843493445356],
            [120.94641605064396, 31.338444241887586],
            [120.94634148180307, 31.338483642095667],
            [120.9463209370088, 31.338548085569514],
            [120.94598313186304, 31.33857464037129],
            [120.94551097797313, 31.338612503688438],
            [120.9452007040955, 31.338634178902467],
            [120.94497599338638, 31.338573270192583],
            [120.9445894021531, 31.338574418704212],
            [120.94418956980019, 31.338515052418458],
            [120.9438071783074, 31.33842283726291],
            [120.94346520921852, 31.33840024025332],
            [120.94331075795088, 31.338435332568196],
            [120.94292981196747, 31.338340151108653],
            [120.94279673259575, 31.33827011540056],
            [120.9426340801117, 31.338126025339918],
            [120.94255797548806, 31.3381036070858],
            [120.94246589536186, 31.33800084947319],
            [120.94225405515397, 31.337909756228612],
            [120.94201759130021, 31.337875795502967],
            [120.9416899622492, 31.337818519253872],
            [120.94138347657673, 31.337792112200077],
            [120.9410309567914, 31.337756968989822],
            [120.94053769555643, 31.33770891425108],
            [120.94015700180603, 31.33767233703233],
            [120.94012865124256, 31.33710540072748],
            [120.93992244856724, 31.33664043675057],
            [120.9392873443274, 31.335914806559543],
            [120.93808214399104, 31.334338355179426],
            [120.93613216329919, 31.331888786859196],
            [120.9360496822286, 31.331649246970926],
            [120.93596720115806, 31.331360389236195],
            [120.93579399091095, 31.331001077157765],
            [120.93547231715536, 31.33067699084002],
            [120.93519188151777, 31.330430402476864],
            [120.9348607666281, 31.329860956283113],
            [120.93448960188056, 31.32934663819401],
            [120.93380500899951, 31.328790044248194],
            [120.93321939340206, 31.328325039187817],
            [120.93324006151846, 31.328248120107844],
            [120.93317876273261, 31.32812183620952],
            [120.9333013603042, 31.328004792445157],
            [120.93334835100092, 31.32800888817556],
            [120.93334551241537, 31.327934933780156],
            [120.93341789634758, 31.32793129667718],
            [120.9333021993794, 31.327695700452267],
            [120.93302401799298, 31.327590224142355],
            [120.93285455456379, 31.327456733064395],
            [120.9325536644908, 31.32738520298392],
            [120.93240143172017, 31.327161785899108],
            [120.93232337061505, 31.32715087450022],
            [120.9322524059765, 31.32718482107039],
            [120.93220415002111, 31.327314545349992],
            [120.93213318538085, 31.327323031978878],
            [120.93209486447597, 31.327258776055118],
            [120.93210186961699, 31.327011573769312],
            [120.93206360433311, 31.326732295660733],
            [120.93194580303111, 31.326647428805188],
            [120.93186781990767, 31.326643397768407],
            [120.93176563082744, 31.326558530832685],
            [120.93166312125533, 31.32639888711175],
            [120.93132532956946, 31.32626309962471],
            [120.93131511755661, 31.326260356326557],
            [120.93124584475873, 31.3262026136902],
            [120.93115232665474, 31.326126541036714],
            [120.93109519229205, 31.32607845543204],
            [120.93101642241652, 31.32607320609246],
            [120.93079012633325, 31.326130843986675],
            [120.93073441710118, 31.32618153977414],
            [120.93058749173042, 31.326222102795867],
            [120.93053833038897, 31.32627507330392],
            [120.93046291242246, 31.32628604917153],
            [120.93035620996733, 31.326168655046146],
            [120.93048498606379, 31.325966376615426],
            [120.9283458228457, 31.323747507319908],
            [120.92831271940503, 31.323706312436556],
            [120.92814840740544, 31.32363982490996],
            [120.92808095300626, 31.323678239930658],
            [120.92799620260485, 31.32367676243011],
            [120.92794431460686, 31.323616184888834],
            [120.92788796216047, 31.32349712573061],
            [120.92797280902101, 31.323188074241543],
            [120.92795262180971, 31.322860569791104],
            [120.92782117276283, 31.322565887370615],
            [120.9276862919537, 31.322378385191627],
            [120.92759554529664, 31.32223622050958],
            [120.92735686049781, 31.321795917581056],
            [120.92705627713627, 31.321234824138813],
            [120.92664684516177, 31.320481551746013],
            [120.92646350762067, 31.320112163478086],
            [120.92625101977171, 31.319657327620575],
            [120.92609252631411, 31.31912128567268],
            [120.92600967089379, 31.31882943368366],
            [120.92595778289365, 31.31833001146549],
            [120.92597751801111, 31.31762066471846],
            [120.92598097688614, 31.31731961019213],
            [120.92569864345052, 31.316941514345388],
            [120.9254028818504, 31.316900141362396],
            [120.92528816721739, 31.316681972839532],
            [120.92529162650249, 31.316382783616547],
            [120.92495262449756, 31.316195126157794],
            [120.92481771569919, 31.316115334755438],
            [120.92452887249908, 31.316007468492515],
            [120.92389894382677, 31.315764230421422],
            [120.92262629258812, 31.315614456599917],
            [120.92168031677727, 31.31570271740152],
            [120.92102276459298, 31.31603892412143],
            [120.91970059315685, 31.316267501214767],
            [120.91878506344159, 31.3163423876356],
            [120.91789084676287, 31.31621203084609],
            [120.91698505672349, 31.31609276709247],
            [120.91661170240565, 31.31602897479101],
            [120.916265906077, 31.3158069135839],
            [120.9153341435632, 31.31547408269742],
            [120.91530918587529, 31.3155843676452],
            [120.91489303047325, 31.315517032614324],
            [120.91475848068251, 31.31519215153095],
            [120.9144999599032, 31.31512750963229],
            [120.9144065240381, 31.315114487128753],
            [120.91379647805309, 31.315057925423147],
            [120.91356645339818, 31.315130291309487],
            [120.91368467936616, 31.31546158055906],
            [120.91335995204531, 31.3155006349063],
            [120.91318467791626, 31.315312095672425],
            [120.91284733982559, 31.315309402264333],
            [120.9121256642884, 31.31529935033214],
            [120.91081123649593, 31.31528468828421],
            [120.90964199839482, 31.315270076117216],
            [120.90860928221912, 31.315152912764972],
            [120.90808199160614, 31.315092587377606],
            [120.90699891739513, 31.315410499130934],
            [120.9064944977016, 31.315769134791495],
            [120.90578149718829, 31.316257902448754],
            [120.90548742448323, 31.316785549563633],
            [120.90523018983816, 31.317219505880487],
            [120.90496378732678, 31.31783358848115],
            [120.90467484514141, 31.318461627413654],
            [120.90450247460848, 31.318858252009036],
            [120.90421386259862, 31.319726015191947],
            [120.90413919390323, 31.31992819105882],
            [120.90398155928057, 31.32056784194782],
            [120.90377737300008, 31.321355464463323],
            [120.90369278149757, 31.32207036706278],
            [120.90366062739344, 31.322332560492356],
            [120.90393726534603, 31.322880478123807],
            [120.90448680821447, 31.32331746300828],
            [120.90398366580928, 31.32415954329133],
            [120.90462318149497, 31.324866905691636],
            [120.90340305792625, 31.325504135441548],
            [120.90282428405396, 31.325673930791012],
            [120.90241212690177, 31.32560651208611],
            [120.90183335303124, 31.325394267699053],
            [120.9012210954736, 31.325461232914847],
            [120.90030616506084, 31.32566348919748],
            [120.89969088720198, 31.325451243839936],
            [120.89912672883162, 31.325266466095215],
            [120.89745746127528, 31.324500114803257],
            [120.89694665345468, 31.324373484758695],
            [120.89645662621945, 31.324039487596366],
            [120.89617043086952, 31.32370110489626],
            [120.8958050433252, 31.32347637098185],
            [120.89477652144512, 31.32288060640076],
            [120.894510519312, 31.322823173951306],
            [120.89408812167045, 31.323020803819816],
            [120.89377261095956, 31.322702778340584],
            [120.89398251202903, 31.322408582533996],
            [120.89382830789077, 31.322229008393833],
            [120.89371334517426, 31.32208836512075],
            [120.89330808430236, 31.321730095361232],
            [120.89282679405852, 31.32129967934567],
            [120.89241187418975, 31.32093070982988],
            [120.892085163393, 31.320627490246068],
            [120.89188930098754, 31.320484419653653],
            [120.8912277652081, 31.319993583824868],
            [120.89073765448836, 31.319615157852795],
            [120.89008450429941, 31.31912703680868],
            [120.88977509846956, 31.318910002451517],
            [120.88959596738891, 31.318783647114387],
            [120.88932630175765, 31.31859571167898],
            [120.88877415569158, 31.318209149784792],
            [120.88864823514285, 31.318114118153673],
            [120.88838424668273, 31.31801226859531],
            [120.88794483486879, 31.31782442996601],
            [120.88763400974699, 31.317889904825094],
            [120.88747077113874, 31.31767123875005],
            [120.88762109243953, 31.317431297047904],
            [120.88735908190466, 31.31726307819916],
            [120.88703313037098, 31.317043216807804],
            [120.88622933024686, 31.31654783922592],
            [120.88567150330715, 31.316207873112035],
            [120.88502236754931, 31.315955788727052],
            [120.88420911224978, 31.315635682112273],
            [120.88361937497785, 31.315406765294057],
            [120.88322197299408, 31.315281874729763],
            [120.88257587024486, 31.315068975480287],
            [120.88213021230746, 31.315002286125065],
            [120.88127444679526, 31.314864233952477],
            [120.88021791456754, 31.314671157211237],
            [120.87965908870837, 31.31470619144025],
            [120.87895389091045, 31.31473650793238],
            [120.8787679635538, 31.314748633307474],
            [120.87842176981894, 31.31487515759575],
            [120.87811599461702, 31.315379545475665],
            [120.87781070888838, 31.31580860491674],
            [120.87756952791665, 31.31597694188366],
            [120.87746534901868, 31.316042977655044],
            [120.8773061380507, 31.316187073758556],
            [120.87715007977516, 31.316324436193966],
            [120.87704604092613, 31.31624498147667],
            [120.87712485823556, 31.316095498690586],
            [120.87741490849686, 31.315883374062665],
            [120.87768761639126, 31.315580367005495],
            [120.87763873710946, 31.3154039070547],
            [120.87704445458479, 31.31526923668602],
            [120.87688799247752, 31.315234790045423],
            [120.8766956782398, 31.31506241162917],
            [120.87566658776188, 31.3151243610056],
            [120.87488070847712, 31.315159040871734],
            [120.87441410999458, 31.31516981451908],
            [120.87388623853656, 31.3151819348588],
            [120.87297584195113, 31.31520373955705],
            [120.87208858861862, 31.315246834761226],
            [120.87123187304866, 31.31529757730496],
            [120.87032600012333, 31.315636166458233],
            [120.86999013210402, 31.315656584268638],
            [120.86960865631903, 31.31567813145209],
            [120.86884570475092, 31.315752199856774],
            [120.86860729995965, 31.31594871395798],
            [120.8686126980254, 31.316114175595544],
            [120.86858990742178, 31.31641950484733],
            [120.86857352115305, 31.316794524993682],
            [120.8685673027926, 31.316974928606783],
            [120.86837565452652, 31.3169598835091],
            [120.86833862147199, 31.316612086651944],
            [120.86833447772563, 31.31655544605404],
            [120.86831428540052, 31.316507900131015],
            [120.86827699168344, 31.31640966396327],
            [120.86822519485429, 31.316275142198307],
            [120.86813621748041, 31.316042032142036],
            [120.86799311872056, 31.31598889641377],
            [120.86777867984972, 31.315896854815506],
            [120.86770202054367, 31.315866764273295],
            [120.86748312364733, 31.31580262525128],
            [120.86730494255613, 31.315754834338364],
            [120.8670406705022, 31.315674753848057],
            [120.86661008496588, 31.31554773490089],
            [120.86626364803055, 31.31552628201146],
            [120.86557059221889, 31.315486081007478],
            [120.86532714712234, 31.31547192069179],
            [120.86465700703457, 31.315545501501447],
            [120.86323412032482, 31.31538865008092],
            [120.86233142875739, 31.315323295244426],
            [120.85999055062285, 31.313950833210853],
            [120.85994724659099, 31.313904528425653],
            [120.85972442454971, 31.313914818379914],
            [120.85956784689961, 31.314007427916792],
            [120.85792325663226, 31.313294531245774],
            [120.85765675078397, 31.312941937695697],
            [120.85722835478481, 31.312419084155295],
            [120.85634096307456, 31.311765513147307],
            [120.85566776936264, 31.31126879614817],
            [120.85449512067373, 31.31054442421383],
            [120.8542197232465, 31.310361421146425],
            [120.85359242910624, 31.309472544048646],
            [120.85250526762377, 31.30861289549756],
            [120.85177087448318, 31.308116161875034],
            [120.8507610839153, 31.308011586041943],
            [120.84970539377588, 31.30722726359103],
            [120.84938484706754, 31.306358532823353],
            [120.84940544297189, 31.306094574984456],
            [120.8489626310307, 31.305408281141695],
            [120.84866399042124, 31.305038736232063],
            [120.84841683957109, 31.304026879658807],
            [120.84821291912482, 31.303781579900516],
            [120.84813053550914, 31.30314806251664],
            [120.84773043530885, 31.30259735321755],
            [120.84747298650649, 31.30206941572493],
            [120.84741119879357, 31.301743852796633],
            [120.84767894554807, 31.301312700161063],
            [120.84779117635998, 31.30119686206625],
            [120.84776197989333, 31.301081482760125],
            [120.84764154504808, 31.301014076283494],
            [120.84757950255641, 31.300898696753578],
            [120.84760504946473, 31.300427822071043],
            [120.84760590339954, 31.299310995835143],
            [120.84765138659941, 31.29923633495065],
            [120.8475794640234, 31.299099767343023],
            [120.84740631707893, 31.29893588595165],
            [120.84715059236021, 31.29871282471217],
            [120.84708403429323, 31.298514034220673],
            [120.8469881375247, 31.298302352721265],
            [120.84699346512303, 31.298108879967387],
            [120.84716571625734, 31.29755007744872],
            [120.84712028773652, 31.29715954515092],
            [120.84707775949073, 31.296811238847013],
            [120.84705952025632, 31.29669804205625],
            [120.8469974995628, 31.29651331300812],
            [120.84686741904324, 31.296166783554185],
            [120.84647172600484, 31.295578575520153],
            [120.8464317688593, 31.294857050009085],
            [120.84639228001254, 31.29428459749934],
            [120.84613470336683, 31.29358212317024],
            [120.84582376905962, 31.29312979476336],
            [120.84550314590786, 31.292675998392227],
            [120.84484696550902, 31.291726680643762],
            [120.84442674446825, 31.291118017675245],
            [120.84398952821596, 31.290491423225035],
            [120.84370193565996, 31.290082666040746],
            [120.84337204973758, 31.28977220193896],
            [120.84279036511839, 31.28897993188133],
            [120.84266829534505, 31.288807322181057],
            [120.84217815630103, 31.288324729020744],
            [120.84149701471273, 31.28787757469736],
            [120.84116532769502, 31.28757457662516],
            [120.84050195365614, 31.28724225503896],
            [120.83946114266564, 31.286753544695813],
            [120.83842237537698, 31.286624835491864],
            [120.83817586604306, 31.28665116823437],
            [120.83755188928785, 31.286769665483547],
            [120.83686628520093, 31.286980326891864],
            [120.83651192803228, 31.287144905790214],
            [120.83609820947504, 31.287450281627798],
            [120.8357715435863, 31.287735196786358],
            [120.83541120080162, 31.28779563322395],
            [120.83515228886057, 31.28790913328345],
            [120.83483235835104, 31.288096197978447],
            [120.83463703235651, 31.28825160528889],
            [120.83460835779567, 31.288222824072747],
            [120.8344718411903, 31.28832709748285],
            [120.83412982599566, 31.288601190645295],
            [120.83381809575877, 31.288848280255962],
            [120.83340398670487, 31.289188815786616],
            [120.83320948074476, 31.28931270370451],
            [120.83298986761719, 31.289495837635897],
            [120.83264115147557, 31.28981767362393],
            [120.83223716914557, 31.290179091092057],
            [120.83197808146997, 31.290410637580663],
            [120.83190435291527, 31.290453208128753],
            [120.83152789591503, 31.29076865246573],
            [120.8309700353779, 31.291243754684317],
            [120.83046971783637, 31.29166579789316],
            [120.82995707069074, 31.29209950113355],
            [120.82967031671518, 31.292340706879827],
            [120.82953481558536, 31.292429251784384],
            [120.82930964459149, 31.292502471546243],
            [120.82903067167962, 31.29255014950084],
            [120.82820899186902, 31.292927131398415],
            [120.82786623870214, 31.293145870343835],
            [120.8276992799353, 31.293279927751897],
            [120.82743624833046, 31.293429771433907],
            [120.82723698196554, 31.293513207016744],
            [120.827117770815, 31.29357897839357],
            [120.82698824767749, 31.293684549769182],
            [120.82690057047586, 31.29378501274158],
            [120.82681488593909, 31.293827581765825],
            [120.82664949485536, 31.293848014890628],
            [120.82658542737403, 31.293907560304802],
            [120.8264678602161, 31.294069322283292],
            [120.82638217567938, 31.29412891873207],
            [120.82619885062377, 31.294198731666015],
            [120.82595638009161, 31.294254692379184],
            [120.8257949743329, 31.294319396964994],
            [120.82570131914144, 31.294382398756895],
            [120.82556183268673, 31.294419859261836],
            [120.82533704364374, 31.294494247219703],
            [120.82506803404908, 31.294586195596125],
            [120.82498434217473, 31.29461684503393],
            [120.82490530961167, 31.294658509331484],
            [120.82483736152057, 31.294698706187702],
            [120.82479728956764, 31.294749324425823],
            [120.82473631051164, 31.294724015309683],
            [120.82471540340634, 31.294715827065232],
            [120.8246840427484, 31.294713593906977],
            [120.82464222853781, 31.294713593906977],
            [120.82461609465724, 31.294722526537953],
            [120.82457999263784, 31.294727092560777],
            [120.82454340520479, 31.29473974711904],
            [120.82449549308893, 31.294730070104322],
            [120.82445193661857, 31.294723370631246],
            [120.82440141111516, 31.29472783694638],
            [120.8243508856118, 31.294748679747542],
            [120.824279453001, 31.29477026693003],
            [120.82421249293463, 31.29475244758676],
            [120.82417851888903, 31.294746492501417],
            [120.82412625112795, 31.294746492501417],
            [120.82408966369263, 31.29475244758676],
            [120.82401624741289, 31.29477187075129],
            [120.82395962400216, 31.29479717985457],
            [120.8238847068759, 31.294782292147545],
            [120.82383505250243, 31.294774103908168],
            [120.82379282954543, 31.294782743649378],
            [120.82372313919444, 31.29479093188891],
            [120.82366738691371, 31.294821451682438],
            [120.82364386642075, 31.294831873073264],
            [120.82351498777473, 31.29482802493051],
            [120.82342624071867, 31.294862913470908],
            [120.82333128761707, 31.29492097546516],
            [120.82327989098167, 31.294957450288933],
            [120.822338397909, 31.295239756171185],
            [120.82193015141911, 31.29519110348741],
            [120.82124548555294, 31.295092684037442],
            [120.82026647734921, 31.294945054669412],
            [120.81937065284956, 31.29480836060398],
            [120.81879476567138, 31.294622456357402],
            [120.81855984899931, 31.2944196828293],
            [120.81819512045257, 31.294304859187804],
            [120.81756804330269, 31.294304859187804],
            [120.81724810598121, 31.29446342513245],
            [120.8165826363525, 31.29476962068358],
            [120.81584348931278, 31.29530711917323],
            [120.81543036276048, 31.29565822822724],
            [120.81510986229591, 31.29603251247707],
            [120.8140522107642, 31.296005125874842],
            [120.81402016071917, 31.295786032771915],
            [120.8139453772771, 31.295512165677366],
            [120.8135500933721, 31.295557810248752],
            [120.81313344276776, 31.295685614929553],
            [120.81296167633536, 31.29584275146989],
            [120.81280265835471, 31.29603686594355],
            [120.81265878497425, 31.29640568237035],
            [120.81228017081759, 31.29650273908439],
            [120.81163461349377, 31.296663508403952],
            [120.8110704784014, 31.29691909017083],
            [120.81029810552161, 31.29701614635617],
            [120.8095962354812, 31.297116105712973],
            [120.80875571205274, 31.297316687967623],
            [120.80796440846729, 31.297462271594483],
            [120.807113019236, 31.297494907252428],
            [120.80651859500858, 31.297540199875115],
            [120.80604911345603, 31.297611373951483],
            [120.8057575805559, 31.29767931279335],
            [120.80533525506371, 31.297866785926203],
            [120.80532863433945, 31.2979304301292],
            [120.80522766829483, 31.297920529922678],
            [120.80517966804462, 31.298262793599676],
            [120.80463676865372, 31.298190663754895],
            [120.80465166528438, 31.29810439072982],
            [120.80458380286132, 31.298115705229392],
            [120.80448614717682, 31.29813550560037],
            [120.80429545545917, 31.298154549642433],
            [120.80416469615511, 31.2981729356938],
            [120.80404552311768, 31.298178592939678],
            [120.80383697030408, 31.298182835873845],
            [120.80359696904912, 31.298182835873845],
            [120.80332056000367, 31.298177178766494],
            [120.80312524863666, 31.298174350143597],
            [120.80292828208962, 31.29815030684526],
            [120.80254776332748, 31.298113032729574],
            [120.80228458953741, 31.298081917852386],
            [120.80198665694576, 31.298053631590733],
            [120.80181120775376, 31.298032416888887],
            [120.8016993755922, 31.29789232018102],
            [120.80151147150826, 31.29786049411298],
            [120.80132112568754, 31.29783927936768],
            [120.80105557944006, 31.297763936367858],
            [120.80085033698862, 31.29771584955573],
            [120.80052261113758, 31.297629576096796],
            [120.80041336918663, 31.297604118339493],
            [120.80008623501743, 31.29732972604276],
            [120.79987271665965, 31.297150106704137],
            [120.7997171296405, 31.29702564585955],
            [120.79928663339513, 31.29732803963259],
            [120.79924856422934, 31.29738036961207],
            [120.79922704687641, 31.29743694253105],
            [120.7992237365142, 31.29751190159557],
            [120.79899863188996, 31.297623632921145],
            [120.79891007586673, 31.297557160746635],
            [120.79885711007228, 31.29754018889612],
            [120.79879255801131, 31.297547260500863],
            [120.79866014352524, 31.297605247638884],
            [120.79844662516751, 31.297680206570405],
            [120.79824138271607, 31.297759408394654],
            [120.7981042667692, 31.2976517807423],
            [120.79800798163393, 31.297576752325824],
            [120.79789211896065, 31.297483407130542],
            [120.79778265636526, 31.297434990399537],
            [120.79767010405214, 31.297372760186306],
            [120.79742182689279, 31.29730911560671],
            [120.7974178590452, 31.297259735890066],
            [120.79728664789968, 31.29725210882974],
            [120.79700340242488, 31.297237502194037],
            [120.79693199499383, 31.29723216324912],
            [120.7967436579072, 31.297232925954873],
            [120.79635282451505, 31.297234453095086],
            [120.79835976350932, 31.29401726251531],
            [120.79891566300518, 31.294428092657313],
            [120.79951663543346, 31.29455647670936],
            [120.79977803168492, 31.29447124343598],
            [120.80027721129215, 31.29427480417732],
            [120.80071070934815, 31.293898762127498],
            [120.80093402652756, 31.2935114933737],
            [120.80098789697922, 31.29327669022051],
            [120.80082037939269, 31.293020381391017],
            [120.80053138068928, 31.29200448963219],
            [120.80087949276418, 31.29177436898287],
            [120.80086635645938, 31.291482507840556],
            [120.80089262906904, 31.29135902785427],
            [120.80051819257721, 31.290732743367926],
            [120.79996646778005, 31.28997501669454],
            [120.79934379607812, 31.289037395903947],
            [120.79828561621639, 31.28754815056442],
            [120.79776016402877, 31.286835302303317],
            [120.79721896443937, 31.286062776901403],
            [120.79709416954387, 31.28587193315589],
            [120.79683144345006, 31.285602506034465],
            [120.79648989952756, 31.285288173420355],
            [120.79619863934136, 31.285274126581072],
            [120.79609648059477, 31.2851759094397],
            [120.7962190710906, 31.284996935718468],
            [120.79610158853211, 31.284787405077793],
            [120.79608623212584, 31.284730537337296],
            [120.7960938940318, 31.284514458245383],
            [120.79605195277742, 31.284477090567478],
            [120.79584763528607, 31.284178071091063],
            [120.79555928156543, 31.28374683346628],
            [120.79543669105993, 31.28362242305083],
            [120.79489465871029, 31.28307075240363],
            [120.7947602910549, 31.282910985659797],
            [120.79423179810345, 31.28286816060097],
            [120.79396678220854, 31.282779342390384],
            [120.79387844357638, 31.28258394203398],
            [120.79195058285313, 31.283156819205573],
            [120.79174721850086, 31.283094676606098],
            [120.79144063148487, 31.282952567771744],
            [120.79123277588127, 31.28293924505742],
            [120.79119120476031, 31.282797135988133],
            [120.79118081198004, 31.282703876795253],
            [120.79103531305799, 31.282663908541892],
            [120.79113404446889, 31.28240633494417],
            [120.79125356144186, 31.28233528003507],
            [120.79119120476031, 31.28200665038308],
            [120.79059104808124, 31.281514608277206],
            [120.79064060911304, 31.280328628131315],
            [120.79093797531328, 31.280307449778704],
            [120.79143358564829, 31.28100633289789],
            [120.79210265959745, 31.281027511093512],
            [120.79336646594896, 31.280540411393943],
            [120.79413110310225, 31.280221702484994],
            [120.7954712948976, 31.279458113400878],
            [120.79720460961767, 31.27799200502872],
            [120.79740117108094, 31.27776292353704],
            [120.7980087246944, 31.276861864270487],
            [120.79906300748974, 31.27527353628696],
            [120.79947399829996, 31.274479361972766],
            [120.79977777510607, 31.273501907330058],
            [120.79997961052345, 31.2723617020811],
            [120.8001046950917, 31.2715369568798],
            [120.7999974797475, 31.271094035184916],
            [120.79982573567719, 31.270999220637236],
            [120.79963485733992, 31.270806409341432],
            [120.79929648210452, 31.270554270897904],
            [120.79898413573483, 31.270383706274615],
            [120.79833341412984, 31.27016864609243],
            [120.79808180177707, 31.270101903177775],
            [120.79714476266548, 31.269983248990258],
            [120.79604044307297, 31.270031382299166],
            [120.79480777180731, 31.270234486016207],
            [120.79335232862468, 31.27046297717436],
            [120.79272856726135, 31.270564528623453],
            [120.79220876612374, 31.270869182312893],
            [120.79161926464894, 31.271383748999796],
            [120.79145949747925, 31.27127753879077],
            [120.79139440715085, 31.27111063679176],
            [120.79131156491462, 31.271080290942706],
            [120.79107714373737, 31.271080290942848],
            [120.79094394988624, 31.271134935842],
            [120.79057623472755, 31.271162179626003],
            [120.79036196116022, 31.271222799554252],
            [120.79007256530787, 31.271391285768345],
            [120.7897067845775, 31.271607016861736],
            [120.7894192017423, 31.271762107787808],
            [120.78936467788702, 31.271799748135678],
            [120.78926821260251, 31.271882198369497],
            [120.78920320339034, 31.272014835550834],
            [120.78918852389046, 31.272142095374335],
            [120.78843316590974, 31.272157976419393],
            [120.78761740513909, 31.272149014467104],
            [120.78733997215886, 31.271847575053457],
            [120.78729803073088, 31.271802765136542],
            [120.78720575959039, 31.271736446420064],
            [120.78709880894883, 31.271657580858644],
            [120.78691401536014, 31.27152478179829],
            [120.7866015517236, 31.271365257850235],
            [120.78627440858725, 31.27120394122393],
            [120.78616635665077, 31.271178848084915],
            [120.7860426294393, 31.271243374785584],
            [120.78592801842655, 31.272161435651398],
            [120.78529934345443, 31.27215232826937],
            [120.78541655404172, 31.271510255625643],
            [120.78540901909554, 31.271458540479642],
            [120.78535992752393, 31.27140367044217],
            [120.78431272444715, 31.2713442701007],
            [120.78336687592429, 31.271284654044052],
            [120.78328002160123, 31.271281426389734],
            [120.78312708246841, 31.271299178486174],
            [120.78291561107562, 31.271391166573935],
            [120.78277400076752, 31.271487996042055],
            [120.78175715150837, 31.27133630558592],
            [120.78175651331946, 31.271389613993847],
            [120.78137569060226, 31.27132131791511],
            [120.78097562524215, 31.271467913312478],
            [120.78091782179581, 31.27149261611595],
            [120.78073931114722, 31.271526037546792],
            [120.78064580556781, 31.271544927915542],
            [120.78004335894434, 31.271735075697308],
            [120.77989885032429, 31.271783028058152],
            [120.77973496661758, 31.271743678157975],
            [120.77962275992559, 31.27169427267431],
            [120.77945785008836, 31.271627429920883],
            [120.7792178951708, 31.271510290580423],
            [120.77909888807102, 31.271463791188296],
            [120.77902408360836, 31.271439088376397],
            [120.77882263461925, 31.271429885005304],
            [120.7785067265508, 31.271458158530223],
            [120.7783044144822, 31.271488673761297],
            [120.77822450971627, 31.271540985563078],
            [120.77818200717951, 31.271609281481958],
            [120.77805149240533, 31.27202614692729],
            [120.77785288325543, 31.271996453402267],
            [120.77784778295012, 31.271833706265937],
            [120.77780989131583, 31.27177700346128],
            [120.77778578175435, 31.271738156042176],
            [120.7777284292493, 31.271694283448227],
            [120.77766619537726, 31.27164452294467],
            [120.77757236937794, 31.271604159659077],
            [120.77747449480307, 31.271560689850602],
            [120.77742096028851, 31.271531519861597],
            [120.77729287826986, 31.271461896623066],
            [120.77709165830623, 31.27134912159157],
            [120.77707195440684, 31.271337519095766],
            [120.77703381106471, 31.271304345303946],
            [120.77699098345306, 31.271267739727747],
            [120.77690941684739, 31.271203964298493],
            [120.77684182952396, 31.271144480165518],
            [120.77670226352313, 31.271029788097493],
            [120.77660586077076, 31.270973705272937],
            [120.77646330740669, 31.270877947186534],
            [120.77638902826806, 31.27083219000707],
            [120.77627975429124, 31.270782105741276],
            [120.7760901847974, 31.270695671872375],
            [120.77590673674013, 31.270609434306877],
            [120.77578494572026, 31.2705550974987],
            [120.77571637076659, 31.270522877591063],
            [120.77568090415184, 31.270513726122346],
            [120.77547793527043, 31.27040687601159],
            [120.77543380333816, 31.27038382443544],
            [120.77525604971686, 31.270361820652326],
            [120.77495080384386, 31.270319908670402],
            [120.77489931658783, 31.27031466967135],
            [120.77477917965854, 31.270285331271836],
            [120.77428917696983, 31.27016624538787],
            [120.77398638286951, 31.270091851452833],
            [120.77383349749857, 31.270058204708505],
            [120.77359567541254, 31.27002467501714],
            [120.77337256397118, 31.270007910166683],
            [120.77309208667924, 31.270112941079105],
            [120.7728603940555, 31.2701946696085],
            [120.77281607662735, 31.270212787596236],
            [120.7726800031657, 31.270224313406274],
            [120.77259051341184, 31.270233743612735],
            [120.77241275982783, 31.27021802660566],
            [120.77216134939482, 31.27018997060101],
            [120.77208044084966, 31.270179492588156],
            [120.77188675069738, 31.270113481080557],
            [120.77158716741218, 31.269995131698437],
            [120.77160587723819, 31.26980664032274],
            [120.77159484425403, 31.269667282091888],
            [120.77152473684856, 31.269537657515173],
            [120.77150733932967, 31.269514083590806],
            [120.7714080424795, 31.269413493899563],
            [120.77136391054574, 31.26938520303004],
            [120.77116021881534, 31.26926549208116],
            [120.77100943471055, 31.26917223681285],
            [120.77092205158175, 31.26912389032934],
            [120.77086811255157, 31.269071499661507],
            [120.77072515846606, 31.26894256745068],
            [120.7706071868351, 31.26883416837829],
            [120.77048416721499, 31.26872554537931],
            [120.77041429165394, 31.268654293763774],
            [120.7701163367123, 31.268387005964243],
            [120.76989717275444, 31.268290543555267],
            [120.76968830305759, 31.2680243703077],
            [120.76944145704181, 31.267719243953664],
            [120.76932358624663, 31.26701941284165],
            [120.76918517214773, 31.26626536047722],
            [120.7691401304582, 31.26586473280041],
            [120.76907557073298, 31.26524472679536],
            [120.76879128581032, 31.265073601365657],
            [120.76757902878217, 31.264441070325873],
            [120.76738535206471, 31.26448327156602],
            [120.7672372444598, 31.264531963676788],
            [120.76710954094796, 31.264756736587174],
            [120.76692751093259, 31.26472258151614],
            [120.76674548091722, 31.264751044076206],
            [120.76668776408269, 31.26474914657244],
            [120.76660562858865, 31.26471119648967],
            [120.76639696003434, 31.264644783808706],
            [120.76622824928853, 31.264597346150964],
            [120.76602793206973, 31.26408410802189],
            [120.76597685359422, 31.263279889176374],
            [120.76594139914499, 31.26267468699305],
            [120.76649192894746, 31.262532370976743],
            [120.76712544681192, 31.26216409596283],
            [120.76751836525995, 31.261942081682434],
            [120.76702622052778, 31.26064429517261],
            [120.76709942713234, 31.2596430396476],
            [120.76749683441102, 31.2589904298831],
            [120.76718602067177, 31.255237736375747],
            [120.76705006555056, 31.25458509615295],
            [120.7663284575961, 31.25427218485696],
            [120.76652716123544, 31.253780465010777],
            [120.7662714097923, 31.25249205600369],
            [120.76535109819855, 31.2513029611997],
            [120.7618611017271, 31.253744799618815],
            [120.76022768911935, 31.25259340107526],
            [120.7598694845999, 31.252140187158673],
            [120.76226229078912, 31.249812838182933],
            [120.76366203558734, 31.248291670069946],
            [120.76412053737278, 31.24748319608088],
            [120.76386263011943, 31.246956459304172],
            [120.76308890835702, 31.24601322564152],
            [120.7628019917068, 31.24563338371189],
            [120.76251542809172, 31.245572134201183],
            [120.76211423903175, 31.245694633183874],
            [120.76186225726451, 31.245459423214882],
            [120.76140375547902, 31.244773425156183],
            [120.76060137735709, 31.243768919008147],
            [120.75913994116951, 31.242753940398657],
            [120.75802234306849, 31.242643687888588],
            [120.75795395087493, 31.242601377781426],
            [120.75774269124457, 31.242363716275975],
            [120.75864079121823, 31.241736255163545],
            [120.75908605972268, 31.241226444045992],
            [120.75877284457096, 31.240786379821955],
            [120.75853193446596, 31.240621598074995],
            [120.75829102436086, 31.240450478264165],
            [120.75791574411778, 31.24017387544413],
            [120.75735582728146, 31.239762530880114],
            [120.75698519634932, 31.239480497350556],
            [120.75671834207878, 31.239290361911273],
            [120.75603178645605, 31.239381288835744],
            [120.75503958771765, 31.239013218845813],
            [120.75452441072116, 31.238864278714303],
            [120.75363119017618, 31.238588580404468],
            [120.7532420276973, 31.238503018696804],
            [120.7532515371148, 31.23826155132926],
            [120.75317741092783, 31.238150637605372],
            [120.752766010593, 31.237992189202046],
            [120.75169859350876, 31.23796366846105],
            [120.75122047960792, 31.238166482431183],
            [120.7510203389034, 31.23801437199465],
            [120.75089819641448, 31.23783846877606],
            [120.75078482319236, 31.23750765283829],
            [120.75172514215109, 31.237365557979743],
            [120.7521642384333, 31.2373055492924],
            [120.75216585708193, 31.237295599324895],
            [120.75226292446177, 31.237251281478464],
            [120.75248368718547, 31.237151930892253],
            [120.75268833784969, 31.237057117407787],
            [120.75306489482637, 31.23688815943943],
            [120.75303032951695, 31.236828968699314],
            [120.75271597279806, 31.236325067851936],
            [120.75222182203635, 31.235995647615567],
            [120.75157691341684, 31.235451385576752],
            [120.75085662586713, 31.235458546939725],
            [120.75073275045287, 31.235207703428713],
            [120.75059042518546, 31.234921985197815],
            [120.75044191186487, 31.234562190641185],
            [120.75011772252742, 31.233807531573518],
            [120.7497679318518, 31.233013157733467],
            [120.74965654685991, 31.23217185426195],
            [120.74961915901724, 31.231876266045944],
            [120.7494582695864, 31.231431799419468],
            [120.74933450848431, 31.23137359530216],
            [120.74894466101642, 31.23138946915607],
            [120.74892125072802, 31.23137908595288],
            [120.7488815274694, 31.23128717633702],
            [120.7488207742503, 31.231269194010295],
            [120.74865655091759, 31.230864963399014],
            [120.74849723334734, 31.2304806400372],
            [120.74828184726738, 31.229949528795217],
            [120.74791128081773, 31.22904322837968],
            [120.74800931341667, 31.22894650391359],
            [120.74803193632408, 31.228701468155933],
            [120.74787357597194, 31.22830167160714],
            [120.7476925927167, 31.227785802594312],
            [120.74800130096833, 31.2273525502641],
            [120.74800130096833, 31.22724937564989],
            [120.74788064546192, 31.227178443038298],
            [120.74757900669823, 31.22705592294666],
            [120.74751867894497, 31.226978541753695],
            [120.7473894826739, 31.226325430040745],
            [120.74649890144843, 31.22503329395795],
            [120.74577496841448, 31.225200956579187],
            [120.74562820751572, 31.225070627898575],
            [120.74604714720942, 31.22466578450559],
            [120.74614457492714, 31.224438752350835],
            [120.74546841846018, 31.223529007888615],
            [120.74534218522456, 31.22357684184881],
            [120.74524685951332, 31.22357128381131],
            [120.74510820393272, 31.223600926674123],
            [120.74496621049286, 31.223703537724447],
            [120.74473656218652, 31.223909184604665],
            [120.74498137686754, 31.22471849454226],
            [120.74468023427818, 31.224622156343884],
            [120.74463690440876, 31.224442448288443],
            [120.74457190960476, 31.22378475094554],
            [120.74433582373467, 31.22349064684218],
            [120.74409736368864, 31.22291227348269],
            [120.74393418081831, 31.222561079881984],
            [120.74387785198815, 31.22242768545935],
            [120.7437846927703, 31.22228502732729],
            [120.74368070108386, 31.222236856999956],
            [120.74346188524498, 31.22218127582309],
            [120.74330589771654, 31.222281321918373],
            [120.74311307979923, 31.222296143553223],
            [120.74307841590371, 31.22218127582309],
            [120.7434878831665, 31.222071966079326],
            [120.74372319013179, 31.22194286472532],
            [120.7438791653259, 31.221591451600347],
            [120.74388535397236, 31.221321541952136],
            [120.74379871292365, 31.221062216270127],
            [120.74368112862629, 31.22074996601927],
            [120.74337788495131, 31.22050651596831],
            [120.74274246532804, 31.22024528367082],
            [120.74243922165306, 31.220197651933844],
            [120.74197507317172, 31.220197651933844],
            [120.74151237744809, 31.22029404920059],
            [120.74110069459977, 31.22048768378197],
            [120.74059908394185, 31.22076075442125],
            [120.74024915352123, 31.22107408863441],
            [120.73974690044696, 31.221771165518447],
            [120.73884244982287, 31.223015350853245],
            [120.73873721557095, 31.22343859168032],
            [120.73877990229363, 31.223519563496083],
            [120.73887047251964, 31.22355124810096],
            [120.73879636960766, 31.22371319147007],
            [120.73850819161339, 31.223730793993596],
            [120.73828588287523, 31.22412156916883],
            [120.73829411653219, 31.224241265745874],
            [120.73843408870147, 31.22431167542635],
            [120.73842173821595, 31.224406728411992],
            [120.73769989566807, 31.2246853122722],
            [120.73702422378773, 31.224345432412306],
            [120.73704409649014, 31.223920580868082],
            [120.73837556754842, 31.222391099497656],
            [120.738492651954, 31.221828202764854],
            [120.73887023329843, 31.221114432071502],
            [120.73882083883007, 31.220899296790876],
            [120.73920680140225, 31.22037119029659],
            [120.74016205876495, 31.21999986365114],
            [120.7410015273569, 31.21877860128548],
            [120.7410497726786, 31.218110201013147],
            [120.74077532214147, 31.217320923277526],
            [120.7403604123777, 31.217172388001543],
            [120.74012883483488, 31.217188891932693],
            [120.74004199325589, 31.21736218303458],
            [120.73978146852, 31.217436450552952],
            [120.73957883817025, 31.217560229619366],
            [120.7393279624988, 31.217320923277526],
            [120.73948234752834, 31.217172388001543],
            [120.73979111758445, 31.216437960153684],
            [120.73945674593148, 31.215409788827813],
            [120.73892094180258, 31.214709501515088],
            [120.73742762140279, 31.212810536377432],
            [120.73662755818935, 31.21177627577096],
            [120.73640562971099, 31.21135540053787],
            [120.73569159895544, 31.210901513382993],
            [120.73553687406314, 31.210623119621005],
            [120.7349772283356, 31.21061486708338],
            [120.73452242598012, 31.210408237296605],
            [120.73412681434496, 31.20993784040178],
            [120.73382769335177, 31.20936840945106],
            [120.73385758666836, 31.208752188876474],
            [120.73322367356906, 31.208172619180218],
            [120.73265533768574, 31.207882833000596],
            [120.73203235412109, 31.207761309499546],
            [120.73188497300794, 31.207217405434577],
            [120.73206565716498, 31.20664340177177],
            [120.73110492440054, 31.205683753195757],
            [120.73059728795931, 31.205532891150057],
            [120.72996947058607, 31.204983058755715],
            [120.72978878642897, 31.204662934195966],
            [120.72920581511818, 31.20412852245356],
            [120.72897780891952, 31.20412484283436],
            [120.72884444680392, 31.204021813423694],
            [120.72889014060144, 31.20381326608681],
            [120.72856861041072, 31.20353307763112],
            [120.72814701404496, 31.20329758019753],
            [120.72773402168554, 31.2030547228551],
            [120.72696731287789, 31.202926141561747],
            [120.72691286466574, 31.202887362123747],
            [120.72669353955627, 31.20287485564721],
            [120.72662460880849, 31.20289986859858],
            [120.72601258731282, 31.20294810784273],
            [120.72572809811106, 31.203062075285374],
            [120.72568632189945, 31.203085301551624],
            [120.72556725969775, 31.20310138127107],
            [120.72546073034994, 31.203106741172576],
            [120.72479652027647, 31.20327614044247],
            [120.72474113955758, 31.20327315671696],
            [120.72438945651402, 31.203366310206974],
            [120.72405514582704, 31.203551509731327],
            [120.72397013681427, 31.20343667253958],
            [120.72421098100949, 31.20324313795797],
            [120.72443066844812, 31.203062376480815],
            [120.72439126462723, 31.202805874043918],
            [120.7245175092371, 31.20249196379187],
            [120.72382099054312, 31.20182265884175],
            [120.72327198717466, 31.20128218715513],
            [120.72321862384365, 31.201270433866966],
            [120.72304510505597, 31.20114352411761],
            [120.72299229498975, 31.201124164988897],
            [120.7228036876117, 31.201137071074925],
            [120.72277099566594, 31.201156430201664],
            [120.72275087754542, 31.201317756103094],
            [120.72269356546303, 31.201398166235535],
            [120.72261219691813, 31.201393526321],
            [120.72256337579114, 31.2013900463849],
            [120.7224806511046, 31.20135988693434],
            [120.72257693731666, 31.200973448759598],
            [120.72256201975091, 31.200952569049292],
            [120.72228213346017, 31.20087359039698],
            [120.72226450360961, 31.20084459076648],
            [120.72200555381085, 31.200675906914086],
            [120.72161668424235, 31.20053017386087],
            [120.72108596530825, 31.200324446709416],
            [120.72085643967091, 31.20023200145934],
            [120.7203750091158, 31.200069602314045],
            [120.72002650022245, 31.200193239943147],
            [120.71972924856925, 31.200040847256048],
            [120.7193104323112, 31.20001579290964],
            [120.71875525048512, 31.20018445856141],
            [120.71852094670339, 31.200215734268966],
            [120.71826734807246, 31.200250534055115],
            [120.71795409164287, 31.200290781380374],
            [120.7176256099022, 31.200332597072617],
            [120.71724182160102, 31.200419596407556],
            [120.71705964563023, 31.20046968737475],
            [120.71668536356674, 31.20065918802699],
            [120.7163223932759, 31.200838633880778],
            [120.71625733230036, 31.20087782343097],
            [120.71611900577557, 31.20098686195655],
            [120.71595491254408, 31.201117940017937],
            [120.71570168230693, 31.20127510198151],
            [120.71537034542632, 31.20148891522095],
            [120.71505827421146, 31.201670464684696],
            [120.71475449831195, 31.20184910070644],
            [120.71450992269087, 31.202032035677902],
            [120.71427666619707, 31.20220487117348],
            [120.7139769206484, 31.20242459855959],
            [120.71356879179956, 31.202635496283833],
            [120.71300699651647, 31.202909073442328],
            [120.71263375393374, 31.20311101464513],
            [120.71196004454424, 31.203373823865363],
            [120.71223735532601, 31.20406616140032],
            [120.71197979378275, 31.20414990092719],
            [120.71145548404985, 31.203542791652126],
            [120.71117231697389, 31.20359818888528],
            [120.71104979204318, 31.20286424062732],
            [120.71078649598735, 31.20228652478714],
            [120.70967202522667, 31.202635989790508],
            [120.7076447329415, 31.20280341275057],
            [120.70514207557005, 31.2030904228496],
            [120.7031126914008, 31.20327495330497],
            [120.70304548585051, 31.20358704031537],
            [120.70349167590501, 31.20417256921786],
            [120.70269709087535, 31.204418281159974],
            [120.7023670324798, 31.20451238343665],
            [120.70234258370948, 31.204716271381756],
            [120.7018658326902, 31.20476855027168],
            [120.70130962316921, 31.204371229986137],
            [120.70099179827463, 31.20341974342361],
            [120.69905743985447, 31.203532535066387],
            [120.69764552337807, 31.203746881012123],
            [120.69562847402324, 31.204080690923945],
            [120.69437370605601, 31.204258440224024],
            [120.6930675118715, 31.20438333582993],
            [120.69156391245627, 31.204294461335053],
            [120.69010686289147, 31.203655979254236],
            [120.68996628415346, 31.20339458155064],
            [120.68937951366956, 31.20324819846151],
            [120.68891498703732, 31.203054763316317],
            [120.68876218222465, 31.202965887576852],
            [120.68848102136792, 31.202735855863054],
            [120.68700261139611, 31.202305834108046],
            [120.68643153039699, 31.20125750614241],
            [120.68479233818204, 31.200529733009404],
            [120.68309576716666, 31.199809545463424],
            [120.68172663603832, 31.199244902327948],
            [120.68105356423933, 31.199229219336218],
            [120.68080457786954, 31.199505148630365],
            [120.6807270882232, 31.199475435905427],
            [120.68039308112128, 31.199518862192576],
            [120.67975494782723, 31.199277228887183],
            [120.67896706212366, 31.199150269434142],
            [120.67844601104537, 31.199074844523565],
            [120.67720987657424, 31.199013199396845],
            [120.675902169192, 31.19862217305476],
            [120.6750388287021, 31.198320559465486],
            [120.67448036882979, 31.19817427951409],
            [120.67317165229758, 31.197831681405276],
            [120.67166359916007, 31.197478861636995],
            [120.6708842006322, 31.1973021162014],
            [120.67008792770218, 31.1972084046251],
            [120.6695319295954, 31.197211231794],
            [120.66886658745, 31.197263801712907],
            [120.66796343224848, 31.197300372073357],
            [120.66690624748242, 31.197342858716752],
            [120.66687269089726, 31.197481602355822],
            [120.66673280743277, 31.197531983184646],
            [120.6665140423155, 31.197415927306338],
            [120.66618045931193, 31.1974241830234],
            [120.66560627328488, 31.197439211570767],
            [120.66515771514594, 31.197455625949345],
            [120.66481143120689, 31.197467211570782],
            [120.66454423676208, 31.197530606282285],
            [120.66446559661676, 31.19775658319658],
            [120.66439928558634, 31.198298771782788],
            [120.66417694860212, 31.198270411226844],
            [120.66420035249519, 31.19768818379987],
            [120.66405017751572, 31.197548048297094],
            [120.66378688372208, 31.19747464390379],
            [120.66337926591876, 31.19746963905662],
            [120.66308982825223, 31.197480627123653],
            [120.66285188867494, 31.197529007295984],
            [120.66251448255082, 31.19757738744255],
            [120.66184558574827, 31.197875641995154],
            [120.66149604577282, 31.198120352034877],
            [120.66112506928835, 31.19863717253679],
            [120.66093559132025, 31.199149537332914],
            [120.65927307494997, 31.199677583861515],
            [120.65897149902793, 31.199671565830343],
            [120.65839084073667, 31.19975521650028],
            [120.65762070447727, 31.19992774577436],
            [120.65632731907976, 31.200082430147134],
            [120.65490317821815, 31.19998309531178],
            [120.6537061009156, 31.199741712617055],
            [120.65296652561722, 31.199642377423928],
            [120.65242254048144, 31.19948030398966],
            [120.65152383101099, 31.19924380411443],
            [120.65041141196906, 31.198998078731933],
            [120.64967183667261, 31.19873143982879],
            [120.64822784862821, 31.198395529302033],
            [120.64687094188491, 31.198369388099692],
            [120.64676092241848, 31.198390301062133],
            [120.64563016679881, 31.197977269200095],
            [120.64516785203068, 31.19776157778216],
            [120.64264962870487, 31.197453109068903],
            [120.64178780955683, 31.19732240168463],
            [120.64178871098488, 31.197251664650366],
            [120.64134590276905, 31.197178118615867]
          ]
        ],
        "type": "Polygon"
      }
    }
  ]
}
