{
  "type": "FeatureCollection",
  "features": [
    {
      "type": "Feature",
      "properties": {
        "name": "香格里拉-梅里雪山（前段）"
      },
      "geometry": {
        "coordinates": [
          [99.69640484580987, 27.845747585795607],
          [99.69499064825413, 27.84535893320394],
          [99.69372933692148, 27.845443423016178],
          [99.69235336092294, 27.846203828365105],
          [99.68968659829272, 27.847460974577757],
          [99.68725952951559, 27.848593110651763],
          [99.68506093878909, 27.84967272504346],
          [99.68343652267788, 27.85023033440895],
          [99.6816592203449, 27.850399306377568],
          [99.68003480423516, 27.85061896954288],
          [99.67902361412087, 27.851620319579993],
          [99.67825918300929, 27.85314103832647],
          [99.6762483278178, 27.856546364482867],
          [99.675407453596, 27.858675268026303],
          [99.67427885775305, 27.862145634667712],
          [99.67345709430924, 27.864021002629215],
          [99.67368642364261, 27.865761179909242],
          [99.6739291209098, 27.868818255543815],
          [99.67384508852274, 27.869512563318665],
          [99.6736261963174, 27.87004950313856],
          [99.67208388174436, 27.873245785616888],
          [99.6706226223896, 27.8753517090762],
          [99.67002448366736, 27.876078716988815],
          [99.66987494898711, 27.876632231105276],
          [99.669136247567, 27.87848727980817],
          [99.66874371902912, 27.87913991597013],
          [99.66800421476762, 27.880192423733618],
          [99.66759299439587, 27.880688089323712],
          [99.66712158769593, 27.88150019508113],
          [99.66649338831184, 27.882852390151186],
          [99.6662223567028, 27.883661956222994],
          [99.66578309857829, 27.884496298596716],
          [99.66546761516648, 27.88498404790917],
          [99.664987966446, 27.885441249055603],
          [99.66443655731172, 27.88591210859687],
          [99.66318431062564, 27.886961121605907],
          [99.6622777566239, 27.887861522794353],
          [99.66130552850063, 27.889082818717327],
          [99.66076346528251, 27.889694089094945],
          [99.66015598064257, 27.89004102480162],
          [99.65786888306161, 27.89108000223078],
          [99.65483224241302, 27.892500357717225],
          [99.65279739447533, 27.8935465074195],
          [99.6522272935058, 27.89409993225162],
          [99.65161345863135, 27.89479372980152],
          [99.65094055256816, 27.89571058570162],
          [99.64960321289249, 27.89712620551788],
          [99.64839751625686, 27.898241580673798],
          [99.64716385514038, 27.901371974929006],
          [99.64545296975712, 27.90578218178227],
          [99.64494564440758, 27.90677421341259],
          [99.64417683151538, 27.907908675984018],
          [99.6435535468919, 27.908675608315534],
          [99.64291773980386, 27.909520665004138],
          [99.64196867406196, 27.91087277956892],
          [99.64101667788981, 27.91154035560143],
          [99.63987206345269, 27.911681837336545],
          [99.63925173046317, 27.91151901450732],
          [99.63887093199395, 27.911301917019074],
          [99.6385884040979, 27.91108481909589],
          [99.63823831518465, 27.91056378230249],
          [99.63740425643897, 27.909363341979798],
          [99.63680234918189, 27.908619766456226],
          [99.63623115147897, 27.908049869347266],
          [99.635629244222, 27.907669936272995],
          [99.63494635016161, 27.90753253281423],
          [99.63450413258602, 27.907592236746794],
          [99.6341847532251, 27.907651940647256],
          [99.63398207016974, 27.907765920728536],
          [99.63358898787897, 27.90798302531293],
          [99.63333102762613, 27.908373812467275],
          [99.63318362176818, 27.908873149554452],
          [99.63301702129348, 27.90939538076458],
          [99.63283276397067, 27.90984043798953],
          [99.6325512609605, 27.910321850960685],
          [99.63209061765247, 27.910788614249583],
          [99.6315468665415, 27.91143237747376],
          [99.63135646730592, 27.91206738563251],
          [99.631319615841, 27.912653543700486],
          [99.63133037521885, 27.913594260601755],
          [99.63109084069669, 27.914033873244804],
          [99.63073284713278, 27.914346449563183],
          [99.62980496870381, 27.91490585643939],
          [99.62780130140521, 27.91611225114491],
          [99.62737136765134, 27.916481300199507],
          [99.6269967111009, 27.91695889122687],
          [99.62606638110412, 27.918602480157332],
          [99.62137835624384, 27.92571205752074],
          [99.62015153412335, 27.927267256939615],
          [99.61889385270575, 27.92867763652889],
          [99.61623784933141, 27.931363480419435],
          [99.61445341657804, 27.932648334009485],
          [99.61296596644041, 27.93371675188692],
          [99.61081867476418, 27.93496566605569],
          [99.60908010704713, 27.935894138326518],
          [99.60785870490326, 27.9365244872172],
          [99.60696789553771, 27.937081657618435],
          [99.60566184175985, 27.938139347971273],
          [99.60308966327057, 27.94047335544839],
          [99.6007751641036, 27.942605108038492],
          [99.5985437127892, 27.944733586182565],
          [99.59730179187352, 27.946392721880343],
          [99.59554401720874, 27.948710629697644],
          [99.59396333654081, 27.951387471191424],
          [99.59250937500082, 27.9532139734372],
          [99.5910340179538, 27.954698788692525],
          [99.59033177566187, 27.955765390533628],
          [99.5893518192002, 27.958004990457184],
          [99.58842598197145, 27.959799126036813],
          [99.58808737543575, 27.961144992443167],
          [99.58732719283915, 27.9627123348517],
          [99.58673719721747, 27.9634261055185],
          [99.58596060268047, 27.964117901121483],
          [99.58509796813422, 27.96473310377808],
          [99.58440949257562, 27.965106583557045],
          [99.58348460726887, 27.96562629313084],
          [99.58310613412536, 27.965886147831526],
          [99.58282718040311, 27.966178964640704],
          [99.5819422155875, 27.96698859174367],
          [99.58094529142505, 27.96758396779572],
          [99.58038937210517, 27.967969954565675],
          [99.58004110632228, 27.9685630696859],
          [99.57984211966772, 27.96933747007023],
          [99.5796299365486, 27.970126422300496],
          [99.57848737891379, 27.97122923733417],
          [99.57797713996882, 27.971842599184953],
          [99.57747985557864, 27.972815898867495],
          [99.57699796323988, 27.973554425315825],
          [99.57502098862932, 27.97546170902956],
          [99.57415641708292, 27.976425523984886],
          [99.57366035144003, 27.97703885629018],
          [99.57339189808408, 27.97786398313086],
          [99.57336355147578, 27.978502340821493],
          [99.57322690189713, 27.978914783489493],
          [99.57290360923633, 27.97928945319238],
          [99.57261189505782, 27.979475876331037],
          [99.57238239524068, 27.97955928228815],
          [99.57186118124503, 27.97982911138392],
          [99.5713066265638, 27.980035533289808],
          [99.57061213466494, 27.980899175402868],
          [99.57001685589518, 27.981800359798598],
          [99.56942193216577, 27.982810751519224],
          [99.56895416377347, 27.98345831215636],
          [99.56852901401095, 27.98423759804257],
          [99.56845033111537, 27.98462669252453],
          [99.56842259014263, 27.985038279738575],
          [99.56869401346484, 27.985789324696476],
          [99.56903826617963, 27.986518931889435],
          [99.56907382352722, 27.987185298221476],
          [99.56896407526514, 27.987546551135047],
          [99.56875236585637, 27.987839204107118],
          [99.56827243639032, 27.988081636015593],
          [99.5676808351916, 27.98827261849965],
          [99.56686810156782, 27.98837077320318],
          [99.56597768325855, 27.988528951868076],
          [99.564569106421, 27.988860309576737],
          [99.56404469416981, 27.989023011970048],
          [99.56378393425575, 27.98927819356222],
          [99.5635911484415, 27.98963627262893],
          [99.56344777290198, 27.990050102693225],
          [99.56321700209423, 27.9906011283707],
          [99.56211928951012, 27.991745966041762],
          [99.56139270035712, 27.9923659546931],
          [99.56076792897198, 27.99311815763936],
          [99.56004509046494, 27.9940555017145],
          [99.55977202426062, 27.994310962738687],
          [99.55950930465869, 27.99449790382664],
          [99.55888557273238, 27.99495857788672],
          [99.55862119449893, 27.99514918610079],
          [99.55850755950541, 27.995262220398715],
          [99.55842496431899, 27.99538667461107],
          [99.558208100147, 27.995666602601574],
          [99.55795820974248, 27.996019086663324],
          [99.55759883482762, 27.996527893171177],
          [99.55739081903386, 27.99696553445486],
          [99.55681032939572, 27.997446308533945],
          [99.55625110291959, 27.99785198379159],
          [99.55527226368986, 27.998567737207935],
          [99.55492528101348, 27.998819399292003],
          [99.55459755844183, 27.9991844578253],
          [99.55432723193593, 27.999552683936074],
          [99.55403846317517, 27.999983558933913],
          [99.55373534539785, 28.00046827879588],
          [99.55356805017806, 28.000714465629272],
          [99.55322642308968, 28.00100806011948],
          [99.55292463805586, 28.001217227111667],
          [99.55249710582927, 28.00149623687375],
          [99.55214392703363, 28.001742421358514],
          [99.55186938556105, 28.002001470907814],
          [99.55169500944415, 28.002187158218817],
          [99.5516160471629, 28.002337743994815],
          [99.55111109448876, 28.003387895121406],
          [99.55085779382904, 28.003827075945303],
          [99.55050604926396, 28.00425455638465],
          [99.5487762559518, 28.005871142726193],
          [99.54839952461822, 28.006314484167312],
          [99.54804605774109, 28.00682458088984],
          [99.54775186088713, 28.00725690678902],
          [99.54743411470866, 28.00763205627556],
          [99.54683756939886, 28.008171817564644],
          [99.5465957762861, 28.008404753729835],
          [99.54637356510665, 28.008686097610635],
          [99.54615681229043, 28.008978700028138],
          [99.54597589360651, 28.00934248574019],
          [99.54592153890664, 28.009454147167066],
          [99.54588510127287, 28.00963699158134],
          [99.54584806013784, 28.010058044705744],
          [99.5458558116682, 28.01044746075892],
          [99.54590835586401, 28.010757785314226],
          [99.54585459401866, 28.01106429042409],
          [99.54576499804102, 28.01137870463628],
          [99.5454693451556, 28.01188889710339],
          [99.5448987865307, 28.01230990139655],
          [99.54422968404197, 28.012620179315462],
          [99.54378825650716, 28.013029358334762],
          [99.54329307777385, 28.013533444758806],
          [99.5426862268572, 28.014634623894153],
          [99.54244070525505, 28.014935891526907],
          [99.5421951836529, 28.015161367888062],
          [99.54197112475134, 28.015354869743067],
          [99.54169072625842, 28.015541266246032],
          [99.54077147767208, 28.015838004217358],
          [99.54036779047362, 28.015950531802076],
          [99.53995605476229, 28.016134112959378],
          [99.53960752746679, 28.016364216619607],
          [99.53927413454267, 28.01669288962107],
          [99.53906661451603, 28.01709774006484],
          [99.5389642077463, 28.017277563406672],
          [99.53889431865417, 28.017508421058807],
          [99.53874765699976, 28.018036952799406],
          [99.5387034414021, 28.018299268028855],
          [99.5386850705259, 28.018380941536975]
        ],
        "type": "LineString"
      }
    },
    {
      "type": "Feature",
      "properties": {
        "nam": "塔城-梅里雪山"
      },
      "geometry": {
        "coordinates": [
          [99.56119308672584, 27.48583488640999],
          [99.56114249644173, 27.48612456541521],
          [99.56114479600018, 27.486483603124597],
          [99.5611057033222, 27.48729510828879],
          [99.56102061966016, 27.487682701645497],
          [99.56089132276054, 27.488413982226234],
          [99.56047274895104, 27.489297443581236],
          [99.56015426180375, 27.48993060838474],
          [99.56022324855542, 27.49021211695799],
          [99.56024723481676, 27.491082069999294],
          [99.56035301450328, 27.49142477240916],
          [99.56061897903447, 27.492344668736834],
          [99.56049224184858, 27.49300483840122],
          [99.560285281591, 27.493392411659798],
          [99.56013118176463, 27.494349744032775],
          [99.5600848430791, 27.494850476842046],
          [99.55986340244726, 27.4956634329058],
          [99.5597201737844, 27.496332313762636],
          [99.5596659555979, 27.496634698401678],
          [99.55944268738864, 27.49715410444597],
          [99.55909766928164, 27.497671831765658],
          [99.55894601540314, 27.49809781562371],
          [99.55884366868418, 27.498575580385335],
          [99.55865831394368, 27.499023980719357],
          [99.55849176945588, 27.499508900033547],
          [99.55831062732307, 27.50002081925946],
          [99.55814633562136, 27.500573838813807],
          [99.55827088965515, 27.501329374276082],
          [99.55821191314772, 27.501695558856923],
          [99.55806993182341, 27.502268455153086],
          [99.55828898742612, 27.502612217371393],
          [99.5583395387194, 27.503060601259364],
          [99.55836196060574, 27.504024338932837],
          [99.55841251189901, 27.50449139945053],
          [99.55844025609355, 27.505202678304713],
          [99.55823805092177, 27.505819191167475],
          [99.55840655523139, 27.506263825572503],
          [99.55866338106995, 27.506987568746595],
          [99.55898775186688, 27.50730142518117],
          [99.55928263440825, 27.507921662644108],
          [99.55945371433194, 27.508668666724887],
          [99.55972021297163, 27.509575500066035],
          [99.55993114431163, 27.510324362724702],
          [99.55999564857001, 27.512541790983633],
          [99.56072531110397, 27.513171346669807],
          [99.56135298965643, 27.51378407871941],
          [99.56165733362923, 27.514368765172108],
          [99.56173737317687, 27.514876879143486],
          [99.56191841631494, 27.51588342282568],
          [99.56211357768001, 27.51677145768032],
          [99.56226878813226, 27.51760211365236],
          [99.56242343149557, 27.51835864540216],
          [99.56261064753181, 27.519350416048624],
          [99.56304479026636, 27.52126659725161],
          [99.56261804304773, 27.522115933063077],
          [99.56219902465227, 27.523208889993967],
          [99.5622497205834, 27.52386880013465],
          [99.5627643393023, 27.525525757393865],
          [99.56270159038951, 27.527992704654253],
          [99.56161429362635, 27.529650898255085],
          [99.56100772080617, 27.530763771886157],
          [99.55979457516736, 27.53324914898249],
          [99.5582344803222, 27.534555679126825],
          [99.55637292925621, 27.53590961347261],
          [99.55410292226168, 27.537496351565906],
          [99.55242980739126, 27.539014220651524],
          [99.55081250580815, 27.540155545850396],
          [99.54914819973436, 27.540954523576573],
          [99.5481442171365, 27.542883298975738],
          [99.54688923889074, 27.544570949673698],
          [99.54515788698421, 27.547003397806506],
          [99.54432123482042, 27.547819377369777],
          [99.54432123482042, 27.548932067005367],
          [99.54439332912631, 27.549730313574415],
          [99.54449791064758, 27.5503051946246],
          [99.54495806933807, 27.550750261758637],
          [99.54516723237901, 27.55165893488973],
          [99.54495918754998, 27.552859055942335],
          [99.54510560167978, 27.553674992001845],
          [99.54579583971542, 27.554528009582157],
          [99.54619324949306, 27.556308198839545],
          [99.54658968379823, 27.55795433746863],
          [99.5471544240084, 27.55862189099105],
          [99.54782374583237, 27.559141096717795],
          [99.54826248016303, 27.559800027092137],
          [99.54838797798851, 27.5605417405079],
          [99.54897363450294, 27.561060936917215],
          [99.54957328242995, 27.561966110328513],
          [99.54948961721453, 27.562837605880873],
          [99.54927305135652, 27.56459294893898],
          [99.54921030244373, 27.56531608800543],
          [99.54800505975447, 27.56669800184376],
          [99.54718013567566, 27.567184609649047],
          [99.54651081394422, 27.568111688263997],
          [99.54590424112399, 27.568779180016648],
          [99.54498392374319, 27.569205630955636],
          [99.54397994114686, 27.569928739629958],
          [99.54255763246704, 27.570077069025785],
          [99.5415327335649, 27.570021445525583],
          [99.54132357052396, 27.569761868820606],
          [99.54115624009148, 27.568297103046916],
          [99.54061241618405, 27.567073359689047],
          [99.53983851293134, 27.565552932267607],
          [99.53866719990106, 27.564941046995713],
          [99.5373285564383, 27.56477416860251],
          [99.53654727503931, 27.56475700280771],
          [99.53564787396266, 27.564979507310866],
          [99.53460205875626, 27.565572850446927],
          [99.53330524790204, 27.566295983057387],
          [99.53221694545482, 27.56683359685647],
          [99.53173587046012, 27.56740838835789],
          [99.53142212589955, 27.56796463533226],
          [99.5312757117697, 27.568706293578927],
          [99.53108746503301, 27.569132744801223],
          [99.5310665487288, 27.56967044180641],
          [99.53016714765215, 27.57054187618469],
          [99.52911493721052, 27.571799105690772],
          [99.52827828504672, 27.573375068403536],
          [99.52744163288122, 27.57483976639395],
          [99.5272533861446, 27.57569261950742],
          [99.52579888669857, 27.577045312401623],
          [99.52408374976079, 27.578695358604605],
          [99.52374908889584, 27.57904761244393],
          [99.52557733938568, 27.580269273153192],
          [99.52648816617625, 27.58090108951336],
          [99.52691387869783, 27.58159432827732],
          [99.52686437724299, 27.582699991162897],
          [99.52683737506646, 27.58367683887063],
          [99.52737199079189, 27.584352510239825],
          [99.52789673270286, 27.585518393756942],
          [99.52779026575405, 27.586913339840734],
          [99.5272326520099, 27.588495901675685],
          [99.52616453564013, 27.590423060991697],
          [99.52533262858043, 27.59177394011965],
          [99.52432324188112, 27.59316120782617],
          [99.52329171735443, 27.594501818023403],
          [99.52272740075517, 27.595905667211824],
          [99.52234652177555, 27.597849652756565],
          [99.52236632235804, 27.598955151731616],
          [99.52242038965073, 27.600843149183092],
          [99.52242038965073, 27.601887203324083],
          [99.52211103403698, 27.603675068027684],
          [99.52218033607579, 27.604385709444756],
          [99.52258537454571, 27.606321238588038],
          [99.52239726901166, 27.607435425183212],
          [99.52232796697427, 27.60806708499139],
          [99.52247647233582, 27.609349121432615],
          [99.52224179719417, 27.610774675335904],
          [99.52216689625834, 27.61231778908484],
          [99.52081867939722, 27.613611996758067],
          [99.52033182330831, 27.61535417524776],
          [99.51996926807084, 27.61748570137425],
          [99.51916408300013, 27.61984170044319],
          [99.5196883895577, 27.621086045692763],
          [99.5207671898969, 27.622650131383196],
          [99.52175962730917, 27.624425347435377],
          [99.52277777896722, 27.626049755917222],
          [99.52332081075764, 27.627708785702552],
          [99.5236016893179, 27.629135531351224],
          [99.52296439932513, 27.63045742668254],
          [99.52214048902158, 27.631187373492708],
          [99.51931190757728, 27.63319801695181],
          [99.51822584399497, 27.63429290792466],
          [99.51762663650163, 27.634674458265764],
          [99.51516444308811, 27.63535652950067],
          [99.51413455520873, 27.63535652950067],
          [99.51304849162631, 27.63583760981885],
          [99.51250545983447, 27.636202565890656],
          [99.5112695943792, 27.635804431933536],
          [99.51033333267128, 27.63633527688735],
          [99.50889990235731, 27.63673532081789],
          [99.50749550979475, 27.636884619951147],
          [99.50594131535763, 27.63719980634211],
          [99.5048178013082, 27.63690120873133],
          [99.50363811155438, 27.636221066687355],
          [99.50277675078223, 27.63607176664874],
          [99.50163451149842, 27.636337188799104],
          [99.50037992080883, 27.635839521738617],
          [99.49877169516975, 27.63530577127682],
          [99.49789160916328, 27.63513988094482],
          [99.49684299604957, 27.6348080995257],
          [99.49545732872133, 27.634907634056987],
          [99.49477117469092, 27.634960509669597],
          [99.49407163655627, 27.63527037689508],
          [99.49347203244133, 27.635565487723085],
          [99.49285577265778, 27.63575730933391],
          [99.49177315409497, 27.63696725335737],
          [99.49120686132, 27.63823620459229],
          [99.49040738916676, 27.639814995467262],
          [99.4898180815747, 27.640985621287427],
          [99.48908828836318, 27.64205192677572],
          [99.48834967938217, 27.643206144676455],
          [99.48786630985245, 27.644020551385182],
          [99.48731659548639, 27.644524305077525],
          [99.48674733035563, 27.644952050672728],
          [99.48613127115175, 27.645741257039674],
          [99.48576163562825, 27.646589227748052],
          [99.48534461093635, 27.64807525956985],
          [99.48507140326626, 27.64903200040301],
          [99.48444586622838, 27.64958610394865],
          [99.48432265438817, 27.64990513198896],
          [99.48431317655422, 27.650652325599808],
          [99.48441497380992, 27.651978186611046],
          [99.4844718409708, 27.653175530870953],
          [99.48431986595, 27.65409613366444],
          [99.48417989663739, 27.654713001345826],
          [99.48425571930773, 27.655367816670278],
          [99.48417286267801, 27.65610711053617],
          [99.48368949314971, 27.656686363060714],
          [99.48349045863773, 27.657164873701035],
          [99.48288502324863, 27.65779084184308],
          [99.48243008716435, 27.658605139976245],
          [99.48204450582352, 27.659172271148236],
          [99.48189286042492, 27.659986558989843],
          [99.48164977002705, 27.660636994602356],
          [99.48105266649105, 27.66159397920505],
          [99.48070290348323, 27.662235646443023],
          [99.48032379012716, 27.662823260966476],
          [99.47987208095083, 27.663322205973273],
          [99.47939818925659, 27.663951786583567],
          [99.47841365431657, 27.664721511991672],
          [99.47713834539337, 27.665828147136992],
          [99.47661706452772, 27.666264646736877],
          [99.47633851229756, 27.666692825800013],
          [99.47590253193766, 27.667288810488614],
          [99.47538125107206, 27.667565816349992],
          [99.47419671693308, 27.66805056976162],
          [99.47379864790906, 27.66851224258903],
          [99.4735806577292, 27.66898230746395],
          [99.47335318971528, 27.669679007041537],
          [99.47298401526086, 27.67149450417152],
          [99.47261437973879, 27.672711599058047],
          [99.4720357592052, 27.674272446601478],
          [99.47139015591222, 27.676108705728026],
          [99.47103747239083, 27.678165585153394],
          [99.47075889127501, 27.679227634853433],
          [99.47006700939937, 27.680427857353294],
          [99.4693869966967, 27.68173102265507],
          [99.46902683900862, 27.68288086007854],
          [99.46896049417086, 27.683938364101664],
          [99.46874340205136, 27.68544636941124],
          [99.46884765822506, 27.68718365122747],
          [99.46896357151536, 27.689602037730424],
          [99.46884035967514, 27.691230153738132],
          [99.46871324432345, 27.69224524922977],
          [99.46798345111188, 27.693168388420375],
          [99.46655569985518, 27.69483005004831],
          [99.4658732958149, 27.695727991556424],
          [99.46450561820615, 27.696847054841015],
          [99.46258694256409, 27.697825166001735],
          [99.46121092265855, 27.698957704817076],
          [99.45972807274961, 27.700351654568806],
          [99.45821638891022, 27.701913146140598],
          [99.45763497204939, 27.703388820936368],
          [99.45755744980067, 27.70455561943733],
          [99.45763497212499, 27.706416686909975],
          [99.45746054706547, 27.707343237496715],
          [99.45647515815187, 27.70923074983766],
          [99.45606816634921, 27.710088645188137],
          [99.45571931623294, 27.711444106090696],
          [99.45496565467977, 27.71255136820237],
          [99.45446176006612, 27.713460709377145],
          [99.45351211252546, 27.7151077986168],
          [99.45276048060373, 27.715775596594057],
          [99.45208113994835, 27.71677483612264],
          [99.45088811403605, 27.718629489320605],
          [99.4497078047334, 27.7205103318731],
          [99.44892395013039, 27.72150952801627],
          [99.44744655430776, 27.722573212090182],
          [99.44595200486503, 27.72358164092698],
          [99.44508453910538, 27.72411823228593],
          [99.44421518373986, 27.724058530119322],
          [99.44338952355935, 27.723966014505663],
          [99.44280424545536, 27.724086284788342],
          [99.44199749520823, 27.72489591044375],
          [99.44151673105193, 27.725959826186482],
          [99.44069211424107, 27.727531603400237],
          [99.44028450984666, 27.728327209090125],
          [99.44055891859688, 27.73052186683303],
          [99.44080975520808, 27.73230304170501],
          [99.44119083447998, 27.73476566052642],
          [99.44123264005907, 27.73543170519622],
          [99.4414730221373, 27.736319758422525],
          [99.44184983216394, 27.738145654529475],
          [99.44201705444573, 27.738876430681003],
          [99.44159548132006, 27.739687809380285],
          [99.44166864108342, 27.74049257648771],
          [99.44206067982174, 27.742055602691593],
          [99.44223835353137, 27.742712352825023],
          [99.44238288625291, 27.744218892058996],
          [99.4423431373612, 27.74552368006586],
          [99.44220467543113, 27.746681535946735],
          [99.44203745311643, 27.747227263158976],
          [99.44150443198629, 27.74785623350307],
          [99.4408358026455, 27.74899549879791],
          [99.44017736477969, 27.7500221818448],
          [99.43874036074607, 27.75142426549867],
          [99.43834320774636, 27.751831231040015],
          [99.4373074471876, 27.75236605689645],
          [99.43672216908368, 27.752708275062034],
          [99.43615409363122, 27.753542608095685],
          [99.43567565315766, 27.75455904764533],
          [99.43583242407914, 27.755169477812828],
          [99.43579532662898, 27.755890393653118],
          [99.43556905917978, 27.75678421535254],
          [99.43517422096215, 27.757443713390145],
          [99.43409772730871, 27.758350084451962],
          [99.43207908022299, 27.759849398362434],
          [99.43146445603662, 27.760520478548983],
          [99.43062834446124, 27.76191698726366],
          [99.42993822483396, 27.763455470103594],
          [99.42955917125909, 27.764707501183224],
          [99.42943375456906, 27.765974484279454],
          [99.42944175781776, 27.767586443546236],
          [99.42967476040883, 27.769442336633887],
          [99.42985243559536, 27.770953691869366],
          [99.43001593326028, 27.772520446250013],
          [99.42990096791931, 27.773472928571053],
          [99.42982727897788, 27.77474032262971],
          [99.43038143377589, 27.775523920031958],
          [99.43071814636443, 27.776285072134115],
          [99.4306345352062, 27.77710806284786],
          [99.43065868058301, 27.77775072798397],
          [99.43043920129429, 27.778777139814494],
          [99.43043920129429, 27.779285718664397],
          [99.43056329929857, 27.780468389892235],
          [99.43089774392814, 27.781439295989614],
          [99.43121128576973, 27.782169781530328],
          [99.43168903937391, 27.78296187216209],
          [99.4318458102955, 27.783720086947383],
          [99.43156362340517, 27.784434389874306],
          [99.43135459551132, 27.785016913329272],
          [99.43149046364175, 27.78560867999238],
          [99.43231917841445, 27.786863620442247],
          [99.43338226750609, 27.788486918696364],
          [99.4340173873776, 27.78937951057418],
          [99.43474898500676, 27.790137680610314],
          [99.43599593603778, 27.791325545956767],
          [99.4372551736256, 27.792410300263555],
          [99.43770458359757, 27.792807866808943],
          [99.43871985915291, 27.793647194253282],
          [99.4392528802831, 27.794017019437348],
          [99.44047183728827, 27.794667348614198],
          [99.44167296116348, 27.79543055897642],
          [99.44277035760655, 27.796059250724923],
          [99.44410585800364, 27.796893434351006],
          [99.44503603213195, 27.79757758951753],
          [99.44658900992295, 27.798979083195363],
          [99.44764153890787, 27.800122535947892],
          [99.44825817119619, 27.801000816375733],
          [99.44882658636021, 27.801944661452552],
          [99.45010165651439, 27.803497800183607],
          [99.4513413935631, 27.80504495407027],
          [99.45234472745477, 27.806292978119714],
          [99.45330466423746, 27.807528664214487],
          [99.45397255559493, 27.808429555919275],
          [99.45563847034992, 27.809844916435125],
          [99.45692613707064, 27.810793389595162],
          [99.45803398491006, 27.81129257451974],
          [99.46024186135139, 27.8121019342354],
          [99.46071217411293, 27.8127767496253],
          [99.46158207634568, 27.8142804893901],
          [99.46201058352813, 27.81519563061741],
          [99.4620042050957, 27.81725949562724],
          [99.46170111464886, 27.818331752127364],
          [99.46139806235072, 27.819389266101282],
          [99.46076052727449, 27.820008575810803],
          [99.45987793971346, 27.82093035672075],
          [99.45871783490179, 27.822048793123656],
          [99.45821616795598, 27.822594142232674],
          [99.457722058591, 27.823713900233784],
          [99.45715192029627, 27.825223009973698],
          [99.45667885350787, 27.826079289144502],
          [99.45608312401066, 27.826911145632764],
          [99.45536376853914, 27.828021740248445],
          [99.45519654622439, 27.828936765659932],
          [99.45544737969732, 27.829703902232325],
          [99.45576758077328, 27.831039703522734],
          [99.45560035845693, 27.832527729845737],
          [99.45533599026476, 27.83371718843628],
          [99.45550321257952, 27.834151572604426],
          [99.45648801608388, 27.835093827400115],
          [99.45654027305767, 27.835676079246795],
          [99.45613267136957, 27.837544878133016],
          [99.45565190721487, 27.837942279484906],
          [99.45507708050559, 27.83847830690982],
          [99.4548323851343, 27.839558391579544],
          [99.45484283652905, 27.84023303630555],
          [99.4548805778739, 27.84169348258564],
          [99.45482832090005, 27.842479011952804],
          [99.45424762764361, 27.844378927997823],
          [99.45401593584626, 27.845417486532526],
          [99.45359788005862, 27.8467482166635],
          [99.45300609399044, 27.84840585119015],
          [99.45248352425506, 27.849302222888525],
          [99.4519568434963, 27.850158533583325],
          [99.45169555862861, 27.85141527974919],
          [99.45146562794531, 27.85262580823968],
          [99.4513439276974, 27.854709418675768],
          [99.45119810379998, 27.855998691463483],
          [99.4506439729945, 27.85764893825977],
          [99.45061480821511, 27.859067099029417],
          [99.44997318307117, 27.86066573074295],
          [99.44923773999955, 27.86240088145844],
          [99.44836279662206, 27.864463564196413],
          [99.44716704067264, 27.867067645084433],
          [99.44690455765965, 27.86789268736115],
          [99.4467961931411, 27.86969314123681],
          [99.44659203968479, 27.871265834543536],
          [99.44682535792049, 27.872297096450524],
          [99.44653296351822, 27.874779329982275],
          [99.44664962263619, 27.87526916472595],
          [99.44571634969975, 27.876738655666202],
          [99.44497468795305, 27.878341669119877],
          [99.44407057979623, 27.880094694008903],
          [99.4434118645168, 27.883900468378243],
          [99.44323687584, 27.885756516221534],
          [99.44398103267639, 27.88868327155332],
          [99.4441851861327, 27.891389877794282],
          [99.44490503653287, 27.892647818195357],
          [99.44496882197745, 27.89327603879778],
          [99.444750709081, 27.894655876395205],
          [99.4448540257153, 27.895213893957617],
          [99.44488184131069, 27.89565291475651],
          [99.44442265626532, 27.896261655438323],
          [99.44377608132322, 27.896766456737197],
          [99.44252158473114, 27.898361697166692],
          [99.44150595665843, 27.8994102173571],
          [99.44047991757725, 27.900521963846884],
          [99.43963732515635, 27.901444084224707],
          [99.43896002721277, 27.90221511391431],
          [99.43831951959407, 27.902562291523196],
          [99.43738641022657, 27.90319301610225],
          [99.4367205919092, 27.90404519271827],
          [99.43590823570361, 27.904861180371597],
          [99.43539165252713, 27.905337986952816],
          [99.43506447519513, 27.906179149103252],
          [99.43473156603642, 27.90714289317765],
          [99.4338394959268, 27.907852916949125],
          [99.43312775910624, 27.90916155762241],
          [99.43230264638458, 27.910740752723655],
          [99.43182050208674, 27.911460995049012],
          [99.43162534844271, 27.912729015656822],
          [99.43179667323784, 27.914689059186642],
          [99.4319873188025, 27.915805817492398],
          [99.43197583917629, 27.91620142562367],
          [99.43150517450471, 27.917094074552153],
          [99.43101550820006, 27.91827054002175],
          [99.43099254894759, 27.919092167332835],
          [99.43106142670314, 27.919731206481558],
          [99.43114178408672, 27.920187660703647],
          [99.43118462046209, 27.921007744660855],
          [99.43113667939491, 27.921720057477657],
          [99.4309843642954, 27.922628494460227],
          [99.43074501199538, 27.923301405822713],
          [99.43021119760328, 27.924432603213816],
          [99.42962232001105, 27.925312175063098],
          [99.42917985893439, 27.92558644962145],
          [99.42862023782101, 27.92603145993077],
          [99.42747150005192, 27.926815875586897],
          [99.42698649508617, 27.927318566565916],
          [99.42629629571348, 27.927697643463205],
          [99.42502965841072, 27.92827238296772],
          [99.4243674400924, 27.92848664209545],
          [99.42340675718094, 27.92864321580447],
          [99.42225953389698, 27.928395994054895],
          [99.42059176109603, 27.92886263733685],
          [99.41872112944645, 27.92927506598987],
          [99.41828275957386, 27.929472841826424],
          [99.41697140484399, 27.9299979935099],
          [99.41640245671061, 27.93069020272425],
          [99.41548556315468, 27.93150020246624],
          [99.41518709856143, 27.931953428890836],
          [99.41490728800403, 27.932826914456797],
          [99.41462904272822, 27.933508403235507],
          [99.4144798104316, 27.934744447854712],
          [99.4144798104316, 27.935230621530877],
          [99.41462763075725, 27.93618910013423],
          [99.4148328251656, 27.93658462613824],
          [99.41504857502804, 27.93768722182341],
          [99.41524444241782, 27.938453541514576],
          [99.41513653944531, 27.93940229666252],
          [99.41503394102273, 27.94105045529365],
          [99.41509652594351, 27.94276412033176],
          [99.41489133153516, 27.94423076605868],
          [99.41458285472356, 27.946700526824102],
          [99.41445497113466, 27.947611379880243],
          [99.41416583355863, 27.948995568183207],
          [99.41390467703985, 27.95037973874416],
          [99.41388275554539, 27.950985500053548],
          [99.41393684762176, 27.952741237785503],
          [99.41390886656586, 27.954504343172673],
          [99.41370022804165, 27.956481625531993],
          [99.41371530632625, 27.958029622558442],
          [99.413711209148, 27.95993266424243],
          [99.41371846146643, 27.961526879748362],
          [99.41365269311808, 27.963772871073516],
          [99.41337000916701, 27.965843400219825],
          [99.41348424599369, 27.9674985268139],
          [99.41348424599369, 27.968157544893955],
          [99.41303799277142, 27.9688196957826],
          [99.41285145240033, 27.969561081761768],
          [99.41299135767827, 27.969940010406148],
          [99.41281414432581, 27.970220087244442],
          [99.41246904463947, 27.97043426315919],
          [99.41197177298119, 27.97143531242692],
          [99.41177590559147, 27.9723331908056],
          [99.41162667284874, 27.97280272069804],
          [99.41160074261501, 27.974448483995403],
          [99.41133025907618, 27.975148645467556],
          [99.41064078259137, 27.976911819855744],
          [99.41063145557274, 27.977323670689614],
          [99.41082732296246, 27.977776704790898],
          [99.4107806878693, 27.978221500057188],
          [99.41029127542288, 27.978434600455017],
          [99.41002079188553, 27.978591101747583],
          [99.40967443940741, 27.979068368469257],
          [99.40937597481417, 27.979488447905126],
          [99.40912414531266, 27.979801447204707],
          [99.4087762923466, 27.980002116128034],
          [99.40847782775336, 27.98078460894743],
          [99.40818869017738, 27.981328232195608],
          [99.40768503117584, 27.98165769949756],
          [99.4073212774507, 27.981797722795648],
          [99.40737723956249, 27.982044822290888],
          [99.40704151955441, 27.98242425012738],
          [99.40721873285645, 27.982992574839116],
          [99.40739756380663, 27.983344223697202],
          [99.40797578561006, 27.983847206512593],
          [99.40831155827777, 27.984349632008417],
          [99.40858204181649, 27.984753218006233],
          [99.40907637379951, 27.984967365064634],
          [99.40945096271446, 27.985298692861804],
          [99.40949759780756, 27.98561167529749],
          [99.40925509532474, 27.985941129512213],
          [99.40904990082657, 27.986418836391053],
          [99.4090446265347, 27.987450557962063],
          [99.40928712901757, 27.988175343543077],
          [99.40967886379713, 27.988570679079245],
          [99.41035774851576, 27.988857880568858],
          [99.41077742764605, 27.98914173865205],
          [99.41094708516653, 27.989859265475573],
          [99.41117924808981, 27.990419090779568],
          [99.41088532779247, 27.992129904374423],
          [99.41063530618266, 27.993115489596107],
          [99.41042109865111, 27.993878651079797],
          [99.4104746747106, 27.994012689024572],
          [99.41097471792881, 27.99413884223263],
          [99.41144797311858, 27.99425711073046],
          [99.41176942947305, 27.994383263652352],
          [99.41204623911261, 27.994824797715566],
          [99.41238555419505, 27.995187485035373],
          [99.4125753221474, 27.995677603113407],
          [99.41255746346087, 27.996466046060732],
          [99.41293249587488, 27.99693910905974],
          [99.41370191041659, 27.997597158671283],
          [99.41414837757657, 27.99819636516392],
          [99.41448769261757, 27.998464430147905],
          [99.4150904067397, 27.99856928880982],
          [99.4156797433904, 27.99856928880982],
          [99.41623336266821, 27.9986481312485],
          [99.41693878078121, 27.998837352866104],
          [99.41754970346966, 27.999051992983198],
          [99.41812118143389, 27.999099298241745],
          [99.41886231692001, 27.999107182449535],
          [99.41920163196102, 27.99899680348925],
          [99.41977789301853, 27.998975394936892],
          [99.4201261374028, 27.999022700229077],
          [99.42035830029795, 27.999274994790454],
          [99.42069002537971, 27.999513294300385],
          [99.42101148173418, 27.999836545100592],
          [99.421470933808, 28.00009277498505],
          [99.4218102488503, 28.000557937962782],
          [99.42214956389125, 28.00073138805081],
          [99.422515666962, 28.00071561987302],
          [99.42415209327419, 27.99999374395948],
          [99.42582302671286, 27.999242655727144],
          [99.42661292252109, 27.999510902125166],
          [99.4277370050159, 28.000664354028274],
          [99.42931679663104, 28.00168367334132],
          [99.43077506581363, 28.002702983010607],
          [99.43080544642174, 28.00428557628281],
          [99.43244599925231, 28.00455381012756],
          [99.433357417492, 28.00517074543336],
          [99.4327801859398, 28.006243667985558],
          [99.43317513384397, 28.007101998334434],
          [99.43412246607824, 28.00821220056963],
          [99.43418322729343, 28.010009289066772],
          [99.43530730978938, 28.011216271972472],
          [99.43627948924438, 28.012369598555978],
          [99.43746672709318, 28.01311649126974],
          [99.43925918296344, 28.013491987679558],
          [99.44017942802844, 28.0134606126784],
          [99.44133389113142, 28.013675181530274],
          [99.44245797362623, 28.013648360447036],
          [99.44327825004137, 28.013380149249357],
          [99.44437195192916, 28.01442616914376],
          [99.4452529895608, 28.014050675992138],
          [99.44637707205561, 28.013943391993195],
          [99.44786572184734, 28.014050675992138],
          [99.44850956829629, 28.014270609877187],
          [99.45045392720743, 28.014324251727047],
          [99.45248942794206, 28.014029221224263],
          [99.45468543914848, 28.013436807633354],
          [99.4563762508293, 28.0135190488145],
          [99.45768261697208, 28.013250837294848],
          [99.45822946791588, 28.013867722792185],
          [99.45971811770653, 28.013760438611996],
          [99.46041687169026, 28.014082290832945],
          [99.46116733311078, 28.01520194748298],
          [99.46235217682187, 28.01608702692812],
          [99.46374968478915, 28.01597974495887],
          [99.46441805816454, 28.015926103933637],
          [99.4656940437003, 28.0163820517933],
          [99.46785106686644, 28.016596614823314],
          [99.46915524875823, 28.016558992255952],
          [99.47046161490096, 28.016746734622913],
          [99.4714337943571, 28.016800375238333],
          [99.4726490186764, 28.01728313958081],
          [99.47374272056311, 28.017685441545638],
          [99.4745629969783, 28.018677779967263],
          [99.47514022853034, 28.018704599797857],
          [99.47591770245333, 28.018102237143694],
          [99.47719368798784, 28.01767311665523],
          [99.4782570092674, 28.01748537590342],
          [99.48011022635399, 28.017941317160805],
          [99.48103651708323, 28.018476190630636],
          [99.482024841525, 28.01881476792593],
          [99.48324918397861, 28.019583073835378],
          [99.48365812607415, 28.019830493113915],
          [99.48469247370502, 28.019692344183994],
          [99.48635160786733, 28.02014070877601],
          [99.48755927695044, 28.020200490580194],
          [99.48836062746403, 28.020469508290105],
          [99.48877769974104, 28.020843509182868],
          [99.48939846422394, 28.020973035538717],
          [99.49021110158543, 28.020873399864428],
          [99.49087701257474, 28.020953108387104],
          [99.49134347068554, 28.0210279549176],
          [99.49186265552527, 28.021436459887667],
          [99.49243827350011, 28.02194459805213],
          [99.49349983957848, 28.02272920894447],
          [99.49444791624336, 28.0231377074592],
          [99.4956217254454, 28.022998220335737],
          [99.49600560070115, 28.02294852842323],
          [99.49721326978596, 28.023456659450744],
          [99.49821807898178, 28.023817375024848],
          [99.4996514806054, 28.024046530602504],
          [99.50090429619655, 28.024016640772757],
          [99.50303299267995, 28.024201399008092],
          [99.50400364259724, 28.0242711418133],
          [99.5058075373953, 28.0240121002946],
          [99.50628157572697, 28.02396228389064],
          [99.50710549949457, 28.024051953401752],
          [99.50868081232454, 28.023892546257144],
          [99.51046645955472, 28.023417755759425],
          [99.51235162792273, 28.022534467354802],
          [99.51338296735855, 28.022145976418116],
          [99.51365384640542, 28.0215581311884],
          [99.51424841624856, 28.021023291746417],
          [99.51481274759641, 28.020535076435493],
          [99.51570839158398, 28.020301622558037],
          [99.51689630495832, 28.019692299477356],
          [99.51761864908275, 28.01940335241774],
          [99.51824839261951, 28.01876768377447],
          [99.51909488964122, 28.018508625600873],
          [99.52051036296092, 28.017975226171956],
          [99.52105212105289, 28.01784569620972],
          [99.52182059465076, 28.017247338835247],
          [99.52289282420958, 28.016779034300626],
          [99.52404406015927, 28.016390439630484],
          [99.52528273099057, 28.01620385019288],
          [99.52584706233665, 28.015914893772035],
          [99.52734024414627, 28.014967780332583],
          [99.5297380333268, 28.012673495587336],
          [99.53062753862105, 28.01169312720694],
          [99.531323388435, 28.010382543797846],
          [99.53272027689502, 28.00885505663223],
          [99.5338636442508, 28.00853943980897],
          [99.53488422397783, 28.008075263085317],
          [99.53634611949633, 28.006988227913595],
          [99.53705743263959, 28.00619638442528],
          [99.53755225917382, 28.00554106127457],
          [99.53833551781594, 28.005062373425844],
          [99.53858293108249, 28.004393390625324],
          [99.53935609754302, 28.00339673507655],
          [99.54017101634264, 28.003349378423493],
          [99.54106788943642, 28.00263942607043],
          [99.54194159416602, 28.001986160823435],
          [99.542529200675, 28.00124889318913],
          [99.54430748353315, 28.000525273753937],
          [99.54586927978232, 28.00041604775697],
          [99.54640875299447, 28.000273265690083],
          [99.54748393303583, 27.99962229785723],
          [99.54863591165082, 27.998632276740906],
          [99.54925030024532, 27.99672001842245],
          [99.54964965283239, 27.996380961988606],
          [99.55015652342314, 27.996421648816323],
          [99.55034084000164, 27.996679331707355],
          [99.5504022788615, 27.997072635983315],
          [99.55014116370813, 27.997601560161314],
          [99.54951141539874, 27.998578028745285],
          [99.54664803012804, 28.001619518137346],
          [99.54621795811221, 28.00250101979516],
          [99.54603364153365, 28.00308416308225],
          [99.54523493635952, 28.00353168951095],
          [99.54483558377365, 28.003735110000804],
          [99.54426928819333, 28.0051732720012],
          [99.54365489959895, 28.006108988815214],
          [99.54255973563698, 28.007545826257015],
          [99.54219110247982, 28.008196746216527],
          [99.54125415987329, 28.008834101533367],
          [99.53926638736186, 28.01006099727516],
          [99.53780721444957, 28.01111871551619],
          [99.53735455377227, 28.011424276816726],
          [99.53681696375162, 28.01222433657246],
          [99.5354738226726, 28.014496883719588],
          [99.53498231179691, 28.01518844141384],
          [99.53450616063492, 28.015961353581957],
          [99.5344754412049, 28.016598662951125],
          [99.53515126866034, 28.017127491265683],
          [99.53555062124633, 28.01766987658388],
          [99.53644148470909, 28.018537687409065],
          [99.53750987240744, 28.018451250213516],
          [99.53808904034625, 28.01840321478886],
          [99.53838659994874, 28.01834962543729],
          [99.5385274041169, 28.018352402400748],
          [99.53865702693292, 28.018368998576378],
          [99.53868464656418, 28.01838026313925],
          [99.53868213844915, 28.0184007065878],
          [99.53867379688214, 28.018437423262363],
          [99.53865290321755, 28.01851891001661],
          [99.53861683086154, 28.01867355031085],
          [99.53857962650858, 28.01883117179564],
          [99.5385353356063, 28.018987229295902],
          [99.5383564003543, 28.019628663150783],
          [99.53784995566997, 28.020545178653236],
          [99.53573059408649, 28.022631774332808],
          [99.53505955487844, 28.02316825719423],
          [99.53388404869105, 28.02380555348391],
          [99.53250398692529, 28.02437556021968],
          [99.53168046013712, 28.02510140372219],
          [99.53106006539792, 28.02571610934136],
          [99.53023709278534, 28.02646492780741],
          [99.52945210352442, 28.026688454698814],
          [99.52830602939963, 28.026611831136393],
          [99.52720451221046, 28.026410656812743],
          [99.52578646709304, 28.02654477307057],
          [99.52496183089767, 28.02706619251194],
          [99.52413885828503, 28.028351458614893],
          [99.5236324135987, 28.029368484392606],
          [99.52252876516582, 28.030671813343602],
          [99.52208562606745, 28.031588234823417],
          [99.52165514808439, 28.03269463572508],
          [99.52175643702202, 28.033298122330848],
          [99.52146647685817, 28.03406516817084],
          [99.52092204882365, 28.034746875590955],
          [99.51987117610332, 28.03490333242263],
          [99.51787071959825, 28.034802753057278],
          [99.51572715653435, 28.034613941395236],
          [99.51451168929026, 28.034837451360758],
          [99.51313162752461, 28.035429750524173],
          [99.50997603647977, 28.037103178697862],
          [99.50870992476689, 28.0378519179327],
          [99.5070905840409, 28.03879358723583],
          [99.50569786115796, 28.039464089692203],
          [99.50378584719147, 28.04011613390597],
          [99.50259570218185, 28.04036198226929],
          [99.50065855126286, 28.040373157181648],
          [99.49879810502046, 28.04008260881048],
          [99.49687094473506, 28.039405609659],
          [99.49564281637385, 28.038757456999633],
          [99.49449065471589, 28.037885797266483],
          [99.49148375119421, 28.03591622905678],
          [99.49053416740963, 28.03539098516775],
          [99.48930603904842, 28.035111599075208],
          [99.48860967760783, 28.03486573871389],
          [99.4865657759047, 28.033929580514823],
          [99.48510974743567, 28.03322551660996],
          [99.48383155043865, 28.032476415344703],
          [99.48297059447447, 28.03149294644382],
          [99.48213496074277, 28.03028594960101],
          [99.4814639215366, 28.029626565978162],
          [99.47814304371695, 28.027796102524164],
          [99.47594334989492, 28.02622043852419],
          [99.47471729104524, 28.025822539926537],
          [99.47239138528312, 28.02544055588976],
          [99.47172426502556, 28.02516998304324],
          [99.4711158542134, 28.024581520926674],
          [99.47064706700525, 28.023944872772333],
          [99.47005206785707, 28.02341963520948],
          [99.4692407053821, 28.02318089001598],
          [99.46830755183254, 28.0234306300771],
          [99.46734642676853, 28.023630823237184],
          [99.46648249412743, 28.023545026214236],
          [99.46587774127738, 28.02335436591835],
          [99.4652961597269, 28.022976972928646],
          [99.46472380435102, 28.02260518307635],
          [99.46380587591949, 28.022366855572727],
          [99.46298227458749, 28.02273932381128],
          [99.4622911284743, 28.02341617020113],
          [99.46149199078019, 28.023959550842065],
          [99.46072525056024, 28.023883287058055],
          [99.45992575755497, 28.023474199684372],
          [99.45962338113003, 28.02322634107034],
          [99.45934260302118, 28.02253042729687],
          [99.459029427438, 28.022082370842597],
          [99.45862985859173, 28.02162477934752],
          [99.4579387124785, 28.021300650861875],
          [99.45683958969715, 28.021266267587222],
          [99.45598645621249, 28.021571329816382],
          [99.45370106720685, 28.022652205945107],
          [99.45145207041503, 28.0237756441867],
          [99.45069612935328, 28.02406163338476],
          [99.4499509874496, 28.024204627699177],
          [99.44905465710889, 28.024261825400984],
          [99.44776238052833, 28.02382148993962],
          [99.44689844788724, 28.02353550010362],
          [99.44639088745998, 28.023402037919823],
          [99.44565141692408, 28.023444285724665],
          [99.44501426660133, 28.023606346862124],
          [99.44425832553958, 28.02367307784843],
          [99.44358877774255, 28.023558681847348],
          [99.44285985079676, 28.02322523875668],
          [99.44226589710479, 28.022843916694484],
          [99.44143631443774, 28.022345070741153],
          [99.44068037337604, 28.0220590769829],
          [99.43910263966472, 28.021496058398156],
          [99.43840069439347, 28.021162396308],
          [99.43722849815407, 28.02046940153005],
          [99.4364725570922, 28.020250135896433],
          [99.43578141097908, 28.02022153599809],
          [99.43474268021924, 28.020480165086568],
          [99.43378155515518, 28.020728030022397],
          [99.43229127134782, 28.02075662978619],
          [99.42946436269654, 28.021024108926028],
          [99.42770212419066, 28.021501412814004],
          [99.42571960587162, 28.02226155908177],
          [99.4236319280626, 28.023621118400172],
          [99.42273078337195, 28.024787829356868],
          [99.42283091056049, 28.02611362191189],
          [99.4229911141046, 28.027227275026036],
          [99.42173731188439, 28.0297068715617],
          [99.42023540406723, 28.031898739589806],
          [99.42019380746802, 28.032650771119606],
          [99.42077454515692, 28.0332164032817],
          [99.42288792469543, 28.03491714570802],
          [99.42449365992354, 28.037515535032156],
          [99.42467231827135, 28.0379291811292],
          [99.42450152824404, 28.038808526474696],
          [99.42351948558081, 28.039788359964277],
          [99.42237343106979, 28.040371423153573],
          [99.42174810674965, 28.040571994057075],
          [99.42127843417063, 28.04103678035908],
          [99.42119303915592, 28.04189097697582],
          [99.42162001422759, 28.042770289937252],
          [99.42205579046248, 28.04490155947613],
          [99.42216965048004, 28.045517062075106],
          [99.42205579046248, 28.04615768348927],
          [99.42128723533403, 28.046735495609],
          [99.42012017014105, 28.046609884542832],
          [99.41834110734442, 28.04606975528526],
          [99.41742604250362, 28.046048158149404],
          [99.41634437232534, 28.046538043037387],
          [99.41615934979336, 28.047505245109306],
          [99.4162743962624, 28.04893778855724],
          [99.41635979127705, 28.049942651227255],
          [99.4164427454566, 28.05138829842977],
          [99.41631465293659, 28.05235545687863],
          [99.41593030281524, 28.054435981648226],
          [99.41497409110497, 28.056829744781524],
          [99.41437632600599, 28.058010370789347],
          [99.41331009022554, 28.059964757176232],
          [99.41208119199939, 28.06215421172314],
          [99.41101375432356, 28.06389993996312],
          [99.40936727077195, 28.066180149460564],
          [99.40884066818529, 28.06733555537747],
          [99.40820020557891, 28.06905608246781],
          [99.40850478189901, 28.070628689064577],
          [99.40851901440146, 28.071470092374653],
          [99.40740539872849, 28.0731959895476],
          [99.40716344618664, 28.07428853063834],
          [99.40733423621617, 28.075632215364408],
          [99.4084191889412, 28.07720335696729],
          [99.40908811655243, 28.078082381095825],
          [99.4095641071919, 28.079429785412145],
          [99.40920829463249, 28.080974319577848],
          [99.40908835852161, 28.081944663298103],
          [99.40915952102722, 28.082572510695684],
          [99.40910259101736, 28.083551945299533],
          [99.40835663331359, 28.08484630147028],
          [99.40804351826154, 28.085486688469757],
          [99.4080577507641, 28.086516322303154],
          [99.40874091087784, 28.08767150948546],
          [99.41037847350145, 28.088847119621093],
          [99.41221446630789, 28.09006506191757],
          [99.41292609142653, 28.090906312960684],
          [99.41335306649597, 28.09152155208642],
          [99.41395083159495, 28.092865021187166],
          [99.41483324674317, 28.093781583914208],
          [99.41616729847607, 28.095030765632004],
          [99.41754029363182, 28.09622161451881],
          [99.41951856332918, 28.098389246796415],
          [99.42000314985665, 28.099549524951044],
          [99.4201538013699, 28.10120928641794],
          [99.41979613036204, 28.102725747950203],
          [99.4194499971303, 28.103417817231346],
          [99.41866975734365, 28.10452048838745],
          [99.41818517081794, 28.105884244887974],
          [99.41774821619725, 28.106722628936268],
          [99.41677904314565, 28.107546974359764],
          [99.41625984329636, 28.108157596514687],
          [99.41612139000227, 28.109012461693055],
          [99.41608329692127, 28.109867346317813],
          [99.41536795490708, 28.110549192748266],
          [99.41422571523788, 28.11076290491627],
          [99.4132479545654, 28.111038597470667],
          [99.4128053025978, 28.111576965659665],
          [99.41256300933492, 28.112584452497998],
          [99.41249378268787, 28.113001691750355],
          [99.41147627336903, 28.113734674510752],
          [99.41063401583523, 28.113836439240288],
          [99.40968165963568, 28.114128689045387],
          [99.40917399756091, 28.114474687460856],
          [99.40851634441748, 28.115553381237476],
          [99.4079509934719, 28.11619448654939],
          [99.40753163149998, 28.116489430733026],
          [99.40680475171132, 28.116764188223485],
          [99.40614709856794, 28.11694735949213],
          [99.40565097426764, 28.117618984801254],
          [99.40560482317136, 28.118494126619822],
          [99.40564927328387, 28.11995096492997],
          [99.40526852672866, 28.12089731832438],
          [99.40442626919491, 28.121568918891228],
          [99.40357247388664, 28.121853839072415],
          [99.40239800033555, 28.122135793408418],
          [99.40161343167432, 28.122878615510118],
          [99.40028658761486, 28.123601081384436],
          [99.39862514809636, 28.12439477067558],
          [99.39770522143107, 28.125165463239128],
          [99.39681681279933, 28.12608124468862],
          [99.3950068880157, 28.127032206249808],
          [99.39428000822699, 28.128049722989516],
          [99.393945412768, 28.128945129729814],
          [99.39399156386605, 28.129840528989348],
          [99.3938778102501, 28.1307526452632],
          [99.39318554378326, 28.132197465995958],
          [99.3930817038144, 28.133041964868],
          [99.3933943209214, 28.134347474054138],
          [99.39332450899536, 28.13616357459506],
          [99.39393536334438, 28.137071613322334],
          [99.39571556744409, 28.137964254060435],
          [99.39691162698398, 28.138780248264652],
          [99.39854261372699, 28.1396368001472],
          [99.39929309192684, 28.140437079923217],
          [99.40089761580936, 28.143298223973687],
          [99.4022764013398, 28.14500644786385],
          [99.40244800875655, 28.145589336366953],
          [99.4033555637887, 28.146543462389218],
          [99.40370462341764, 28.147112856126967],
          [99.4038862045856, 28.14883719950079],
          [99.404113093344, 28.150806938981916],
          [99.4039651957508, 28.151541640564574],
          [99.40269112810813, 28.153218956766622],
          [99.40106378094242, 28.15497160979794],
          [99.40024349081648, 28.155925652222052],
          [99.39956282454273, 28.156848910989282],
          [99.3977857687401, 28.157626805516443],
          [99.39614518848953, 28.158365401429236],
          [99.39518527451287, 28.159011668672875],
          [99.39438914878019, 28.1601040123425],
          [99.39341218725326, 28.161280739953455],
          [99.39315074684504, 28.16322170568175],
          [99.39283426635052, 28.165223289719947],
          [99.39235266559677, 28.165562948750818],
          [99.3909057757686, 28.1666587667044],
          [99.39014858113967, 28.168302322785365],
          [99.3893233879304, 28.169811100760654],
          [99.38800033216268, 28.170731502524873],
          [99.38690324549799, 28.171458944733885],
          [99.38645921650124, 28.171843273901374],
          [99.38611788352989, 28.172307552115882],
          [99.38565176938658, 28.173021086865205],
          [99.38507771565799, 28.1736349601225],
          [99.38474080451897, 28.17397866962348],
          [99.38428088422171, 28.174199165122786],
          [99.38378262214871, 28.174488899973056],
          [99.38318340735748, 28.1748261485602],
          [99.3827470043874, 28.17511507769079],
          [99.38231522690359, 28.175331875419417],
          [99.38179865786947, 28.175750564816767],
          [99.3813844094492, 28.176033674551093],
          [99.38091481293094, 28.17647484473585],
          [99.38045371858527, 28.17687819685345],
          [99.37981042076939, 28.17744633043172],
          [99.37914968014121, 28.17805859476951],
          [99.37835669868565, 28.178675558580437],
          [99.37770401246564, 28.179149647537926],
          [99.37695834856896, 28.17972044107441],
          [99.37641414996148, 28.18026817122933],
          [99.37575657045488, 28.181048375958184],
          [99.37480366665164, 28.182171215277535],
          [99.37394631100688, 28.183021094892155],
          [99.37273972133687, 28.18397433644644],
          [99.37224119324661, 28.18427403283573],
          [99.37177725907176, 28.18445176027815],
          [99.37060096584781, 28.184476837791678],
          [99.36914992229106, 28.184291213120673],
          [99.36853529615934, 28.184036718806894],
          [99.3673030230841, 28.183608818998067],
          [99.36634175324622, 28.18319858991049],
          [99.36495108480858, 28.182735649159127],
          [99.36254977789099, 28.182778302935716],
          [99.36155879546544, 28.182867435240226],
          [99.36081050261492, 28.182956567470427],
          [99.35973862362556, 28.18372310156245],
          [99.3588716463006, 28.184371241902113],
          [99.35830537062844, 28.185547764812924],
          [99.35786043974383, 28.185922110296815],
          [99.3579211121376, 28.186742100586926],
          [99.35769864669527, 28.187865120562222],
          [99.35740027130447, 28.188643524069676],
          [99.35644973714136, 28.189766524071104],
          [99.35558009950336, 28.191335139247187],
          [99.35497337557018, 28.19235116179371],
          [99.35322133045798, 28.19334624119297],
          [99.3523314686887, 28.194023577886],
          [99.35130003800214, 28.194558314348882],
          [99.35010681411524, 28.195235643410953],
          [99.34869718897835, 28.196493653509393],
          [99.34780732720907, 28.19758092304447],
          [99.3479286718769, 28.199042481077498],
          [99.34835337863183, 28.200094077524255],
          [99.34757687925543, 28.2031450693694],
          [99.34688925879726, 28.20428573988528],
          [99.34604939962634, 28.205692192989858],
          [99.34471460697245, 28.20661896661551],
          [99.34279331423937, 28.20772395550287],
          [99.34122942299564, 28.208362299841156],
          [99.34023844057162, 28.20934251642889],
          [99.33930813053985, 28.21000192980007],
          [99.33785199309841, 28.21023361461276],
          [99.33617339021612, 28.2101623270312],
          [99.33522241554721, 28.210728720837864],
          [99.33437300204042, 28.211691094064335],
          [99.33334157135232, 28.212207920551734],
          [99.33214792334178, 28.21347786706079],
          [99.33152097527733, 28.214725354132455],
          [99.33141985462106, 28.215919363823716],
          [99.33106020751512, 28.217229801738554],
          [99.33025124227083, 28.219261344702034],
          [99.32940182876257, 28.22038402291456],
          [99.32851196699329, 28.220455303672125],
          [99.32711650194557, 28.219849415714037],
          [99.32537382406474, 28.21787133263679],
          [99.32385701423101, 28.21735453355771],
          [99.3225019974459, 28.217122864192888],
          [99.31967615088121, 28.21714899390176],
          [99.31915032347302, 28.2175410493591],
          [99.31780628441584, 28.218639496411043],
          [99.31689619851534, 28.219886923183864],
          [99.3159658884835, 28.221116515310015],
          [99.31401392458122, 28.22345897882569],
          [99.31312406281194, 28.225116196399938],
          [99.31241621822244, 28.2261853553742],
          [99.31118589856061, 28.227018873413428],
          [99.30918370957977, 28.228034556587488],
          [99.30740398604127, 28.228925498782772],
          [99.306360226874, 28.229601425442624],
          [99.30530810634417, 28.23026355229355],
          [99.30459427301332, 28.23092407632373],
          [99.30422293635604, 28.23157840536065],
          [99.30366848622145, 28.232989868461274],
          [99.30309379853747, 28.23355850077317],
          [99.30236999916775, 28.2345736293409],
          [99.30193677306715, 28.235446037327634],
          [99.30145614093277, 28.23713302148063],
          [99.30139425148946, 28.23827802803352],
          [99.30173906409959, 28.238908944760468],
          [99.3030143918977, 28.24143079003261],
          [99.3037927168387, 28.242907616808722],
          [99.30383263093842, 28.24403280443738],
          [99.30387254517677, 28.24598427362635],
          [99.30365301796684, 28.24728399731856],
          [99.3026551655534, 28.248082549489524],
          [99.30195666881201, 28.248012228280928],
          [99.30055967532923, 28.24750239813045],
          [99.29944208054332, 28.246939824101645],
          [99.29872362675354, 28.24676401910844],
          [99.29830255044908, 28.246661969073187],
          [99.29604740382729, 28.246872935230883],
          [99.29373238605586, 28.247031159576153],
          [99.29145728238427, 28.246925676705658],
          [99.28992058955379, 28.24678503271575],
          [99.28919554362466, 28.246818357261816],
          [99.2871998386654, 28.247328190686176],
          [99.28532387598995, 28.247943503637615],
          [99.28448567989943, 28.247855602004847],
          [99.2839069254573, 28.246976581691754],
          [99.28308868641659, 28.246554649367724],
          [99.28215680995197, 28.24587926348123],
          [99.28203706765419, 28.24524635785727],
          [99.28149822731035, 28.244437639650727],
          [99.28131861386288, 28.243769563462777],
          [99.28115895746532, 28.242837766002822],
          [99.28048041777384, 28.242222423594527],
          [99.27980187808231, 28.242169679794713],
          [99.27954243643535, 28.24252130463617],
          [99.28006131972927, 28.24301357746731],
          [99.2805602459718, 28.24343552380023],
          [99.28071990237095, 28.244121183030785],
          [99.28067998827117, 28.24517603477851],
          [99.2803008043249, 28.24619571488479],
          [99.28004136262541, 28.246775873383058],
          [99.28058020296777, 28.247566993479936],
          [99.28141839905834, 28.24786585954473],
          [99.2816578836539, 28.248235045880662],
          [99.2813392338536, 28.248877308764335],
          [99.28070060826195, 28.24931681199331],
          [99.28002206857047, 28.249404712421608],
          [99.27938344297866, 28.24989695348141],
          [99.2796029705259, 28.25052983150546],
          [99.27928365773073, 28.251145125982404],
          [99.27860511803925, 28.251531880693733],
          [99.27800640654573, 28.252112010131086],
          [99.27682894061019, 28.252692136411355],
          [99.27629010026789, 28.253219521199384],
          [99.27634997141752, 28.25371174464837],
          [99.27724803865624, 28.25343047438446],
          [99.27838559064566, 28.25327225921012],
          [99.27940340024355, 28.253201941176897],
          [99.2803413815821, 28.25327225896362],
          [99.28151884758404, 28.25367658552959],
          [99.28232580276938, 28.253925849034616],
          [99.28350327959504, 28.253513130934095],
          [99.28402216288902, 28.253425233892656],
          [99.28488031602797, 28.253372495633243],
          [99.28551894161967, 28.253513130934095],
          [99.28603782491365, 28.253337336778714],
          [99.28681614985459, 28.25310880394298],
          [99.28727516199888, 28.25303848604908],
          [99.28767430299354, 28.253267019035533],
          [99.28739490429666, 28.25368892479966],
          [99.28609769606334, 28.254040511661827],
          [99.28519962882456, 28.254444835119557],
          [99.28284946093686, 28.255074029621326],
          [99.28119302580711, 28.25517950443134],
          [99.27915740673404, 28.255284979136988],
          [99.27711089607516, 28.255664023034342],
          [99.27607312948874, 28.255998024392994],
          [99.27433686616098, 28.256103498288837],
          [99.27226133298666, 28.25591012940022],
          [99.27142313689768, 28.255822234334943],
          [99.27062485490677, 28.255945287405595],
          [99.2691879473258, 28.25622655103483],
          [99.26775103974325, 28.256490235013814],
          [99.26682094876168, 28.25655444599009],
          [99.26578777003624, 28.256099414208208],
          [99.26534651662274, 28.25590033719307],
          [99.2649590746015, 28.255919296924944],
          [99.2650774596629, 28.256345889997945],
          [99.26558328674719, 28.25667768343017],
          [99.26623978572826, 28.257056874659213],
          [99.2669823829404, 28.257104273480067],
          [99.26836897444474, 28.257036329146985],
          [99.26960663645923, 28.257225924292257],
          [99.27063673421742, 28.257347733400934],
          [99.2717452488904, 28.25729085495736],
          [99.2725416575222, 28.257167618244964],
          [99.2730097720135, 28.257144197933684],
          [99.27354788593311, 28.257390671307064],
          [99.27388151656368, 28.25769402237016],
          [99.27417209808044, 28.258111128671416],
          [99.27423667174952, 28.25865146849884],
          [99.27394609023446, 28.25903065270677],
          [99.27336492720099, 28.25972266040999],
          [99.27299900973503, 28.2601492382625],
          [99.27278376416751, 28.260300909976024],
          [99.27238555986787, 28.260111320300027],
          [99.27232098619703, 28.259845894186583],
          [99.27262232999226, 28.25950463107054],
          [99.27305282112735, 28.259239203446285],
          [99.27326806669487, 28.25886949958341],
          [99.2732895912518, 28.25850927407275],
          [99.2728591001167, 28.25794049447225],
          [99.27237479758935, 28.257769860000664],
          [99.2718151591128, 28.25788361634565],
          [99.2707281689967, 28.258130088010105],
          [99.26982213919143, 28.258382947250595],
          [99.26912259109656, 28.258316589707874],
          [99.26815742094698, 28.25841881781308],
          [99.26729643867526, 28.258598930873063],
          [99.26600833729549, 28.258892386945178],
          [99.26563165755272, 28.25894926453354],
          [99.26492134717938, 28.25927157029612],
          [99.26451238060122, 28.259574916006514],
          [99.26411417629993, 28.259584395545332],
          [99.26338203594639, 28.259151982493847],
          [99.2628977334191, 28.258782278328425],
          [99.26240266861328, 28.258659043321458],
          [99.26209056254118, 28.258763319105753],
          [99.26172464507533, 28.25945532854385],
          [99.26149863722935, 28.25988190746621],
          [99.26075604002062, 28.26042223831716],
          [99.26016411471028, 28.260450676707322],
          [99.25957218939834, 28.25997670255039],
          [99.25858065060532, 28.258433991385772],
          [99.25816092174705, 28.25796948794448],
          [99.25766585694117, 28.25784625199782],
          [99.25721384124927, 28.258016886347832],
          [99.25684792378496, 28.258225439070813],
          [99.25654657998973, 28.258073764403306],
          [99.25675106327884, 28.257618739106704],
          [99.25714926757848, 28.25718267137566],
          [99.25740756225986, 28.256822440164626],
          [99.25812863525505, 28.256708682623454],
          [99.25860217550394, 28.256452727855958],
          [99.25882818334998, 28.256139893415536],
          [99.25879589651618, 28.255675379978527],
          [99.25851607727787, 28.25532462359253],
          [99.25807482386438, 28.255049705618816],
          [99.25732146437718, 28.25508762538108],
          [99.25693402206298, 28.255334103447666],
          [99.25693402206298, 28.255855497611492],
          [99.25709545638745, 28.256291570778544],
          [99.25704164499513, 28.25651908650147],
          [99.25655797072687, 28.257080716246875],
          [99.25583689807507, 28.257649500434923],
          [99.25542793149702, 28.25808556625701],
          [99.25480371934964, 28.259242080015028],
          [99.25406112144913, 28.259659180540396],
          [99.25304715655, 28.260058169174002],
          [99.2524014198458, 28.26004868967658],
          [99.25178796997858, 28.259593672810425],
          [99.25120680694516, 28.259015419407632],
          [99.25075479125309, 28.25866467401147],
          [99.2499583826521, 28.258579357389422],
          [99.2491296867073, 28.25856987780466],
          [99.24873148195877, 28.258494040774707],
          [99.24844388858878, 28.2581060255402],
          [99.2480994956797, 28.25759412209949],
          [99.2474968079872, 28.25730025054085],
          [99.24725404815655, 28.257025337693932],
          [99.24715718765208, 28.25660822714414],
          [99.24679127018618, 28.256266953661935],
          [99.24625315626815, 28.256191114962192],
          [99.24540293627484, 28.256200594802735],
          [99.24482177262308, 28.256229034320427],
          [99.24439128148634, 28.25657978773073],
          [99.244044816827, 28.257331131596985],
          [99.24375423531029, 28.25784303629989],
          [99.24302240038003, 28.258317019943817],
          [99.24240895051122, 28.258516092445802],
          [99.24147263229185, 28.258544531344555],
          [99.24047542159366, 28.258618747582304],
          [99.23975434894191, 28.259547746781536],
          [99.23913013679629, 28.26061892968552],
          [99.23859202287656, 28.2610549833598],
          [99.23756960642964, 28.260893833297047],
          [99.2363465403838, 28.260587536050963],
          [99.23581918874265, 28.26013252148516],
          [99.23534564849376, 28.259307802634197],
          [99.23468914951269, 28.258511516309028],
          [99.23406493736542, 28.258473597764677],
          [99.233634446167, 28.25876746613676],
          [99.233634446167, 28.259686984510196],
          [99.23358972076096, 28.260596186884626],
          [99.23324532785193, 28.26163892118707],
          [99.23270721393396, 28.262150805201898],
          [99.23180481790968, 28.262487000021693],
          [99.23094383563961, 28.262676585472477],
          [99.23030886121381, 28.262676585472477],
          [99.22993218147099, 28.263017838432546],
          [99.22984608324339, 28.26345388229211],
          [99.22972097386389, 28.263825868927924],
          [99.22882770475849, 28.264081805991054],
          [99.22756772201404, 28.264156393134115],
          [99.22627624860723, 28.263635039573657],
          [99.2257273724091, 28.26338858063879],
          [99.22507087342808, 28.26354972692944],
          [99.22468343140685, 28.264260663540114],
          [99.22437132513119, 28.264876804823786],
          [99.22124570469236, 28.264929178282117],
          [99.22038810824637, 28.26588866368556],
          [99.21704497514366, 28.26744278569663],
          [99.2158512936054, 28.268524732454225],
          [99.2129893266162, 28.26906868427683],
          [99.21246781526418, 28.268854338301395],
          [99.2119926604754, 28.268037778253714],
          [99.21161021881818, 28.267455975402854],
          [99.2112857228654, 28.2662004952671],
          [99.21100758347762, 28.265312463801138],
          [99.21050925040805, 28.26496541501008],
          [99.20997614991484, 28.265067488301156],
          [99.20960529739892, 28.26576158408818],
          [99.20920579667319, 28.266588923633932],
          [99.20853362648694, 28.26683389563631],
          [99.20809323912351, 28.267099281336755],
          [99.20794258028752, 28.267721914423205],
          [99.2075833169128, 28.268599718824746],
          [99.2075137820654, 28.26923255006932],
          [99.20723564267752, 28.2697020675964],
          [99.20669095304316, 28.26980413635016],
          [99.20613205299856, 28.26965049660498],
          [99.20511220857696, 28.26958925527569],
          [99.20470658863564, 28.269170771919832],
          [99.20426620127228, 28.26878290782915],
          [99.20358244194477, 28.268650217158168],
          [99.20280407620737, 28.268148079565094],
          [99.20179582092709, 28.267505034789238],
          [99.20141337926981, 28.26704571471602],
          [99.2009729919065, 28.26660680701775],
          [99.20034717828338, 28.26690281473364],
          [99.19979089950778, 28.267168200262475],
          [99.19895648134423, 28.266892607584666],
          [99.19822636522423, 28.266443492076107],
          [99.19757176895627, 28.26607778955976],
          [99.19714297073233, 28.265557219688432],
          [99.19673735079266, 28.265118305859986],
          [99.1963085525706, 28.26505706192583],
          [99.19582180864052, 28.265465354152326],
          [99.19568273894748, 28.26655752817038],
          [99.19586816520547, 28.267129128801287],
          [99.19707787053625, 28.268194684174233],
          [99.19751825789956, 28.26897041522551],
          [99.19839606472993, 28.270357732522285],
          [99.19892916522315, 28.27136820265875],
          [99.19856990184849, 28.272031637435404],
          [99.19736464278458, 28.272332245369853],
          [99.19564944989435, 28.272393485121654],
          [99.19489615571945, 28.272199559119315],
          [99.19428193122417, 28.2722505923155],
          [99.19350545876677, 28.272424104987778],
          [99.19246243606273, 28.272577204170446],
          [99.19188742088011, 28.272412654130676],
          [99.1905662587883, 28.27177984177432],
          [99.1901026931161, 28.271698188291452],
          [99.18960004907518, 28.2718838068879],
          [99.189356677111, 28.272537031845445],
          [99.18893946802837, 28.273210665887973],
          [99.18865635766582, 28.273670943018942],
          [99.18876065993516, 28.274334363455935],
          [99.1889576753361, 28.275099843440486],
          [99.18869112508952, 28.27557954142742],
          [99.18800838479268, 28.275891830357267],
          [99.18682629239396, 28.27637152477753],
          [99.18624683533574, 28.27651441205974],
          [99.1847866035186, 28.27593265554735],
          [99.18292345685506, 28.275175845356955],
          [99.18170659703264, 28.274716558353845],
          [99.1809069462928, 28.27433892088979],
          [99.18053609377682, 28.273910249714035],
          [99.1799102801537, 28.27377756542893],
          [99.17928446653241, 28.27388983675776],
          [99.17887884659098, 28.27422665003425],
          [99.1785891180619, 28.274604287896338],
          [99.17860070720315, 28.2752779088664],
          [99.17901791628577, 28.27576781235109],
          [99.17970629156144, 28.276803427217985],
          [99.17990330696063, 28.277650538440568],
          [99.17968311327894, 28.278364964354978],
          [99.1794662043809, 28.278767799016947],
          [99.17890992560518, 28.27908418490894],
          [99.17828411198218, 28.279665924256463],
          [99.17786690290126, 28.280196631064598],
          [99.1770492581137, 28.28061235727509],
          [99.1761916616677, 28.280847091218988],
          [99.17568173945693, 28.28120429405388],
          [99.17551950043907, 28.2816431410004],
          [99.17558903528641, 28.28241877411969],
          [99.1756933375575, 28.283235223931698],
          [99.17527992595882, 28.283664929453906],
          [99.17397035300831, 28.284113972370776],
          [99.17248104687684, 28.28464490389497],
          [99.17131054362102, 28.28531846135995],
          [99.17008793884168, 28.286017930364707],
          [99.16953166006772, 28.28657922130995],
          [99.16872142942549, 28.28730735336933],
          [99.16833898776827, 28.287786996369718],
          [99.16756251531092, 28.288001304246848],
          [99.16723801935814, 28.28844012379058],
          [99.16716848451068, 28.288909556649116],
          [99.16655426002887, 28.289399397424333],
          [99.16588552001991, 28.28979215522304],
          [99.16578121774887, 28.290271787029297],
          [99.16620939634862, 28.291489532826063],
          [99.16660696330382, 28.292629138087406],
          [99.1667592229885, 28.29389535184616],
          [99.16720203326787, 28.294461169232505],
          [99.1677011066804, 28.294461169232505],
          [99.16792949621112, 28.294230273713296],
          [99.16809867363867, 28.293783377865694],
          [99.16821709783756, 28.293373721690557],
          [99.16856391156409, 28.293016202285486],
          [99.16885151319184, 28.292718268530933],
          [99.16878158272567, 28.292251012722105],
          [99.16866315852553, 28.29189348954604],
          [99.16858702868382, 28.291573207347994],
          [99.16861240529687, 28.291245475729113],
          [99.16900151338064, 28.290850706757723],
          [99.16941599807865, 28.290701736953565],
          [99.17002503681857, 28.29064959747322],
          [99.17062561668706, 28.290738979424276],
          [99.17158146915665, 28.290895397659582],
          [99.17219151286872, 28.290885224197055],
          [99.17261445643828, 28.29051279941747],
          [99.17307398614554, 28.28998225782742],
          [99.17375915472712, 28.289743904097023],
          [99.17430898136695, 28.289669418446863],
          [99.17522678503497, 28.289198911627125],
          [99.1758527415177, 28.28896800475988],
          [99.17645152930464, 28.288727187897294],
          [99.17714515675772, 28.288712290629007],
          [99.17782186646917, 28.28866759881238],
          [99.17839706979004, 28.28841434480178],
          [99.17887073668209, 28.28819107355403],
          [99.1794036455803, 28.28808679210792],
          [99.18007991543897, 28.287783056818355],
          [99.18107618971123, 28.286858150781967],
          [99.18163671629856, 28.285984664324772],
          [99.18223729639897, 28.285411103211132],
          [99.18264678161432, 28.28505279548098],
          [99.18320235472726, 28.284948464272148],
          [99.18390444105177, 28.285060197682526],
          [99.18466573947637, 28.285261317525652],
          [99.18546107578089, 28.285811720396083],
          [99.18607857339225, 28.286184161621435],
          [99.18681856521277, 28.286282018212546],
          [99.1875248671945, 28.285937824509276],
          [99.18821745470018, 28.2855090904704],
          [99.18889388236289, 28.28525275326774],
          [99.18984189557608, 28.285254578341565],
          [99.19043195728409, 28.28524540575107],
          [99.1912068322743, 28.284949517123536],
          [99.1921271814964, 28.284988899047676],
          [99.19252490505255, 28.28483189664179],
          [99.19320450164429, 28.284294140680572],
          [99.19373920860198, 28.284024948528028],
          [99.1940957882423, 28.284073257351423],
          [99.19459302219326, 28.284450923923714],
          [99.1949907456659, 28.285139319833107],
          [99.19583927578202, 28.286426848321597],
          [99.1963192868397, 28.28713938516617],
          [99.19672386758515, 28.28727223049202],
          [99.19707139623898, 28.287323483651534],
          [99.19753769269494, 28.28710610041037],
          [99.19783255662963, 28.287118177268795],
          [99.19801084644968, 28.287214792085948],
          [99.1980245610514, 28.287408021458205],
          [99.19777084092186, 28.287697864858544],
          [99.1973525455719, 28.287981669090158],
          [99.19703025243382, 28.28816282033108],
          [99.19665995819184, 28.28806016799892],
          [99.19623480554094, 28.287691826462407],
          [99.19544716954482, 28.28679540608212],
          [99.19527573702345, 28.286590098681998],
          [99.19505630339825, 28.286215713578684],
          [99.19465857995078, 28.285672248990423],
          [99.19443914632552, 28.28537636154813],
          [99.19406885208139, 28.285195205566154],
          [99.19351510011256, 28.285345172635047],
          [99.19294594414583, 28.285876561894938],
          [99.1904585766946, 28.286244124202668],
          [99.18838005554227, 28.286475847013335],
          [99.18770118276188, 28.286989115323124],
          [99.18708402568922, 28.287399728189513],
          [99.1862131484869, 28.287399728189513],
          [99.18382606703904, 28.287023911162024],
          [99.18329119757448, 28.287090333917703],
          [99.18288905539208, 28.287455812835915],
          [99.18262162066088, 28.288113997456463],
          [99.1823404713279, 28.288675564604077],
          [99.18154957827232, 28.289144060609715],
          [99.18050641500656, 28.289993606800536],
          [99.17951896368987, 28.290555164033222],
          [99.1786029016946, 28.290922270385565],
          [99.17780059750083, 28.291350982648922],
          [99.17717658308084, 28.291701197039075],
          [99.1766042655347, 28.292207785588175],
          [99.17652883522527, 28.29269083570405],
          [99.17663855203892, 28.293421444837705],
          [99.1767595555454, 28.294212349742864],
          [99.17657440842225, 28.294707466758084],
          [99.17612182657018, 28.29508182199656],
          [99.17555267052285, 28.295299189033344],
          [99.17405374165429, 28.295490750294903],
          [99.17356687329777, 28.295581319564633],
          [99.17305943303666, 28.295853026912255],
          [99.17257644281506, 28.296291313478235],
          [99.17225414967697, 28.297058125094082],
          [99.17215129016415, 28.29776455295155],
          [99.17195688593227, 28.29955307629696],
          [99.17174522178681, 28.30014722405093],
          [99.171368070244, 28.300267977776585],
          [99.17102520520336, 28.300249864726325],
          [99.17035853346954, 28.299549324373388],
          [99.16976194829937, 28.298897248221763],
          [99.16929565184546, 28.29851686862203],
          [99.16854820605647, 28.2983598861684],
          [99.1678963867613, 28.298313155997974],
          [99.16712151176893, 28.298657309686334],
          [99.16556416379768, 28.299879167026162],
          [99.16480300340913, 28.300428596755808],
          [99.16395034050436, 28.300530254495882],
          [99.16305889139954, 28.30071742203809],
          [99.16204401087941, 28.300958928058293],
          [99.16135031412296, 28.301131661542158],
          [99.16092516147211, 28.30153014463039],
          [99.16065772674091, 28.30198900209595],
          [99.16060286833408, 28.302459932700458],
          [99.16037262716196, 28.303332458276884],
          [99.16000919021877, 28.30385772026088],
          [99.15853192211125, 28.306153890249703],
          [99.15799610249746, 28.307264461986378],
          [99.15741563123277, 28.30791310919288],
          [99.15685833195465, 28.30806696822617],
          [99.15625553489048, 28.307890065104985],
          [99.15606576544269, 28.30752642998671],
          [99.1559318105401, 28.30641586098494],
          [99.15506045190489, 28.305160169373096],
          [99.15454770605822, 28.303852459249512],
          [99.15421281880083, 28.30302687612648],
          [99.15353188137402, 28.30264356749946],
          [99.1522258210673, 28.30278116562657],
          [99.14993549511814, 28.302686574028527],
          [99.14914292860783, 28.302784858383802],
          [99.14804896356287, 28.303020740466337],
          [99.14731720505762, 28.303452291464282],
          [99.14677022253517, 28.304218901511035],
          [99.14612277383611, 28.304268042992646],
          [99.14575439785273, 28.303933880472385],
          [99.14536369605025, 28.30378645549719],
          [99.14479989765277, 28.303963182315087],
          [99.14389684366262, 28.30438731446131],
          [99.14303729970021, 28.304682162541496],
          [99.14257962044724, 28.305183402403244],
          [99.14143967483409, 28.305657465625032],
          [99.14061361959767, 28.306247153928652],
          [99.13990128647572, 28.30687505300618],
          [99.13890593809504, 28.307220222717802],
          [99.13754568732861, 28.30788801138337],
          [99.1358042735846, 28.30881183556953],
          [99.13468648939784, 28.30928938498178],
          [99.13369467431596, 28.309614510086163],
          [99.13269230800967, 28.30987460945441],
          [99.13195372231041, 28.310413384692666],
          [99.13115182926668, 28.31072921718453],
          [99.13049765336064, 28.31071063882925],
          [99.12978017011005, 28.31037622786772],
          [99.12940032603683, 28.310292624963225],
          [99.12924205767331, 28.310515565895585],
          [99.12930536501779, 28.3108128197466],
          [99.12987513112915, 28.310896422242166],
          [99.13080363886496, 28.31092428972636],
          [99.13152112211554, 28.31104504873862],
          [99.13263955214438, 28.31122154239347],
          [99.13307215233925, 28.311212253258873],
          [99.13345199641407, 28.311063626996074],
          [99.13382128926287, 28.310682771248196],
          [99.1342644406821, 28.310264757272705],
          [99.13495027025965, 28.31025546805519],
          [99.13552003637102, 28.310589879395692],
          [99.13589988045163, 28.310562011828026],
          [99.13644498434081, 28.310362589836288],
          [99.13726797983321, 28.309823814340035],
          [99.13812262900018, 28.309266457507164],
          [99.13904172164723, 28.308715528908962],
          [99.13971700001133, 28.308771265012737],
          [99.14036743213973, 28.30885486911157],
          [99.14100610941574, 28.30866748046529],
          [99.1416180804228, 28.308184432793567],
          [99.14216674408556, 28.307822145600923],
          [99.14301084202663, 28.307868592745507],
          [99.14362045772572, 28.307902628058244],
          [99.14431683852763, 28.30772612885616],
          [99.14486550227406, 28.307633234431307],
          [99.145361409815, 28.307735418304944],
          [99.14560408802504, 28.308041969341303],
          [99.14595588584069, 28.308386526542833],
          [99.1463554860731, 28.308530859250013],
          [99.14680383847553, 28.308521838461303],
          [99.1470958540279, 28.30825121444653],
          [99.14740162603277, 28.30773209733391],
          [99.147673149264, 28.307475002628223],
          [99.14812491629999, 28.307248072195137],
          [99.14846816264969, 28.307126290015503],
          [99.14871464124627, 28.306983666540646],
          [99.14894517983987, 28.30678971659586],
          [99.14910911839644, 28.306568703436852],
          [99.14926793387161, 28.306379263221004],
          [99.14955482634412, 28.306365731763975],
          [99.14976487261816, 28.306433389031085],
          [99.14974950337847, 28.306627339625493],
          [99.14965216485598, 28.306884436383612],
          [99.14901675535339, 28.307200428288084],
          [99.14807981070419, 28.307725150518706],
          [99.14770582587352, 28.308045390444846],
          [99.14746504112009, 28.308343077398703],
          [99.1472083396526, 28.308818996043016],
          [99.14676775478483, 28.309170805249167],
          [99.1462605698785, 28.309157274147296],
          [99.14564067721614, 28.30890469326455],
          [99.1452812848708, 28.308824982053565],
          [99.1447638538063, 28.308874596239775],
          [99.14385166653358, 28.309266303713883],
          [99.14336497394675, 28.30929787624997],
          [99.14297561987644, 28.30933395913685],
          [99.14268360421636, 28.3094331869721],
          [99.14225519929306, 28.309739409962233],
          [99.14170702974758, 28.31022201555463],
          [99.14134048841214, 28.3104565146472],
          [99.14072571882963, 28.310510638382695],
          [99.14015705689604, 28.310582803295063],
          [99.13987005604241, 28.31063922977785],
          [99.13943934377306, 28.310923434949586],
          [99.13921392825927, 28.311356422164266],
          [99.13907560510836, 28.311771366592055],
          [99.1388684830215, 28.31213602153629],
          [99.1384535135532, 28.31236604359046],
          [99.1378942442064, 28.312633450896826],
          [99.13750489013762, 28.312822879974306],
          [99.13704893603017, 28.313373124429305],
          [99.1366988590105, 28.313902607828865],
          [99.13629413570055, 28.31398830095509],
          [99.135655451405, 28.314319490687907],
          [99.13546589745056, 28.314450284918422],
          [99.13523023577699, 28.31505915249373],
          [99.13514826649867, 28.315388390545394],
          [99.13495840230314, 28.31573987791613],
          [99.13455367899468, 28.315969892176227],
          [99.13424117112271, 28.315978912333193],
          [99.13343880609807, 28.315854203308575],
          [99.13292137503197, 28.31567379981344],
          [99.1324756670844, 28.315434764710517],
          [99.13216828229235, 28.315308481797672],
          [99.1315038780391, 28.31532554890532],
          [99.1312169855666, 28.315510463089524],
          [99.13107353933117, 28.315929901388998],
          [99.13100693929255, 28.316570330869865],
          [99.13094383809204, 28.317164336411793],
          [99.13079526877516, 28.317570238156193],
          [99.1305647301815, 28.317768678445063],
          [99.13003192972315, 28.31794456846785],
          [99.12933566266395, 28.318115322213643],
          [99.1291256163899, 28.318286701606226],
          [99.12897192399464, 28.318552790116414],
          [99.12891044703593, 28.318845937703657],
          [99.12882173627582, 28.320023858374157],
          [99.1285655822827, 28.32032602169373],
          [99.12832479752933, 28.320551516148925],
          [99.12783810494261, 28.320533476609995],
          [99.1274795211333, 28.320263813218332],
          [99.12724898253964, 28.319961649721947],
          [99.12685962846933, 28.31928065123033],
          [99.12633760183854, 28.318675932590736],
          [99.12605583244601, 28.318414354364506],
          [99.12567160145716, 28.318202385329556],
          [99.12531298586771, 28.317940805938292],
          [99.12484598443132, 28.31781220334173],
          [99.12420559944934, 28.317744553312778],
          [99.12366767606363, 28.31774004330927],
          [99.12325270657863, 28.317821223334178],
          [99.12282151359057, 28.317996146923775],
          [99.12237580564295, 28.31822164632024],
          [99.12184870601743, 28.318808144288525],
          [99.12158742894445, 28.3191554105083],
          [99.12117758255613, 28.319448556434097],
          [99.12074400198884, 28.319797691879913],
          [99.12055957111426, 28.320208093470626],
          [99.12013947856462, 28.320582414419007],
          [99.1194164491597, 28.32096982978028],
          [99.11910394128773, 28.321515522234876],
          [99.11892975657292, 28.321853759953967],
          [99.11873146297961, 28.32204570886769],
          [99.1182652627125, 28.322158454331344],
          [99.11764537004854, 28.32232982720751],
          [99.1171176928242, 28.322613944787307],
          [99.11666701633152, 28.32306791829933],
          [99.11625204686328, 28.323663207272645],
          [99.11611372370771, 28.324258492911795],
          [99.11570916044059, 28.324637591219428],
          [99.11496631386075, 28.324763863051373],
          [99.1141848564705, 28.324870213654307],
          [99.11300462322163, 28.32552880768924],
          [99.11236160270062, 28.325929572075665],
          [99.1115283846695, 28.326461594002396],
          [99.11097454219157, 28.326734276814207],
          [99.11034888922399, 28.327133158305543],
          [99.10996401563852, 28.327529785113],
          [99.10966362649782, 28.328000777524352],
          [99.10931630155505, 28.328228009959133],
          [99.10885163710373, 28.328265193401805],
          [99.10799604251696, 28.32816998151786],
          [99.10703439150024, 28.328574722220864],
          [99.10649462976471, 28.328896977243375],
          [99.10554477654392, 28.329584764156436],
          [99.10511766073535, 28.32978720460467],
          [99.10482665875674, 28.329762415998886],
          [99.10452626961609, 28.329642604324164],
          [99.10437607504645, 28.329390586221336],
          [99.10398492984433, 28.328915457902042],
          [99.1036235241591, 28.328667569552323],
          [99.1030837624237, 28.328626254771564],
          [99.10185588734629, 28.328836226915925],
          [99.101280162011, 28.329108923600103],
          [99.1008812076845, 28.32955098891658],
          [99.10051980199927, 28.330261594731212],
          [99.10019864626452, 28.330809102715392],
          [99.09963072304555, 28.331011540831483],
          [99.09918013933526, 28.33098675251128],
          [99.09888444377629, 28.330730606199452],
          [99.09822264895189, 28.330255494469952],
          [99.09759535792682, 28.32997286924848],
          [99.09640788210669, 28.330146389003787],
          [99.09559119913229, 28.33040666813352],
          [99.09502327591332, 28.330559530182327],
          [99.09308272110695, 28.331110497098436],
          [99.09243031344317, 28.331312934640366],
          [99.09035600514403, 28.331865748123477],
          [99.05934271186442, 28.340423098147497],
          [99.05265146384932, 28.342386056090646],
          [99.05007946519379, 28.34315707305997],
          [99.04912507657122, 28.344209696647567],
          [99.04835744538087, 28.34496605570753],
          [99.04752386544368, 28.345455146503582],
          [99.04606208033601, 28.346114352274157],
          [99.04455110934612, 28.34659000971712],
          [99.04177495587373, 28.348125814967403],
          [99.04051854553455, 28.349210285339396],
          [99.0393614289514, 28.350314369790084],
          [99.03874638722584, 28.351224979871418],
          [99.03806857255995, 28.352745596278282],
          [99.03700491216733, 28.353624346857984],
          [99.03588870262678, 28.353885700249762],
          [99.03501317264124, 28.353955745099796],
          [99.0339856911695, 28.354407851659886],
          [99.03289063230267, 28.355526626833935],
          [99.03009144284061, 28.358394377090605],
          [99.02705793262152, 28.36144267866878],
          [99.02205596431361, 28.36652871747775],
          [99.01915147250475, 28.369497229847624],
          [99.00194797024494, 28.386986646400246],
          [98.99747065322504, 28.391450565465135],
          [98.99601419297255, 28.391757195304038],
          [98.99518647099109, 28.39218349663551],
          [98.99433998127074, 28.39349760918317],
          [98.99298310804306, 28.394691247293665],
          [98.99178806373163, 28.39581916820154],
          [98.99089178049809, 28.39588487196258],
          [98.9902693615876, 28.395392092765476],
          [98.98960959736974, 28.394548887544758],
          [98.9891490073756, 28.39434082287417],
          [98.9886510722464, 28.39446128141759],
          [98.98837720792335, 28.39535924079034],
          [98.98799777239964, 28.39603066147832],
          [98.98745215710733, 28.396622400815318],
          [98.98727277673578, 28.39754287766057],
          [98.98717370016533, 28.39968201863259],
          [98.98703169067568, 28.400346058582954],
          [98.98618911139306, 28.400721479191034],
          [98.98568086700914, 28.40093186646483],
          [98.98562854773638, 28.401503854756314],
          [98.98568834114366, 28.401904902221617],
          [98.985599112025, 28.40247861003114],
          [98.98486664217893, 28.40278761107146],
          [98.98459009744175, 28.4031360579734],
          [98.98471715853827, 28.403320142666516],
          [98.98494885827944, 28.403339865968164],
          [98.98509834202605, 28.40322810027152],
          [98.9854047834919, 28.402997994155953],
          [98.98592797624013, 28.402537780424524],
          [98.9878452517778, 28.400724160302246],
          [98.98851701593554, 28.400011989724888],
          [98.9887038704893, 28.399637233848964],
          [98.98913737304929, 28.39928220074313],
          [98.98949613379023, 28.39899291362964],
          [98.98979510107387, 28.398828545599585],
          [98.9899296363526, 28.398223669053834],
          [98.99004922326696, 28.397908079921194],
          [98.99030334545773, 28.39780945812359],
          [98.99057989019502, 28.39790150513754],
          [98.99056494183071, 28.398105323239093],
          [98.99036313891492, 28.398453785538408],
          [98.99016881017906, 28.398729924659563],
          [98.99000437805995, 28.399078384974118],
          [98.98989226532774, 28.399591211174865],
          [98.98954097871962, 28.40073519911897],
          [98.98923580995574, 28.401754190686802],
          [98.98860797865984, 28.402339323556077],
          [98.9877841317458, 28.402619903638907],
          [98.9874851644621, 28.40298150002947],
          [98.98758980300994, 28.40353375395516],
          [98.98775047263342, 28.40401947033702],
          [98.98760846317253, 28.40440735947513],
          [98.98725717661387, 28.404913585537216],
          [98.98644832457245, 28.40576351355145],
          [98.9859699769172, 28.405987039379667],
          [98.98543930989496, 28.40613167354971],
          [98.98528673338177, 28.406468321189323],
          [98.98545863957122, 28.40658665766452],
          [98.98584729704078, 28.40651434094535],
          [98.98620605777933, 28.406271093438917],
          [98.98660218943098, 28.406067291043385],
          [98.98727486581987, 28.405633387863887],
          [98.9877307909286, 28.405462455820214],
          [98.9881194483981, 28.405291523500765],
          [98.9883511480424, 28.40502855016352],
          [98.98834367386036, 28.404581493991728],
          [98.98840346731748, 28.404160733518808],
          [98.98870243460112, 28.404114712740338],
          [98.98890423751686, 28.404213328669698],
          [98.98884444406195, 28.404568345252173],
          [98.98835862222455, 28.40544273287425],
          [98.98751244950353, 28.406296836472492],
          [98.98657817674177, 28.40700028026606],
          [98.98607740654006, 28.407743164435033],
          [98.98545704941205, 28.408091595073714],
          [98.98482921811609, 28.40794696364175],
          [98.98399958390212, 28.407309268154947],
          [98.98306191417953, 28.407063296798142],
          [98.9824938763407, 28.407050148366594],
          [98.98204542541419, 28.407293394084206],
          [98.98193331268408, 28.40773386463853],
          [98.9821650123285, 28.40805599866077],
          [98.98272262116166, 28.408753630473228],
          [98.98233570221714, 28.409917643863665],
          [98.98196927422259, 28.41035504696997],
          [98.98122333151525, 28.410412599876295],
          [98.98097468394673, 28.410608279522037],
          [98.98102703080372, 28.410896043050997],
          [98.98131493851486, 28.41094208514339],
          [98.9818122336518, 28.410792448270897],
          [98.98227026864794, 28.410435621030047],
          [98.98266287007107, 28.410090303200022],
          [98.98281991064181, 28.409779516191506],
          [98.98306855821033, 28.40930757861956],
          [98.98316016520795, 28.40900830004496],
          [98.98329103235034, 28.408616934479568],
          [98.98356585334722, 28.408352186365434],
          [98.98408932191256, 28.408317653953702],
          [98.9843510561953, 28.408490315898902],
          [98.98446883662342, 28.408766574425442],
          [98.98416784219808, 28.40938815347556],
          [98.98410240862682, 28.410032750119456],
          [98.98439031633802, 28.410297494033316],
          [98.98486143804843, 28.4103090046233],
          [98.98556812061116, 28.410251451660756],
          [98.98632715003276, 28.410101813812545],
          [98.9871908731663, 28.41000972887815],
          [98.98788446901472, 28.409940665125035],
          [98.98823781029705, 28.410090303200022],
          [98.9885388047224, 28.41050468446042],
          [98.98842102429631, 28.41099963772983],
          [98.98801533615705, 28.41144854683499],
          [98.98747878084515, 28.412035578942877],
          [98.98696839899401, 28.4126801594753],
          [98.98631406328627, 28.41286432462155],
          [98.98523844038084, 28.413125782420252],
          [98.98487201238424, 28.413574682513826],
          [98.98444015080037, 28.414069621438827],
          [98.98387188411442, 28.41439223944485],
          [98.98289038055276, 28.414484320568974],
          [98.98227530498775, 28.41455338135934],
          [98.98201357070513, 28.415094355995464],
          [98.98207900427627, 28.41552022770118],
          [98.98216169971784, 28.416205037635294],
          [98.9818868787209, 28.416699964264836],
          [98.98136341015555, 28.417137339360522],
          [98.98029029959423, 28.417471124403235],
          [98.97901638453493, 28.4177177763884],
          [98.97827044182952, 28.418178166751687],
          [98.97693943216666, 28.41951340910235],
          [98.97674313145319, 28.4201694536375],
          [98.97637670345858, 28.420675871200217],
          [98.9754509573064, 28.421048817285183],
          [98.97500600902634, 28.421589758737213],
          [98.97490146625285, 28.422220681184598],
          [98.97428639068778, 28.42283067204086],
          [98.97280214924166, 28.424186030292773],
          [98.97196459953665, 28.42501468087616],
          [98.97049888755231, 28.42605048498413],
          [98.97025891458759, 28.426198237482822],
          [98.97030974795467, 28.42656146042536],
          [98.97046860222491, 28.426891154016104],
          [98.97066558152244, 28.42713143852869],
          [98.97077360242565, 28.427422014420245],
          [98.97062745649714, 28.42765112177193],
          [98.97032245629646, 28.427852288793574],
          [98.96863224685171, 28.42779640910406],
          [98.9676028711736, 28.427746117357515],
          [98.96720037824934, 28.427894915078667],
          [98.96680476574812, 28.428424339462325],
          [98.96646075488121, 28.428923508599837],
          [98.96602959030378, 28.429320840456484],
          [98.96591778677134, 28.429933451605564],
          [98.96587339831888, 28.430351237683112],
          [98.96518537657704, 28.431047035891652],
          [98.96402963824539, 28.43182071036071],
          [98.9633330162074, 28.432486247323737],
          [98.96292835198858, 28.43289543685792],
          [98.96273054562448, 28.433742474442624],
          [98.96288535051599, 28.434234055724176],
          [98.9632293613862, 28.434438250353836],
          [98.96356064613474, 28.43473455653853],
          [98.96356924645329, 28.4349916892222],
          [98.96307173221004, 28.435717719767837],
          [98.9626503188934, 28.43617147871491],
          [98.96207410068524, 28.436519359256366],
          [98.96148068193344, 28.4366706113088],
          [98.96061820658883, 28.43647053690826],
          [98.95949157098795, 28.435782337021493],
          [98.95895650920102, 28.435403797781788],
          [98.958681300504, 28.435229855820097],
          [98.95823408637318, 28.435222293119608],
          [98.9576492678932, 28.435252543918423],
          [98.95674623935719, 28.43513154067172],
          [98.9561057326722, 28.435284938964614],
          [98.95590792642156, 28.43557232103258],
          [98.95546931256126, 28.435837014351307],
          [98.95523573500759, 28.43600189792741],
          [98.95454771326706, 28.436259027545645],
          [98.9543069056574, 28.436569094783337],
          [98.9537392877088, 28.43662959559697],
          [98.95324047194572, 28.43662203299651],
          [98.9525096511548, 28.436966181814654],
          [98.9519506334903, 28.437170371171874],
          [98.95150341935818, 28.43738212268228],
          [98.95132281365125, 28.437813186946883],
          [98.95108200604153, 28.437964437149716],
          [98.9502735804968, 28.43800224966695],
          [98.9496336055123, 28.438193751181075],
          [98.94918639138018, 28.43842062558869],
          [98.94879077887902, 28.43866262442009],
          [98.94866177480299, 28.438949997313685],
          [98.94854997128664, 28.439388617609964],
          [98.94817086949456, 28.43970110203533],
          [98.94731340424937, 28.44022129044174],
          [98.94687479038907, 28.440629656197842],
          [98.94656518060611, 28.44093971062641],
          [98.94645337707368, 28.441325386818605],
          [98.94665978359484, 28.44166568817313],
          [98.947055396096, 28.44182449509718],
          [98.94773481760478, 28.441839619539266],
          [98.94848304124793, 28.44185474397885],
          [98.94927213275787, 28.441814800494967],
          [98.94989995259692, 28.441867736088028],
          [98.95023075097288, 28.442387315184888],
          [98.95030815341795, 28.442825921212716],
          [98.9503425545052, 28.443514075280177],
          [98.9506769147377, 28.443864082780394],
          [98.95104672642339, 28.444015324332042],
          [98.95111552859794, 28.444310244736187],
          [98.95089192149896, 28.444832024990816],
          [98.95050490926695, 28.44520127121612],
          [98.9498426883406, 28.445405444678826],
          [98.94888817962561, 28.445617425580366],
          [98.94831955802641, 28.44577767279553],
          [98.94778009651151, 28.445944329642842],
          [98.94724792501717, 28.44605970730605],
          [98.94672304354117, 28.446078936904485],
          [98.94590656124836, 28.44590587039444],
          [98.94530148954652, 28.44575203325813],
          [98.94476202803162, 28.44581613209155],
          [98.94258841665658, 28.448141778866102],
          [98.94201850869479, 28.44860179564212],
          [98.93986967540104, 28.44901252321516],
          [98.93908488410977, 28.44975182882723],
          [98.93488236048847, 28.455327349661403],
          [98.93187680561903, 28.459275707353527],
          [98.93008542174908, 28.46179981230091],
          [98.93003870798151, 28.462801859675835],
          [98.92933180113283, 28.464250396471385],
          [98.92887606172752, 28.465032590716206],
          [98.92813798420377, 28.465722504889456],
          [98.92763347551653, 28.466888778129388],
          [98.92780474432845, 28.46855951076668],
          [98.92794488563118, 28.469150846311052],
          [98.92774645906815, 28.469888007180415],
          [98.92743814820341, 28.470660018218567],
          [98.92737274893017, 28.471358108449138],
          [98.92733186946401, 28.472296157611268],
          [98.92617778279072, 28.473797651196932],
          [98.92493519657978, 28.474298619186825],
          [98.92403829224907, 28.47451214580417],
          [98.92372581929186, 28.47495252085801],
          [98.9239033316087, 28.475699857505205],
          [98.92453863884379, 28.47649646327544],
          [98.92553945043267, 28.477772646404745],
          [98.92601681710357, 28.478468073617947],
          [98.9258486475403, 28.478944382832765],
          [98.92529742508691, 28.479149687865842],
          [98.92429775046747, 28.47914147567208],
          [98.92381192728732, 28.479026504893994],
          [98.92286598679578, 28.47921563111676],
          [98.92203448173825, 28.479281328602028],
          [98.9216140578327, 28.47932238950932],
          [98.9215486585581, 28.480118967959044],
          [98.92151128754546, 28.481145477719522],
          [98.92110850754631, 28.482022704100274],
          [98.92032371625635, 28.482457937611755],
          [98.91988453369203, 28.4829308974727],
          [98.91962536034458, 28.48349211321515],
          [98.91899005310955, 28.484288660212968],
          [98.91879385528705, 28.48507698946996],
          [98.9188226555084, 28.486107098658195],
          [98.91862645768589, 28.486681912756865],
          [98.91835551783527, 28.487314204650758],
          [98.91803786421701, 28.487897223691192],
          [98.9178003861773, 28.48892784853743],
          [98.91746404705202, 28.489231671119455],
          [98.91710902242113, 28.489067442805506],
          [98.91695953836626, 28.488780042641153],
          [98.91665122750157, 28.488065644557736],
          [98.9163055456242, 28.48740051096189],
          [98.915987892006, 28.487433357163994],
          [98.91569781813382, 28.487554904132878],
          [98.9154268782832, 28.487981903335182],
          [98.91490368409035, 28.488425323755976],
          [98.91384795294982, 28.488720936335383],
          [98.91153971656001, 28.489437471865585],
          [98.91082966729823, 28.489396414891416],
          [98.9104466144068, 28.489207552602906],
          [98.91028778759693, 28.489117227041177],
          [98.91025041658435, 28.488928364253226],
          [98.9103625296251, 28.48840283123937],
          [98.91046529991382, 28.4880579487768],
          [98.91069886874891, 28.487795180430524],
          [98.91122206294318, 28.487524199888412],
          [98.91185375141441, 28.487157818351065],
          [98.91253577241702, 28.486599430072744],
          [98.91282215233707, 28.486272083787156],
          [98.91305572117369, 28.485606938893113],
          [98.91330797551723, 28.484941789808403],
          [98.91354848045057, 28.483744023250978],
          [98.91373533552093, 28.483021379201247],
          [98.9140156181237, 28.482372637716765],
          [98.914167793648, 28.481733605643683],
          [98.91409305161983, 28.481224460885343],
          [98.91383145452272, 28.480616768766225],
          [98.91329172217127, 28.480034894361054],
          [98.91299275406004, 28.479575014386086],
          [98.912768527906, 28.47922189074508],
          [98.91282458438303, 28.47890982705647],
          [98.91325435104204, 28.478573125826983],
          [98.913459891618, 28.478080390386722],
          [98.91341317785191, 28.47749731714559],
          [98.9135720046603, 28.476938877784534],
          [98.91345054886449, 28.476413285100875],
          [98.9130020966985, 28.476027301308065],
          [98.91228270468315, 28.475863052457967],
          [98.91200242207907, 28.475748078110698],
          [98.91176809626023, 28.4754166992266],
          [98.91169335423206, 28.474825398752373],
          [98.91168401147854, 28.474373708660508],
          [98.91193626582208, 28.473954867030983],
          [98.91248748827695, 28.473790614958546],
          [98.91306673899084, 28.473429259499937],
          [98.9133382761816, 28.472754333194942],
          [98.91325419140128, 28.472277996067675],
          [98.9132074776337, 28.471727741885317],
          [98.9132074776337, 28.4713006769627],
          [98.91269398121062, 28.470555060735535],
          [98.91230158556573, 28.470251184421542],
          [98.91227355730513, 28.469807687692395],
          [98.91205867397565, 28.46943810566266],
          [98.91186247612228, 28.468887836686775],
          [98.91131125366894, 28.468633233655098],
          [98.91070397469088, 28.468518251451343],
          [98.9099398048806, 28.468302108255102],
          [98.90928581213848, 28.468039290755314],
          [98.90878130345135, 28.468014651581043],
          [98.90832350853174, 28.468146060443573],
          [98.9079684839009, 28.46820355176922],
          [98.90766017303758, 28.468146060443573],
          [98.9072490918856, 28.467907881759956],
          [98.90635422394456, 28.467763823084184],
          [98.90585905801231, 28.467763823084184],
          [98.90520506527025, 28.468182689257034],
          [98.90470989933664, 28.468429080347732],
          [98.90420539064945, 28.468461932449983],
          [98.90371022471714, 28.468338737014463],
          [98.90328045805819, 28.468116984869255],
          [98.90287871965972, 28.468084132659754],
          [98.90253303778093, 28.46814983706794],
          [98.90213895920414, 28.468431054529987],
          [98.90170919254513, 28.46914558543112],
          [98.90116731284388, 28.4699915180677],
          [98.90094308676083, 28.471346638758476],
          [98.9005058411505, 28.471919434251546],
          [98.89987053391548, 28.472100114717506],
          [98.8994594527635, 28.472354709395603],
          [98.89909508537914, 28.472913172991085],
          [98.89904837161157, 28.473611248333683],
          [98.89901186308583, 28.47401059345755],
          [98.89872223772818, 28.474339096663],
          [98.89830181382268, 28.474486922772684],
          [98.89804955947915, 28.474757936769137],
          [98.8978907326707, 28.475291750183075],
          [98.89761045006657, 28.475497062316464],
          [98.89719002616101, 28.475414937511104],
          [98.89676025950206, 28.475078225140948],
          [98.89630246458387, 28.474667598847574],
          [98.89599415371913, 28.474552623199145],
          [98.89557372981363, 28.47473329916164],
          [98.89465180238813, 28.474466270925006],
          [98.89393241037146, 28.474351295057474],
          [98.89358672849409, 28.474031004480963],
          [98.89318499009562, 28.473891390336505],
          [98.89271785242249, 28.473883177733924],
          [98.89211991620152, 28.473817476891156],
          [98.89176489157063, 28.473768201231735],
          [98.89157803650176, 28.47338220777388],
          [98.89159672200873, 28.473111190248105],
          [98.89149395172007, 28.472634854730458],
          [98.89128009547142, 28.4723595376598],
          [98.8909717846081, 28.472228134037593],
          [98.89026173534495, 28.47206387928044],
          [98.88966858880195, 28.471767347448377],
          [98.8892919370457, 28.47143625040205],
          [98.88876976072129, 28.470924552919485],
          [98.88839310896503, 28.470585928226882],
          [98.88799933667428, 28.470397802928588],
          [98.88760556438359, 28.470420377982194],
          [98.8865440912515, 28.47050315313693],
          [98.88572230557833, 28.470375227871372],
          [98.88506532146863, 28.470141951984928],
          [98.884902676391, 28.46989362547717],
          [98.88557471224863, 28.46855900885852],
          [98.88616357331773, 28.467078062820647],
          [98.88604811999329, 28.466092637814498],
          [98.88602243919155, 28.465738946936852],
          [98.88619364453513, 28.46542288174693],
          [98.8865189346879, 28.465212171095374],
          [98.88680604285724, 28.464912849109595],
          [98.88699436873537, 28.464498950790343],
          [98.88729397808771, 28.46422050919149],
          [98.88773055171464, 28.46402484708814],
          [98.88857504102447, 28.463557195247105],
          [98.88908865705537, 28.463399159507816],
          [98.88967075522419, 28.463301327741107],
          [98.88999604537702, 28.463090612859475],
          [98.89022717259132, 28.462714335239554],
          [98.89036413686597, 28.462285377118988],
          [98.89034701633153, 28.461833840374254],
          [98.88984175234333, 28.461366893433734],
          [98.88896004482217, 28.46082504440048],
          [98.88770916113191, 28.45961100151287],
          [98.8873325093756, 28.459212134062724],
          [98.88687881521548, 28.45884336847702],
          [98.88566992617984, 28.457972221610746],
          [98.88486836856168, 28.457581923892093],
          [98.88391883107465, 28.457234991377206],
          [98.88354888140583, 28.45700731629553],
          [98.88330224829087, 28.456833849237142],
          [98.88341710566999, 28.455668491972204],
          [98.8833307840186, 28.454605988278743],
          [98.88313347752853, 28.45403136450713],
          [98.88348995510353, 28.452501150659614],
          [98.88325565362913, 28.45181809335918],
          [98.88218581667286, 28.45059509960774],
          [98.88154457057766, 28.45010719319214],
          [98.88100198499546, 28.449391598684116],
          [98.8807923468496, 28.44873020636261],
          [98.88052105042505, 28.448307346808207],
          [98.88039773386748, 28.447884485563847],
          [98.88044336107265, 28.44715454237536],
          [98.88057900928408, 28.44648229330204],
          [98.8805420143168, 28.445755825789547],
          [98.88012273802508, 28.444779966053616],
          [98.87984125891074, 28.44419303677151],
          [98.87959462579761, 28.443531611939164],
          [98.87937265599601, 28.44280512415976],
          [98.87895337970428, 28.442382240915663],
          [98.87818881705158, 28.441547312624394],
          [98.87769555082531, 28.441178640891863],
          [98.87723927956637, 28.441276230593004],
          [98.87648704857128, 28.441807550720938],
          [98.87559916936289, 28.44228465223486],
          [98.87383272842101, 28.44375284014096],
          [98.87295718086847, 28.444273304841673],
          [98.87264888947658, 28.44464196578835],
          [98.87277220603403, 28.445325069440614],
          [98.87312982404893, 28.445943111799423],
          [98.87329371737758, 28.44658509841902],
          [98.87288677273966, 28.44784285004654],
          [98.87273879287255, 28.448992161730075],
          [98.87316196927037, 28.44950528149147],
          [98.87334803292771, 28.450533237389536],
          [98.87360699769664, 28.451107880172287],
          [98.87374264586475, 28.451574097562272],
          [98.87317999939086, 28.45273470285929],
          [98.87327865263683, 28.45325512335731],
          [98.87340196914732, 28.453656279156974],
          [98.87336310593076, 28.453973326868265],
          [98.87299733623922, 28.4542912853326],
          [98.87289540442879, 28.454636954935538],
          [98.87288084274155, 28.455123450981034],
          [98.87272066418376, 28.455341093224135],
          [98.87251680056431, 28.45536669816397],
          [98.87211878111697, 28.45526427836616],
          [98.87168678439946, 28.455089310980497],
          [98.87087550381818, 28.454932132291333],
          [98.87060368566, 28.45500041238229],
          [98.8703998220405, 28.455124169935246],
          [98.87014256556796, 28.455243659848293],
          [98.86985133182532, 28.455294869770213],
          [98.86941737383484, 28.455119213570228],
          [98.86904362386616, 28.4549314434245],
          [98.8684077635292, 28.45479061559668],
          [98.86738944141348, 28.454380329377585],
          [98.86701569143906, 28.45428217611395],
          [98.86651574018117, 28.45426937351317],
          [98.86627789929167, 28.45416695265169],
          [98.86606432788079, 28.453949307991508],
          [98.86586046425191, 28.45370605754762],
          [98.86548723587003, 28.453621164986643],
          [98.86492418396921, 28.453574221815998],
          [98.86455938493685, 28.4535716568371],
          [98.86409341095066, 28.45331560280792],
          [98.86358860579708, 28.453089421232647],
          [98.8625022715172, 28.452693963696362],
          [98.8615994469177, 28.452437907541665],
          [98.86035600054197, 28.452074653774588],
          [98.85986575707562, 28.451993568917146],
          [98.85925902011309, 28.451895413480855],
          [98.85876877664668, 28.45173324343024],
          [98.85818145526707, 28.45158814370052],
          [98.85786109815149, 28.45156253784498],
          [98.85511599664181, 28.45120373567795],
          [98.85441893898326, 28.451510169854643],
          [98.8548255559511, 28.45319554195781],
          [98.85534834919395, 28.454165895527098],
          [98.8555909948621, 28.455435576983078],
          [98.85563216736267, 28.4564491256221],
          [98.85559099489518, 28.4571278357799],
          [98.85565410386312, 28.458569677867985],
          [98.85535560347495, 28.45937506394921],
          [98.85490270633488, 28.459945164994608],
          [98.85475860270628, 28.460388575065195],
          [98.85430474984719, 28.46160035015518],
          [98.85400624945896, 28.462369517186417],
          [98.85313061781335, 28.463158035239303],
          [98.85256449638763, 28.463357111367984],
          [98.85156550922113, 28.464164314902845],
          [98.85087222990893, 28.464357562106414],
          [98.85017895059673, 28.464818380934346],
          [98.84936730652299, 28.464996761876876],
          [98.84830202367726, 28.46510081728772],
          [98.8475580166089, 28.46519000755825],
          [98.84705073906349, 28.464981896809775],
          [98.84620527648775, 28.465472442917857],
          [98.84544436016904, 28.466081906122866],
          [98.84476799010719, 28.466617041648192],
          [98.84441289582526, 28.46716703922594],
          [98.84481871827398, 28.46759811629154],
          [98.84525368582467, 28.46857638279475],
          [98.84609914878104, 28.469275014768783],
          [98.84712450517583, 28.46952771030506],
          [98.84805451400973, 28.469914184742564],
          [98.84894598550665, 28.47057913707576],
          [98.84942261195607, 28.47205953756466],
          [98.8493272866657, 28.473735437611168],
          [98.84961326253563, 28.47513200067455],
          [98.85047119014314, 28.47580234438726],
          [98.85107491697863, 28.476528545274775],
          [98.8517739691033, 28.47664026804486],
          [98.85215527026122, 28.477254741170754],
          [98.85285432238726, 28.477729558864382],
          [98.8534580492215, 28.478288165182548],
          [98.85409355115377, 28.47873504811011],
          [98.85431470492432, 28.47915795160057],
          [98.85416831214161, 28.47950439149443],
          [98.8538079606709, 28.479395510507658],
          [98.85342508723318, 28.47913815500155],
          [98.85288456002962, 28.47890059551635],
          [98.85234403282436, 28.478791713907142],
          [98.85185981053678, 28.478752120567336],
          [98.85125657655118, 28.47871437414649],
          [98.8503894808274, 28.47900142563026],
          [98.84984895362214, 28.479041018876572],
          [98.8493196874004, 28.478734170825675],
          [98.84881294314567, 28.47866488243301],
          [98.84813728413832, 28.47868467912069],
          [98.84774314971878, 28.47871437414649],
          [98.8474444122989, 28.478604544608828],
          [98.84711784377873, 28.4783471871754],
          [98.84638587985546, 28.47816901627769],
          [98.84611561625275, 28.47803043870458],
          [98.84595796248539, 28.47777307987228],
          [98.84563139396516, 28.47767409553923],
          [98.84531608642845, 28.47772358771772],
          [98.84477555922325, 28.478050235511986],
          [98.84417872710208, 28.47797104826013],
          [98.84356982747681, 28.478029647575823],
          [98.84314191010668, 28.477841577720582],
          [98.84283786355354, 28.477475335461875],
          [98.84243246814873, 28.47723777223669],
          [98.84174554811358, 28.47726746763348],
          [98.84124378366056, 28.477237772200922],
          [98.84101856382449, 28.477376350738282],
          [98.84076300661371, 28.47779158073952],
          [98.84029004530959, 28.477890564962493],
          [98.83955669483407, 28.47772023080141],
          [98.83907247254638, 28.47777962138686],
          [98.8386107722257, 28.477888504039427],
          [98.83836303059019, 28.478195354547196],
          [98.83795763518538, 28.4783735254005],
          [98.8371355833957, 28.47804687860601],
          [98.83662883914099, 28.47781921509123],
          [98.83618966078564, 28.477700433932128],
          [98.83571669941614, 28.47777962137367],
          [98.83531845127226, 28.47785971275512],
          [98.83483422898462, 28.477731033209366],
          [98.83454144341493, 28.477731033209366],
          [98.83412478702837, 28.477780525360416],
          [98.83371939162356, 28.47774093164159],
          [98.83333651818748, 28.477622150394453],
          [98.83281124792416, 28.477671787343112],
          [98.83259728923912, 28.477879654340015],
          [98.8324508964551, 28.478483456153796],
          [98.83242837448813, 28.479136746032083],
          [98.83294637981635, 28.479601965119883],
          [98.83334126736838, 28.48021576725698],
          [98.83348766015405, 28.480710676084627],
          [98.83333000638493, 28.481482729225306],
          [98.83329622335361, 28.482234980731633],
          [98.83288700112178, 28.482933041948797],
          [98.83270682538728, 28.48349722331099],
          [98.83271808637085, 28.484011912450413],
          [98.83303339390574, 28.484269256079784],
          [98.83334870144245, 28.48448700789143],
          [98.83323609160902, 28.48491261240855],
          [98.83341626734352, 28.48533821521019],
          [98.83340295177459, 28.486258391783622],
          [98.83369573734421, 28.48661470598401],
          [98.83393522992668, 28.4879112855304],
          [98.8338676640256, 28.488237901813207],
          [98.83360866140652, 28.488762465243624],
          [98.83359740042465, 28.489158360447064],
          [98.83358391240205, 28.489483170759982],
          [98.83330674308894, 28.48981236674328],
          [98.83326179671343, 28.490141561700113],
          [98.8333891447773, 28.490483923365332],
          [98.83285448035656, 28.49127969874695],
          [98.8325548378557, 28.491437710257998],
          [98.83224021322974, 28.49139820740315],
          [98.83187315116572, 28.491174357608514],
          [98.83173831204158, 28.49103609720447],
          [98.83147612485135, 28.49093075582296],
          [98.83090955485312, 28.49112233197583],
          [98.83063987660256, 28.491063077509494],
          [98.83031776091406, 28.49082605931362],
          [98.82989077034938, 28.490457363283326],
          [98.8294582961098, 28.490230439918264],
          [98.82906876085815, 28.49025677544742],
          [98.82874664516959, 28.490368701377477],
          [98.82819230654343, 28.4903621175025],
          [98.82757803941433, 28.490250191565494],
          [98.82724094160056, 28.49014484939974],
          [98.82684391528858, 28.48988149352502],
          [98.82608627194207, 28.489509070818002],
          [98.82559935287685, 28.489423479715626],
          [98.82514239806414, 28.48941031184745],
          [98.82475286281249, 28.489416895781744],
          [98.82440827393611, 28.489351056420176],
          [98.82410114033246, 28.48921937756998],
          [98.823828051607, 28.488840270876167],
          [98.82366324823255, 28.488754679230624],
          [98.82349844485589, 28.488767847180597],
          [98.82325873085568, 28.488833686905863],
          [98.82268881942417, 28.489297604788305],
          [98.82244910542397, 28.489455619266053],
          [98.8222468467344, 28.48960046566293],
          [98.82167752598309, 28.489863822238675],
          [98.82090594654215, 28.48985723833225],
          [98.81963025258392, 28.48989500785828],
          [98.81906842289288, 28.48989500785828],
          [98.81878376251723, 28.48989500785828],
          [98.81845415576606, 28.490164947586976],
          [98.8181694953904, 28.490559980093025],
          [98.8181245490149, 28.490915508083475],
          [98.81778230068824, 28.491334074312533],
          [98.8176924079396, 28.491847610593354],
          [98.81759502412604, 28.492104377797943],
          [98.81686789658443, 28.49239024013569],
          [98.81632854008336, 28.492785264313483],
          [98.8159315137691, 28.493061780358474],
          [98.81608133502067, 28.493384381495787],
          [98.81648227504053, 28.49392994738274],
          [98.81633994485145, 28.49448297275201],
          [98.81621400846745, 28.495125587029293],
          [98.81608666040353, 28.495487683199173],
          [98.81592185702686, 28.495797109850585],
          [98.81589189277878, 28.49621187181117],
          [98.81574207948199, 28.496671238133047],
          [98.81580949904526, 28.49719791534612],
          [98.81563720460593, 28.497645588911084],
          [98.81570538196098, 28.498485439662147],
          [98.81548065008593, 28.498880441028007],
          [98.81542821264787, 28.499104274479805],
          [98.81555556682599, 28.499854543216216],
          [98.81560800426399, 28.500065208062864],
          [98.81545818301487, 28.50067086715316],
          [98.81527326796345, 28.501393078623337],
          [98.81492118802458, 28.501682738455017],
          [98.81446003007784, 28.502093307203225],
          [98.81429868692072, 28.502660458939204],
          [98.8136734821839, 28.503652967142017],
          [98.81302810955378, 28.504317587951235],
          [98.81232805178627, 28.504784929845783],
          [98.8121364567869, 28.505467266499338],
          [98.81148100020937, 28.50583058681252],
          [98.81082130769329, 28.506182093612708],
          [98.810498621379, 28.50647452027512],
          [98.81016585111576, 28.50675808474874],
          [98.80979274506433, 28.506917589430017],
          [98.80945997480114, 28.507307488747315],
          [98.80921796006612, 28.507599912289592],
          [98.80915456708618, 28.508192394961625],
          [98.80907389550833, 28.50854684466239],
          [98.8089226362971, 28.508919015567216],
          [98.80894280419193, 28.509388657929463],
          [98.80880162892959, 28.509796270360496],
          [98.808726706198, 28.510745768085712],
          [98.80857544698682, 28.511215402314704],
          [98.80864603461873, 28.5115875638042],
          [98.80851495008517, 28.512840156671828],
          [98.80853511798, 28.51334522487967],
          [98.80866620929493, 28.513735100438495],
          [98.8089586437685, 28.51389459456965],
          [98.80945275718892, 28.51389459456965],
          [98.80986619913307, 28.51398320224122],
          [98.81052443865508, 28.51411354750988],
          [98.81090458936984, 28.514240033555694],
          [98.81174155699938, 28.51422231205538],
          [98.81244743331399, 28.514186869046455],
          [98.81305247015598, 28.514213451304087],
          [98.81347599594443, 28.514266615800608],
          [98.8137180106794, 28.514408387667586],
          [98.81390960567882, 28.51472737365293],
          [98.8141112846256, 28.51494003044047],
          [98.81462930769936, 28.515155894729105],
          [98.81548169363367, 28.51539042472875],
          [98.81613605051365, 28.51545094851471],
          [98.81676457751666, 28.515496341331186],
          [98.81709175595597, 28.515677912402992],
          [98.81744476427997, 28.51592000669075],
          [98.81820000351883, 28.515965399305955],
          [98.81848413216318, 28.51617723125007],
          [98.81924180854986, 28.516283147062808],
          [98.81983589578994, 28.516442020585174],
          [98.82035249332722, 28.516873247503014],
          [98.82068828172561, 28.517175861830708],
          [98.82095519054963, 28.517380126042582],
          [98.82082584998159, 28.517712159580967],
          [98.82033508232257, 28.51812068546836],
          [98.81987472606124, 28.518430166901297],
          [98.81924100132062, 28.518673780116558],
          [98.81834133852107, 28.518902477724723],
          [98.8177472215769, 28.518967109567257],
          [98.81717007939932, 28.51897705292714],
          [98.81604775947432, 28.519347967579662],
          [98.81552154160988, 28.519502088950134],
          [98.81478619449342, 28.519954068210666],
          [98.81453157294618, 28.5201728197994],
          [98.81401667159503, 28.520287167039044],
          [98.81360927712012, 28.520396542544987],
          [98.81327952213627, 28.520557733879244],
          [98.81299095104924, 28.520826200136426],
          [98.81261184785745, 28.521243812956044],
          [98.81212523778782, 28.521601765485187],
          [98.81097330383568, 28.52228074496375],
          [98.81041879468972, 28.522598921920036],
          [98.80968228766164, 28.52304476219834],
          [98.80877696660383, 28.5236115101266],
          [98.80757286307352, 28.524396613939558],
          [98.80734087455284, 28.52503792551343],
          [98.80659954579824, 28.525550085037793],
          [98.80627447897837, 28.525993523570634],
          [98.80577691537223, 28.526424404448946],
          [98.80540907660742, 28.526965545039076],
          [98.80510967295038, 28.527333819689616],
          [98.80483593202842, 28.527751988626846],
          [98.80421468671835, 28.528051633853877],
          [98.80356624309542, 28.52795696117049],
          [98.80299309897839, 28.52812982331504],
          [98.80210344243898, 28.52801708716582],
          [98.80065775048985, 28.527987024172717],
          [98.79977664833899, 28.528287653721648],
          [98.79918639544235, 28.529046739515778],
          [98.79897830745449, 28.529941704056256],
          [98.79867890381189, 28.530851088948907],
          [98.79909926372164, 28.53243474541175],
          [98.79952698321222, 28.532712816038924],
          [98.79970662539807, 28.533028462888282],
          [98.79965529905894, 28.53374993785158],
          [98.79986060441433, 28.534208372500743],
          [98.80045079365038, 28.535058396259714],
          [98.80058766388692, 28.535652098954145],
          [98.80086140435992, 28.53606543429784],
          [98.80117791678367, 28.53626834378197],
          [98.80140888530866, 28.536659131318103],
          [98.8017852784601, 28.53694470590807],
          [98.80190770716337, 28.53723466984259],
          [98.80153986840179, 28.537948600967596],
          [98.80139444377409, 28.53828677718029],
          [98.80170240180792, 28.538534772379705],
          [98.80224132836543, 28.538670042242202],
          [98.80230409717217, 28.53887652505763],
          [98.80194481280046, 28.5391545786853],
          [98.80191059524105, 28.53945517637635],
          [98.8020816830383, 28.53970316882547],
          [98.80205503663126, 28.540765517874377],
          [98.80224323320698, 28.54182510471462],
          [98.80194696604735, 28.54260824499829],
          [98.80192130287776, 28.54322444913919],
          [98.80162636262685, 28.54411909820162],
          [98.80136117654234, 28.544900613581078],
          [98.80118153435643, 28.54559194927596],
          [98.80112425982384, 28.54583428223728],
          [98.8011755861736, 28.546142375323896],
          [98.80075642107681, 28.54699717864854],
          [98.80043135426325, 28.54792895932077],
          [98.80071364912749, 28.548567675180223],
          [98.80076192755996, 28.54901328222705],
          [98.80061650293362, 28.549809789678022],
          [98.80080469950929, 28.55033578186108],
          [98.80130085411884, 28.550546177999138],
          [98.80207997505119, 28.551208450906984],
          [98.8023694010758, 28.5514691048283],
          [98.80312028548946, 28.551708197939746],
          [98.80419968183509, 28.55207920341671],
          [98.8053072363465, 28.55228531700523],
          [98.80604873470486, 28.552499674709978],
          [98.80676011495876, 28.553075807218136],
          [98.80758608781434, 28.5539414733868],
          [98.80814312547665, 28.555105354833984],
          [98.80867813062116, 28.556259552561755],
          [98.8092037497118, 28.556548100016755],
          [98.80964138310088, 28.556909707335464],
          [98.80960383888134, 28.557107567310794]
        ],
        "type": "LineString"
      }
    },
    {
      "type": "Feature",
      "properties": {
        "name": "丽江-塔城"
      },
      "geometry": {
        "coordinates": [
          [100.02429182329126, 26.868112848435686],
          [100.02352616216263, 26.86852859129874],
          [100.02141227165527, 26.869835201775473],
          [100.02072983456293, 26.870533044368386],
          [100.02129575800569, 26.871780241680014],
          [100.02299664253763, 26.874707073900638],
          [100.02396994114866, 26.876062339581267],
          [100.02520139830955, 26.87707462577876],
          [100.02602236975076, 26.877548458756934],
          [100.02703651094231, 26.877871525558447],
          [100.02824382188601, 26.87821612912839],
          [100.02962015636103, 26.878603806889203],
          [100.03058600511451, 26.879185321037113],
          [100.0315035614318, 26.88011142998556],
          [100.0326867261565, 26.88224360546377],
          [100.03454319909685, 26.88403872983801],
          [100.03604026466701, 26.884749434770484],
          [100.03811683948811, 26.885783179421523],
          [100.03939053503149, 26.886473131899393],
          [100.03940933739085, 26.887181526623507],
          [100.04005297288364, 26.887540312102658],
          [100.0410452442685, 26.88804260985856],
          [100.04166206161557, 26.888712336726698],
          [100.04150115274336, 26.889118954674274],
          [100.04083069910496, 26.889166791983072],
          [100.0398920640115, 26.88861666170314],
          [100.03892661077231, 26.88859274293435],
          [100.03788070309815, 26.88861666170314],
          [100.03707615873111, 26.888736255470192],
          [100.03675434098477, 26.88942989682353],
          [100.03704934058544, 26.890051778554096],
          [100.03747843091463, 26.890697575190018],
          [100.03852433858884, 26.890841085052386],
          [100.03927524666437, 26.89115202246228],
          [100.03973115513725, 26.8919652393339],
          [100.04005297288364, 26.89253927124767],
          [100.04010660917504, 26.89301762894887],
          [100.0394629736823, 26.893089382428826],
          [100.03889979262664, 26.892826286111287],
          [100.03868524746309, 26.89213266560955],
          [100.03806843011597, 26.891630386036397],
          [100.03734434018611, 26.89179781280923],
          [100.03640570509265, 26.891678222282806],
          [100.03527934298137, 26.891462959015485],
          [100.0348770707999, 26.891941321274032],
          [100.0349226722214, 26.89343615897677],
          [100.03500312665847, 26.89522997566843],
          [100.03435949116573, 26.895516983695728],
          [100.03384994640146, 26.895349562434973],
          [100.03323312905445, 26.894249359406487],
          [100.03258949356166, 26.893747089244314],
          [100.03194585806887, 26.893029556566717],
          [100.03100722297546, 26.89336440571708],
          [100.02993449715552, 26.89467987491132],
          [100.02929086166284, 26.89589965993082],
          [100.02902268020785, 26.896688925571368],
          [100.02822454116091, 26.896665005575073],
          [100.0271249971953, 26.895756153557016],
          [100.02653499799396, 26.8949668813988],
          [100.02570363548335, 26.89441677936044],
          [100.0242822737693, 26.893747086306803],
          [100.02090318743336, 26.892862128682694],
          [100.01961591644988, 26.892575113910198],
          [100.01832987432823, 26.892725548295488],
          [100.01693533075996, 26.89258204082688],
          [100.0157285142115, 26.89241461521719],
          [100.01527260573874, 26.891744910294506],
          [100.01438760693668, 26.891099119644224],
          [100.01253715489548, 26.890907773558226],
          [100.0114824587368, 26.890399999332217],
          [100.01024882404266, 26.88977811951831],
          [100.00854939284665, 26.88907969649763],
          [100.00773457266973, 26.888352969287354],
          [100.00691975249049, 26.887222495449492],
          [100.00553154033457, 26.88571517940545],
          [100.00247901382909, 26.882937381805988],
          [100.0002458029686, 26.881403091046025],
          [99.99940080426637, 26.881026244515994],
          [99.99873687671374, 26.880299465515265],
          [99.9966243799546, 26.879195829209877],
          [99.99490420402248, 26.878522874953944],
          [99.99381777711756, 26.87865746612536],
          [99.99267099316427, 26.87900740242192],
          [99.99152420920876, 26.878630547903754],
          [99.98871760637167, 26.878495956700178],
          [99.9861491424154, 26.87829692790328],
          [99.98436860943485, 26.877112516316146],
          [99.98310111137806, 26.875874254570093],
          [99.98077022889038, 26.874674184281986],
          [99.97941219525978, 26.873220539932348],
          [99.97826541130661, 26.871578437723798],
          [99.9759718433977, 26.87055547675206],
          [99.97238059890674, 26.86945174532414],
          [99.97050953035023, 26.8684018444568],
          [99.96698196962399, 26.86826489492279],
          [99.96529197221707, 26.868237974226787],
          [99.96408483121098, 26.868884069158256],
          [99.96290786873237, 26.86893791023526],
          [99.96145929952581, 26.86877638692529],
          [99.95916573161702, 26.869584001167837],
          [99.95760547608313, 26.87030491988976],
          [99.9567001203302, 26.871354803089616],
          [99.95546280079873, 26.87248543563267],
          [99.9544065524214, 26.872889230229518],
          [99.95410476716819, 26.87310458675877],
          [99.95457962923882, 26.87429754739067],
          [99.95442873661216, 26.87532047450759],
          [99.95412695136122, 26.8772586268215],
          [99.95433820103852, 26.87846995514417],
          [99.95512284269012, 26.879923531997036],
          [99.95581694876802, 26.88086565515904],
          [99.95651914137972, 26.882822520999937],
          [99.95739431860733, 26.885029712011487],
          [99.95848074551219, 26.886025625550005],
          [99.96065359931976, 26.887317608411806],
          [99.96101574162134, 26.88804434228102],
          [99.96106927962637, 26.890674030847023],
          [99.96079767290075, 26.89350010790197],
          [99.96053914827206, 26.895145984796287],
          [99.9590302220148, 26.89735293508042],
          [99.9568503817942, 26.901112997060125],
          [99.95494908371796, 26.903820561254307],
          [99.95363916149535, 26.90554469175595],
          [99.9524621990168, 26.906459689679338],
          [99.95074202308462, 26.907724527541475],
          [99.94995738143058, 26.909123906111148],
          [99.94950470487396, 26.91154996366774],
          [99.94953488339934, 26.91391805237228],
          [99.94950470487396, 26.915936270575216],
          [99.94989702570092, 26.916985729777622],
          [99.94954351724402, 26.917817600490764],
          [99.95035833742332, 26.919351396617486],
          [99.95075065825029, 26.92005101599689],
          [99.95219922745684, 26.920427732327283],
          [99.95355726108738, 26.920885171895392],
          [99.95479458061658, 26.92190767716623],
          [99.95500583029161, 26.923279972307157],
          [99.95458437732071, 26.925823005159657],
          [99.95503705519832, 26.92714143936182],
          [99.95597228692986, 26.92915028196927],
          [99.95624389365776, 26.930764641459334],
          [99.95639478628209, 26.933024705924907],
          [99.95570068020413, 26.93428924604332],
          [99.95358238934148, 26.935562374485443],
          [99.95204328455901, 26.936100466287385],
          [99.95059471535478, 26.936853790496897],
          [99.94976671671333, 26.93828011784514],
          [99.94942001788974, 26.93936189366167],
          [99.94934572529917, 26.940178737916142],
          [99.94949430807549, 26.94136861681855],
          [99.94929619446162, 26.94216337012601],
          [99.9488999672322, 26.942803583994007],
          [99.94877614622425, 26.94331133723489],
          [99.9495976382882, 26.944754282337982],
          [99.95006815812161, 26.945482784536807],
          [99.95041485694719, 26.94625543323913],
          [99.9507299097425, 26.9485594392646],
          [99.95097755176027, 26.949994314896344],
          [99.95105184436608, 26.950789007385467],
          [99.9502954463403, 26.95193406893604],
          [99.94999827591863, 26.952684599069613],
          [99.9506669093659, 26.953876607241767],
          [99.95121172180524, 26.954825789916228],
          [99.95138507121902, 26.955576300788195],
          [99.95093931558557, 26.956922793056464],
          [99.95017162533054, 26.95747462950041],
          [99.94947822768131, 26.957783656728935],
          [99.94920582146159, 26.958247195981443],
          [99.94956367017772, 26.959823394387143],
          [99.95020753942305, 26.960706308666417],
          [99.9509257012761, 26.96123605391142],
          [99.95176768413705, 26.961456780362482],
          [99.95213914716459, 26.96211895711781],
          [99.95251923162937, 26.963871040444758],
          [99.95308880827065, 26.96552643954945],
          [99.95353456390404, 26.966652097042072],
          [99.95483218824887, 26.967744616831467],
          [99.95562464270586, 26.969289603609298],
          [99.95649138976881, 26.970878710749872],
          [99.9574253712147, 26.9728315608929],
          [99.95787112684616, 26.97371437318911],
          [99.95787112684616, 26.97439854795745],
          [99.95693008035715, 26.977147743512177],
          [99.95625425368871, 26.979000208159633],
          [99.95583326225733, 26.979971248088972],
          [99.95480440382352, 26.98137461239088],
          [99.95378907155077, 26.982036672010324],
          [99.95257562566229, 26.982809069977733],
          [99.95115720206746, 26.983764345663417],
          [99.94999328458289, 26.984139505292717],
          [99.94863125348456, 26.984889820799026],
          [99.94766544961561, 26.98524290871775],
          [99.94652629633305, 26.98555185973825],
          [99.94510127753631, 26.986264993343852],
          [99.94408594526357, 26.987412511003427],
          [99.94378877484189, 26.988692420740534],
          [99.94344207601637, 26.99098739483982],
          [99.94321918814353, 26.992342672115655],
          [99.94356588696905, 26.993313596905026],
          [99.94383829318872, 26.994152116114222],
          [99.94384526289821, 26.995265702929842],
          [99.94292898743146, 26.99634693145127],
          [99.94233464658817, 26.99773706713424],
          [99.9407363225775, 26.998943082994884],
          [99.93996863232053, 26.999649169505915],
          [99.93859706832308, 27.00211377906301],
          [99.9381017842876, 27.00317287730303],
          [99.93672725353986, 27.006292332498035],
          [99.93547058922184, 27.009260623835857],
          [99.93415547540036, 27.0107187031533],
          [99.9321854040802, 27.01214208420633],
          [99.93081184076084, 27.01318158424894],
          [99.93016889622595, 27.014118890424143],
          [99.92876610814909, 27.014483396270748],
          [99.92838618637813, 27.01518636849204],
          [99.92780238788663, 27.016632235960884],
          [99.92679059134878, 27.017245814115057],
          [99.92579694979469, 27.017792557226358],
          [99.92471563398522, 27.0188339653174],
          [99.92360509342626, 27.020005537882014],
          [99.92224809466052, 27.02277289370309],
          [99.92122522835467, 27.02404856073322],
          [99.91999778878852, 27.024959742600174],
          [99.91932561950182, 27.025792816695684],
          [99.9179243844718, 27.02851472421588],
          [99.91719376568159, 27.02986842363623],
          [99.91624331116924, 27.03189804927058],
          [99.91466517458394, 27.033459961635145],
          [99.9136423082781, 27.034162815111117],
          [99.9120933964445, 27.034761538676293],
          [99.90979713049029, 27.035917434919824],
          [99.9080495374863, 27.038439619499258],
          [99.90737736819966, 27.039845259705388],
          [99.90651636542418, 27.041345979273316],
          [99.9058441961376, 27.04181451583375],
          [99.90523047635446, 27.042725553545907],
          [99.90482132983169, 27.044235256904628],
          [99.90444611513766, 27.04583324915866],
          [99.90368627159575, 27.047316882238718],
          [99.90290136405662, 27.049161091001125],
          [99.9023168690253, 27.050514541475565],
          [99.9016154749869, 27.051477563602546],
          [99.9003003611653, 27.052388522872505],
          [99.89895052830002, 27.053479497029997],
          [99.89789843724236, 27.05506713578218],
          [99.89599713593373, 27.057288897370086],
          [99.89514961813632, 27.058251861346847],
          [99.8944189993461, 27.059396996936925],
          [99.89417133160885, 27.060622782670578],
          [99.89417133160885, 27.061403541700642],
          [99.89414210685698, 27.062314420366008],
          [99.89335303856552, 27.06356361336151],
          [99.89341148806898, 27.064682670271353],
          [99.8936452860811, 27.06629617452755],
          [99.89297334333861, 27.06794589247052],
          [99.89256419681578, 27.069559349768966],
          [99.89294411858685, 27.07036606971141],
          [99.89299648907695, 27.071120418209077],
          [99.89249966830096, 27.072499626349824],
          [99.89144757724341, 27.07439926261118],
          [99.89018766795812, 27.07610793658806],
          [99.88989542044243, 27.076862566170846],
          [99.88989542044243, 27.078241703658477],
          [99.89027534221339, 27.07930857195987],
          [99.88989542044243, 27.08027134682979],
          [99.88853031682413, 27.08152830035833],
          [99.8873613267616, 27.082334934157927],
          [99.88692295548702, 27.082881360206272],
          [99.8857831901741, 27.08290738042801],
          [99.88449730110432, 27.083115541982437],
          [99.88338676054536, 27.08405226419447],
          [99.8819839724685, 27.08485887982414],
          [99.8802545374594, 27.08602983841199],
          [99.87902709789324, 27.0868624591063],
          [99.87739051180426, 27.08740886307389],
          [99.87622152173952, 27.087747111814025],
          [99.87409113551467, 27.088596485708266],
          [99.87227920091499, 27.089090843664934],
          [99.87070106432964, 27.08922093750151],
          [99.86877223072509, 27.08896074967727],
          [99.86769091491556, 27.088700561248714],
          [99.86532418154343, 27.088867047214563],
          [99.86357069644731, 27.089335385254444],
          [99.86251860538977, 27.089517516186106],
          [99.86088757427211, 27.0910876833871],
          [99.86004005647703, 27.091790175786656],
          [99.8586163967583, 27.092946859233194],
          [99.85779810371264, 27.09385748156629],
          [99.8569213611658, 27.09479411395708],
          [99.8559127854569, 27.09633906373432],
          [99.85488991915099, 27.097145590889298],
          [99.85383782809345, 27.098368379042967],
          [99.85296108554644, 27.098810660831674],
          [99.8524879951363, 27.100182053900483],
          [99.8519327248568, 27.1017950470396],
          [99.8519327248568, 27.103694186592065],
          [99.85181582584966, 27.105333144142094],
          [99.85120210606664, 27.106842004481095],
          [99.84997760485595, 27.10881297374371],
          [99.84913244028405, 27.110791271583096],
          [99.8478803446215, 27.113466097559126],
          [99.84666994295054, 27.116401095203656],
          [99.84557435924563, 27.11902006498704],
          [99.84451007793257, 27.12091460065622],
          [99.84335188944533, 27.122530502784542],
          [99.84204587743562, 27.124418630583946],
          [99.84110680568955, 27.12650808931656],
          [99.83972950046001, 27.12820748696582],
          [99.83823913465312, 27.130254071278472],
          [99.8369244342083, 27.1324827095754],
          [99.83539802265614, 27.134281064380474],
          [99.83467806765009, 27.13520034994984],
          [99.833394669597, 27.135785345921704],
          [99.83264341219927, 27.136175341535264],
          [99.83217387632618, 27.137150324618517],
          [99.83161043327789, 27.138821704406183],
          [99.83110959501317, 27.140075222846107],
          [99.83064005913889, 27.141050171912866],
          [99.82949579184572, 27.14212051006632],
          [99.82824369618316, 27.143290426516984],
          [99.82655336703823, 27.144376766541328],
          [99.82583341203218, 27.145630222678122],
          [99.82551519754105, 27.146859751570474],
          [99.82432570666208, 27.148725961899416],
          [99.82366835643961, 27.149895809196224],
          [99.82165593765916, 27.152339747915093],
          [99.82049774917192, 27.153899491135874],
          [99.81930825829289, 27.154902171706652],
          [99.81800561133514, 27.155715353285245],
          [99.81700393480554, 27.155993872040767],
          [99.81578314153359, 27.156272390101776],
          [99.81434323152286, 27.15613313115807],
          [99.8119955521554, 27.156216686545747],
          [99.8105869445352, 27.15610527934831],
          [99.80902182495737, 27.15618883475679],
          [99.80802014842783, 27.156439500605188],
          [99.80694672469355, 27.15776408376594],
          [99.80616416490517, 27.15834896162221],
          [99.80481816206742, 27.15904524079062],
          [99.80369127597191, 27.159463006209037],
          [99.80264623943685, 27.16127086041456],
          [99.8011675806589, 27.162967278973866],
          [99.79965000980911, 27.165009871203665],
          [99.79824917517936, 27.166360038774286],
          [99.79805461481413, 27.167398618102595],
          [99.7978989664415, 27.168471806604117],
          [99.7970597198157, 27.16936910264816],
          [99.79632039042673, 27.170788453718316],
          [99.79637000691491, 27.171959847961986],
          [99.79602579442565, 27.173159223503262],
          [99.79611184754856, 27.174486177169484],
          [99.79614053192279, 27.175481382065612],
          [99.79564192869162, 27.176342173947646],
          [99.79506824121012, 27.177311844753845],
          [99.79481008184143, 27.17843461095069],
          [99.79452323810074, 27.179429780635743],
          [99.7942077099857, 27.180527008719537],
          [99.79415034123713, 27.181496643160955],
          [99.7941550707418, 27.183722901987593],
          [99.79412638636745, 27.184666992797176],
          [99.7941550707418, 27.1854069502796],
          [99.7936387521662, 27.186555150660823],
          [99.79225303935652, 27.188198535092184],
          [99.79150724562919, 27.18893846914763],
          [99.79053197690985, 27.189448765637394],
          [99.78901170504957, 27.189933545113874],
          [99.78760617072015, 27.19039280796204],
          [99.78648748012932, 27.190724496620845],
          [99.78394477817653, 27.191237491509483],
          [99.78242450635003, 27.191849834394148],
          [99.78124844701051, 27.192334603460253],
          [99.77967258116206, 27.192691122363584],
          [99.77889810306061, 27.193073832071633],
          [99.7779228343411, 27.193737192454535],
          [99.77697624999604, 27.193992330013515],
          [99.77637387814025, 27.193966816283805],
          [99.77512741079471, 27.1945550703324],
          [99.77438161706743, 27.194861233085874],
          [99.77349240147089, 27.19524393534732],
          [99.77360713896593, 27.196213441862582],
          [99.77375056093712, 27.197029861918182],
          [99.77351208292976, 27.197798230354678],
          [99.77214719533606, 27.199238737002887],
          [99.77114324224237, 27.200488843776938],
          [99.76957649226944, 27.202013195477107],
          [99.76822832668643, 27.20392657090116],
          [99.76719568922067, 27.205074580390672],
          [99.7652029095658, 27.207487673546325],
          [99.764285009589, 27.208406052739363],
          [99.76316631899817, 27.20889074981895],
          [99.76239184089667, 27.20919687320395],
          [99.7610723596901, 27.20945197538218],
          [99.7593226128692, 27.209502995747144],
          [99.75654470710555, 27.20958846382821],
          [99.75453680091817, 27.20958846382821],
          [99.7529304759687, 27.209613973982897],
          [99.75189783850078, 27.20984356511005],
          [99.75054967291777, 27.2104558058045],
          [99.74833252805274, 27.21138407561274],
          [99.7469556780955, 27.212353441757188],
          [99.74589435625535, 27.21306770615179],
          [99.7448043500388, 27.213858493533053],
          [99.74417329380879, 27.214470712167895],
          [99.7433436210116, 27.214875165824097],
          [99.74254045853581, 27.215104746111905],
          [99.74182334918282, 27.215614922833865],
          [99.74122097732709, 27.216048571211033],
          [99.74061860547124, 27.21686484592992],
          [99.7395285992547, 27.218344328614407],
          [99.73849079874287, 27.220177188935793],
          [99.73788842688708, 27.22137604593783],
          [99.73737210815415, 27.223238074844474],
          [99.73665499880127, 27.224334871822904],
          [99.73572127410256, 27.22604890915487],
          [99.73531969286466, 27.22676308573749],
          [99.73425837102235, 27.22857401296872],
          [99.73252330545819, 27.231192179618176],
          [99.73149066799022, 27.232390918043592],
          [99.73094566488305, 27.233589643561885],
          [99.72971223679718, 27.234329276272277],
          [99.72841813776097, 27.235339868009945],
          [99.72750023779014, 27.236079489091523],
          [99.72609470346077, 27.236360033733362],
          [99.72365653166122, 27.236895616995085],
          [99.7223370504525, 27.237099648036434],
          [99.72107493799228, 27.237482205229952],
          [99.71981401823473, 27.23929836676649],
          [99.71829374640816, 27.240879563416556],
          [99.71717613383584, 27.242420108826764],
          [99.71631062800043, 27.24340602882569],
          [99.71513408100333, 27.244476102841176],
          [99.71380807404097, 27.2456095264332],
          [99.7130101858495, 27.246715648275455],
          [99.71250981528902, 27.247292750958493],
          [99.711250494392, 27.24785482215303],
          [99.71010099445454, 27.248516078622842],
          [99.70907320627396, 27.249345649363306],
          [99.70834704697086, 27.249875175659596],
          [99.70722459409092, 27.25035608111179],
          [99.70639965883993, 27.250524397529276],
          [99.70557472359087, 27.251077435393015],
          [99.7040478042511, 27.251873461493076],
          [99.7034392454604, 27.25234233591152],
          [99.70258726315393, 27.252570761195145],
          [99.70147833380071, 27.252594805933796],
          [99.69992734877314, 27.25376630936921],
          [99.69903479588027, 27.254595840956938],
          [99.69847133171186, 27.255362578898797],
          [99.69787629645003, 27.25650466961055],
          [99.69726773765933, 27.25758663946594],
          [99.69697022002634, 27.258764772447805],
          [99.69631795503398, 27.261155758394636],
          [99.69448903174163, 27.2643712229586],
          [99.6925072799616, 27.26703578789015],
          [99.69170939177013, 27.268057551804944],
          [99.69108730945067, 27.26871868815715],
          [99.68916414954703, 27.270090094430017],
          [99.6872655852822, 27.271190665890344],
          [99.68538175027408, 27.272481941293933],
          [99.6835657322822, 27.2733623803868],
          [99.68245308051559, 27.274223004511185],
          [99.68133242375313, 27.27523371399515],
          [99.67930535343288, 27.276859618660055],
          [99.67789880514113, 27.27776290113985],
          [99.67610245827228, 27.278436687019735],
          [99.6735502161767, 27.280335781872708],
          [99.6721658754696, 27.281829788711462],
          [99.67083919455717, 27.282851439067414],
          [99.66937245261823, 27.283686308812833],
          [99.66872763002573, 27.28385935100846],
          [99.66798601893294, 27.28494320594561],
          [99.6671620066083, 27.285719473928197],
          [99.66612375107763, 27.286378565126356],
          [99.66514545386258, 27.28765872179288],
          [99.66451920449487, 27.28811275488819],
          [99.66297006132396, 27.2887571857717],
          [99.66184940456151, 27.2888743546212],
          [99.66068434948932, 27.28914775495923],
          [99.65928352853683, 27.289704303937526],
          [99.65859997715694, 27.289869217378566],
          [99.65747752360699, 27.289741873997414],
          [99.6554714364076, 27.28972065008702],
          [99.65427733688574, 27.28997533675198],
          [99.65335817176845, 27.29054007744007],
          [99.65271335802538, 27.291495142374515],
          [99.65108938267412, 27.293468917210376],
          [99.64997428187769, 27.294971664364226],
          [99.64918617613023, 27.29643603536114],
          [99.64818313252971, 27.298897833096447],
          [99.646857826369, 27.30183326819666],
          [99.64645183253032, 27.30359464683731],
          [99.6449089922994, 27.307053281303638],
          [99.64388206671003, 27.30998168542348],
          [99.6430223150532, 27.31208244946825],
          [99.64261632121446, 27.312910012261867],
          [99.64054266993259, 27.31319566336795],
          [99.64015976473252, 27.31331216573311],
          [99.64015976473252, 27.314050289773107],
          [99.64015976476742, 27.314986118689035],
          [99.63993724359199, 27.31638325687895],
          [99.63938835797524, 27.317371787388794],
          [99.6379425854318, 27.31965004339854],
          [99.63746787353983, 27.320823064068435],
          [99.63630623333273, 27.32193916192483],
          [99.63612821637463, 27.323072619379303],
          [99.63584635620072, 27.323744780540466],
          [99.63455573322352, 27.323665702976726],
          [99.63394750861119, 27.323995192486734],
          [99.63422936879846, 27.324904578456895],
          [99.63473375025058, 27.325392217079397],
          [99.63563136299251, 27.32571383310531],
          [99.63610607488454, 27.32595106126972],
          [99.63685727813771, 27.32812775914782],
          [99.63734682477656, 27.329590626230612],
          [99.63771262791101, 27.33173160879896],
          [99.63756428044405, 27.33304946509314],
          [99.63789064486912, 27.333695208957465],
          [99.6379648186026, 27.33455180215796],
          [99.63793514910924, 27.335434745143218],
          [99.63843953042539, 27.33585644698391],
          [99.63883101691886, 27.337430636329216],
          [99.63983977968752, 27.338643002359348],
          [99.64087821194732, 27.339565445890017],
          [99.6414419323196, 27.339934421152762],
          [99.64139742807953, 27.340896386595077],
          [99.64095778950013, 27.34150198693534],
          [99.64134349291959, 27.342569357648657],
          [99.6415066751332, 27.343307286940558],
          [99.64153634462662, 27.344018856960417],
          [99.64181820481161, 27.34441417166434],
          [99.6420593192725, 27.34488377764565],
          [99.64210382351263, 27.346241008306464],
          [99.64223733623066, 27.34676808369207],
          [99.64271204812275, 27.34725562619184],
          [99.6428752303342, 27.34783540366861],
          [99.64317365813315, 27.349321086382233],
          [99.64376704800304, 27.34982179415907],
          [99.6439641069988, 27.350354556327133],
          [99.64390476801196, 27.351145139108638],
          [99.64432014091147, 27.35258135008651],
          [99.64528439944007, 27.353819902372123],
          [99.64598808179551, 27.354842863592623],
          [99.64661114115233, 27.356015511840496],
          [99.64690783608398, 27.35654254071609],
          [99.64699684456417, 27.357135445203582],
          [99.64693412240126, 27.360224303037924],
          [99.64721769937256, 27.363582312565725],
          [99.6469813852301, 27.365282266056553],
          [99.64698138527314, 27.36597483223825],
          [99.64587070880248, 27.367401924601836],
          [99.6447377559241, 27.368516882959696],
          [99.6436270794535, 27.36956619327161],
          [99.64220919459717, 27.37109816846234],
          [99.64064952125614, 27.373259686428625],
          [99.64002547929573, 27.37393311966504],
          [99.63976553373993, 27.375276169350116],
          [99.63993095364111, 27.375967197561025],
          [99.63889117141372, 27.37695348313258],
          [99.63900932848406, 27.377708929964015],
          [99.63834764888566, 27.378506340469045],
          [99.6367204156968, 27.380406416851002],
          [99.63534979367114, 27.381371678983086],
          [99.63445179992846, 27.382022176973166],
          [99.63331749204337, 27.38216906308699],
          [99.63275033810089, 27.38302939212157],
          [99.63130882183191, 27.383365128466068],
          [99.6293237830331, 27.384015614733514],
          [99.62817072280762, 27.384865872101628],
          [99.62663468088101, 27.3860409253394],
          [99.62547674158338, 27.38669139587114],
          [99.62344443995568, 27.386943189888555],
          [99.62228650065799, 27.38690122425855],
          [99.62112856135849, 27.386607464404108],
          [99.62038838479396, 27.38635025841421],
          [99.61972670519367, 27.385972565148265],
          [99.61849787165278, 27.38628730962651],
          [99.6178834544001, 27.386811881825366],
          [99.6165180190622, 27.387200490485625],
          [99.61673073637809, 27.387733818593162],
          [99.61662358714375, 27.388304652875348],
          [99.61619499020884, 27.389065760667563],
          [99.61565924404101, 27.39011227532906],
          [99.61524850529412, 27.390809946271858],
          [99.61481990835927, 27.39144418876039],
          [99.6144001734283, 27.392062005370263],
          [99.61420373316662, 27.392807231481868],
          [99.61377513617992, 27.393362183847145],
          [99.61298937513311, 27.393504885430076],
          [99.61247148717098, 27.393932989074997],
          [99.61180690201587, 27.394687452224815],
          [99.61153902893125, 27.395971744448516],
          [99.61175332739873, 27.397351152810884],
          [99.61228907356661, 27.39814390844984],
          [99.61264623767988, 27.398508574133842],
          [99.6115926035485, 27.399554999419735],
          [99.61054053162059, 27.400773220019815],
          [99.60996906904126, 27.401423259938596],
          [99.60904044234996, 27.401756205733236],
          [99.60818324848032, 27.40239038542512],
          [99.6074867784622, 27.402596493041628],
          [99.6070581815274, 27.40346848254991],
          [99.60658897635312, 27.404614504218955],
          [99.6067139837919, 27.40551818580596],
          [99.6064282525125, 27.40613649000143],
          [99.6055532004371, 27.406310882867217],
          [99.60517817791697, 27.4076901623352],
          [99.60521246189717, 27.409296459581768],
          [99.60481429352802, 27.410645792966633],
          [99.60426068899034, 27.411295774959513],
          [99.60322144016959, 27.412582304332048],
          [99.60232852988986, 27.41423100242126],
          [99.6013999031972, 27.41564188797851],
          [99.60050532151064, 27.416525113970366],
          [99.59995171713706, 27.418126196656644],
          [99.59973741866963, 27.418998063606395],
          [99.59905648180325, 27.41993739210973],
          [99.59877075051423, 27.4207141338982],
          [99.598610026664, 27.421649387168983],
          [99.59859216845825, 27.42220419468866],
          [99.59789090605523, 27.422889073450634],
          [99.59731944347595, 27.423998673245237],
          [99.59635727615, 27.425015447600515],
          [99.59548222407597, 27.425982366569016],
          [99.59436608752344, 27.427336877660352],
          [99.59333031159775, 27.428145268905183],
          [99.5930088638973, 27.429175562893676],
          [99.5925981251682, 27.431236122024046],
          [99.59256798172078, 27.431681257047728],
          [99.59280044932939, 27.432056400289483],
          [99.59306461706666, 27.432712897894206],
          [99.59333935151352, 27.433491311422415],
          [99.59356125238781, 27.434541692078938],
          [99.59376813648305, 27.435734410884237],
          [99.59420137157167, 27.4366065849283],
          [99.59494453229314, 27.43801288419074],
          [99.59536720067211, 27.43893193014192],
          [99.59647002278467, 27.4412079499278],
          [99.59762670483053, 27.443698387013782],
          [99.59813672441192, 27.444684283012165],
          [99.59880242710915, 27.44524693109466],
          [99.5989186609142, 27.445734557112473],
          [99.59878129357378, 27.4463722188071],
          [99.5983332753575, 27.447470246434605],
          [99.59795287381507, 27.447873467668742],
          [99.59804797420117, 27.448267310241903],
          [99.59865027668928, 27.44867990567576],
          [99.59919842753908, 27.44902053170678],
          [99.59980892788133, 27.450109420609067],
          [99.60029499651768, 27.451150266115036],
          [99.6009289990862, 27.452284870296694],
          [99.60114033327568, 27.452809972413277],
          [99.60085503456065, 27.453717972865377],
          [99.60082333443358, 27.45420556143452],
          [99.6001259316061, 27.454674394564634],
          [99.59950118244615, 27.455234984681624],
          [99.59871828907137, 27.455886816112795],
          [99.59809970665276, 27.45616127029919],
          [99.59699785671899, 27.456452877123922],
          [99.5957413611809, 27.456761636450835],
          [99.59325297903183, 27.456957337771954],
          [99.59247975100885, 27.456579965813802],
          [99.59208372360888, 27.456293548861012],
          [99.59149413724123, 27.45621635878213],
          [99.59106886182832, 27.455916174631156],
          [99.59049860616005, 27.455976211526576],
          [99.58998006410616, 27.456003081792076],
          [99.58937114703787, 27.455685743621785],
          [99.58882988742062, 27.455402711510445],
          [99.58838528130696, 27.45541986499255],
          [99.58785368704156, 27.45548847889357],
          [99.58705146296603, 27.455445595210662],
          [99.58626849786822, 27.455411831539777],
          [99.58571757290065, 27.455583366225127],
          [99.58532129353875, 27.455712017064357],
          [99.58466404963963, 27.455660556746395],
          [99.58344677918785, 27.456129681592643],
          [99.58276053931667, 27.456318368504355],
          [99.58210329549661, 27.45676435446488],
          [99.58144629313415, 27.457441758189134],
          [99.58130131288027, 27.45813645922857],
          [99.58068273046013, 27.45886546178518],
          [99.57929640534906, 27.460107253409276],
          [99.57870681898146, 27.461359397153984],
          [99.57845551987356, 27.46253434102161],
          [99.57774926029583, 27.465117479637158],
          [99.57710933419833, 27.467562439183737],
          [99.57697479966055, 27.468186792110686],
          [99.57647220144742, 27.469033028157128],
          [99.57566031202305, 27.469676202376718],
          [99.57408905297535, 27.47053142795957],
          [99.57194066300218, 27.472015765783297],
          [99.57137040733386, 27.472538866941434],
          [99.57086806210481, 27.472744497797862],
          [99.56981453892132, 27.473824991951872],
          [99.56807369004628, 27.475138372130175],
          [99.56752276507865, 27.47521554895853],
          [99.56669154495353, 27.47491541654405],
          [99.56636292304427, 27.47472676146512],
          [99.56592798228098, 27.47469246050676],
          [99.5655123722184, 27.474889690870327],
          [99.56518375030765, 27.474821089044966],
          [99.56487445909909, 27.4746238585586],
          [99.56496144725077, 27.474297998720516],
          [99.56506776610473, 27.473860659002725],
          [99.56477780559544, 27.473714878710638],
          [99.56429453808033, 27.473963562622004],
          [99.5640529043228, 27.474375176137485],
          [99.56413989247608, 27.474795363349187],
          [99.56448784508609, 27.475112646508478],
          [99.56515475425653, 27.475824386487318],
          [99.56540605336443, 27.47638177000833],
          [99.56485037191095, 27.478217499940925],
          [99.56451064550379, 27.479181977701103],
          [99.56400105586852, 27.480221795821294],
          [99.5630252212431, 27.481572227289107],
          [99.56248165899137, 27.48295861919256],
          [99.5618361788168, 27.48436006283731],
          [99.56128811025297, 27.485737310966357],
          [99.56119287969568, 27.48583463647968]
        ],
        "type": "LineString"
      }
    },
    {
      "type": "Feature",
      "properties": {
        "name": "丽江-虎跳峡"
      },
      "geometry": {
        "coordinates": [
          [100.16026533742797, 26.867930562213203],
          [100.15729706161153, 26.86364925253018],
          [100.15508011222772, 26.859769400476125],
          [100.15215310019448, 26.856715637001514],
          [100.15054808677723, 26.854472493266996],
          [100.14950855578388, 26.852230555452252],
          [100.14881145792305, 26.850397773278004],
          [100.14812335725537, 26.846323139443015],
          [100.14743389120463, 26.843777774154034],
          [100.14663325473958, 26.840009376502508],
          [100.14491221449009, 26.83614428642808],
          [100.14342656930916, 26.833905414095454],
          [100.14102734019929, 26.831158594883277],
          [100.13771914892624, 26.828509932277214],
          [100.13418495745924, 26.826977023437934],
          [100.13076544399718, 26.82564324775275],
          [100.12517654098531, 26.82419607365763],
          [100.1169505312327, 26.821877942850165],
          [100.10954436881451, 26.819908729590807],
          [100.10567425097815, 26.819005835664967],
          [100.10249223877554, 26.819836753456002],
          [100.099762539876, 26.822483070986806],
          [100.09681343852299, 26.824632103642955],
          [100.0931157840576, 26.828959055012717],
          [100.09105463777809, 26.833602413883625],
          [100.08839395840897, 26.83529646303292],
          [100.08566319319146, 26.83856171774984],
          [100.08316399035414, 26.8419037858918],
          [100.0811191795392, 26.84281733161336],
          [100.07816844371547, 26.842520511124988],
          [100.07680197873378, 26.844742831324737],
          [100.07112757715981, 26.845660255888475],
          [100.06863080100283, 26.845903987407212],
          [100.06574790052628, 26.84552114343191],
          [100.06366243831252, 26.84645092825849],
          [100.06219051620809, 26.847710265718817],
          [100.05961469529467, 26.848476546167532],
          [100.05722227822173, 26.848914034238177],
          [100.05610486722941, 26.851386768870213],
          [100.05457160582802, 26.852865022078433],
          [100.05260903739014, 26.853303020268896],
          [100.05095297915545, 26.85346717157006],
          [100.04935868748157, 26.853795699677065],
          [100.04770301131225, 26.85428826307445],
          [100.04666401387738, 26.854672228475465],
          [100.04612797287103, 26.855936119824946],
          [100.04469412518387, 26.85670293203424],
          [100.04400492954466, 26.857420264589436],
          [100.04450268202032, 26.859196497094374],
          [100.04511530036575, 26.861963265193637],
          [100.0446558366063, 26.86244146516772],
          [100.04335402262171, 26.861314276282158],
          [100.04232022916364, 26.859743024551477],
          [100.04086526059302, 26.857864325358307],
          [100.04021435360067, 26.858445017530798],
          [100.04082697194616, 26.861006859182254],
          [100.03944858066785, 26.863329545469043],
          [100.03734270510483, 26.86384189631795],
          [100.03573458194677, 26.8628171923001],
          [100.03600260247333, 26.86124596144343],
          [100.03493052036845, 26.86011876064636],
          [100.0338201496167, 26.858376700959525],
          [100.03293951074465, 26.858342542658093],
          [100.03313095397897, 26.861655849857996],
          [100.03364331592985, 26.86303985679679],
          [100.03359935276944, 26.863510484540114],
          [100.0328080158896, 26.86366736001996],
          [100.03192875268729, 26.86286337088754],
          [100.03133525002738, 26.86174562040422],
          [100.0308076921063, 26.8621574244993],
          [100.0315990289862, 26.864098766466682],
          [100.03353340803062, 26.864608608327714],
          [100.03469843177186, 26.86468704533368],
          [100.03461050545116, 26.866530299302923],
          [100.03505013705148, 26.867746046118356],
          [100.03480833967109, 26.8680401764488],
          [100.03392907647054, 26.866922477122586],
          [100.0337752054109, 26.866412645691724],
          [100.03408294753012, 26.865549848803525],
          [100.03254423692908, 26.865412585055253],
          [100.0313132684472, 26.864941965225228],
          [100.03023617102491, 26.864530171268072],
          [100.02935690782431, 26.865177275384994],
          [100.02819188408131, 26.86515766622361],
          [100.02680704453985, 26.863098685371483],
          [100.02612561555918, 26.862608446311484],
          [100.02652128399916, 26.861784839906647],
          [100.02762036300157, 26.86115732624056],
          [100.02759838142146, 26.860686688706338],
          [100.02599372607813, 26.859765017863666],
          [100.024674830898, 26.858470743422046],
          [100.02419123613737, 26.858725677322226],
          [100.02559805725906, 26.860588638389586],
          [100.02366367821628, 26.862020156050818],
          [100.02390547559662, 26.86284376074161],
          [100.02454294141688, 26.863451655596194],
          [100.02445501509783, 26.864608607744287],
          [100.02412529128804, 26.865530239103833],
          [100.02502653606882, 26.86666756109115],
          [100.02571767757416, 26.868081358891686],
          [100.02598145653474, 26.869042178957386],
          [100.02546387912355, 26.869208787554],
          [100.02510454400743, 26.868207090952424],
          [100.02425112310374, 26.868086886763933],
          [100.02550879601347, 26.870871584323964],
          [100.02757497293692, 26.873015153719606],
          [100.03184207745187, 26.874838157396496],
          [100.03464981094169, 26.876501778007253],
          [100.0357727331816, 26.87746333637307],
          [100.03743465809742, 26.87926623626234],
          [100.04040102634485, 26.88131734776482],
          [100.04287145527434, 26.88348075041837],
          [100.04381470995622, 26.88470265398817],
          [100.0456247691813, 26.88752745346379],
          [100.04699289811253, 26.891331631896875],
          [100.04904509150782, 26.89797069305392],
          [100.05317305903372, 26.904951418574854],
          [100.05603003415416, 26.90692499625935],
          [100.05758495523418, 26.909126345095785],
          [100.05814830226575, 26.911745716521196],
          [100.05673528743796, 26.916398501871257],
          [100.05689624378238, 26.91991467784426],
          [100.05900022751507, 26.923010970966374],
          [100.06077074730803, 26.92616817346358],
          [100.06216637063324, 26.930510914028957],
          [100.0648239880909, 26.93406179272955],
          [100.06558853072949, 26.936680585367],
          [100.0656690089009, 26.94012438447065],
          [100.06570132410036, 26.944670743010946],
          [100.06457462968649, 26.948114298033474],
          [100.06360105165209, 26.950516758151096],
          [100.06416439885834, 26.953888398613856],
          [100.0654118105316, 26.95604045679714],
          [100.06686520708269, 26.9586773430608],
          [100.06766998880624, 26.96161835392148],
          [100.06790058147027, 26.965847487820497],
          [100.06834321141844, 26.968788311453523],
          [100.0687006536761, 26.97203789463964],
          [100.0678153937796, 26.975050279094788],
          [100.0676141983472, 26.97802672265513],
          [100.06940893383523, 26.981315530988468],
          [100.07033443281813, 26.983789791608913],
          [100.07105872212765, 26.98727472871893],
          [100.07307067643796, 26.989999853917865],
          [100.07477331074159, 26.992379988956245],
          [100.07501474525895, 26.995857939791193],
          [100.07638287419013, 26.998654564514254],
          [100.07848912546388, 27.001144779799873],
          [100.08102418789537, 27.00465831138999],
          [100.08186920870537, 27.0083868370681],
          [100.08363972849838, 27.01261712990288],
          [100.08410609860073, 27.01681114208813],
          [100.08386466408336, 27.02057511135135],
          [100.08286871837629, 27.025404869894373],
          [100.08137987218566, 27.028164915207654],
          [100.08061532954855, 27.03096073611374],
          [100.08081652497941, 27.033756487415673],
          [100.08356539473476, 27.04104755219062],
          [100.08712570658565, 27.04725224065382],
          [100.08787978376608, 27.05071319151574],
          [100.08701662867975, 27.053349039461025],
          [100.08311057515442, 27.059284045000283],
          [100.08230716020898, 27.06149280362463],
          [100.0826629361008, 27.06546306914042],
          [100.08095291678075, 27.073596143207055],
          [100.07865411820387, 27.0830735321111],
          [100.07776694654257, 27.087831318396013],
          [100.07712240035272, 27.09037342672039],
          [100.07791888846549, 27.094534432293386],
          [100.07713612029414, 27.098312520204914],
          [100.07505036664207, 27.102148448713635],
          [100.0740447878577, 27.11000218447724],
          [100.07484528599474, 27.114712032195783],
          [100.07522945788338, 27.119030654223792],
          [100.07349813912606, 27.124786731873016],
          [100.07185390386928, 27.131811519697038],
          [100.07161031670199, 27.136197392050093],
          [100.07122449504459, 27.144580075938137],
          [100.07298190437012, 27.15026074134539],
          [100.07826419202758, 27.155650206831183],
          [100.08179998614219, 27.157172422278833],
          [100.08537521656615, 27.158946190024977],
          [100.08698802073866, 27.160309444275725],
          [100.0878885536635, 27.16315441045768],
          [100.08811081417542, 27.166448753173967],
          [100.08356622618709, 27.174690935811228],
          [100.08287441736036, 27.176039060397358]
        ],
        "type": "LineString"
      }
    }
  ]
}
